Month,WeekOfMonth,DayOfWeek,Make,AccidentArea,DayOfWeekClaimed,MonthClaimed,WeekOfMonthClaimed,Sex,MaritalStatus,Age,Fault,PolicyType,VehicleCategory,VehiclePrice,RepNumber,Deductible,DriverRating,AgeOfPolicyHolder,AgentType,Year,BasePolicy,Days_Policy_Accident_encoded,Days_Policy_Claim_encoded,PastNumberOfClaims_encoded,AgeOfVehicle_encoded,NumberOfSuppliments_encoded,AddressChange_Claim_encoded,NumberOfCars_encoded,PoliceReportFiled_encoded,WitnessPresent_encoded,actual_fraud,predicted_fraud,fraud_risk_score
2,5,4,5,1,1,4,1,1,1,32,1,1,0,2,7,400,4,4,0,1995,1,4,3,2,7,0,0,1,0,0,0,0,0.11008357530744049
5,4,3,13,1,5,5,4,1,2,21,1,0,0,0,16,400,3,3,0,1994,0,4,3,2,5,0,0,1,0,0,0,0,0.12247908064828243
2,1,1,2,1,1,2,3,1,2,35,0,2,1,0,9,400,2,4,0,1994,2,4,3,1,7,0,0,1,0,0,0,0,0.047779527546732446
0,2,5,13,1,1,0,3,1,1,52,1,0,0,1,10,400,2,6,0,1995,0,4,3,0,8,3,0,1,0,0,0,0,0.057291168953529086
2,1,5,6,1,6,2,2,1,1,50,0,1,0,0,1,700,4,6,0,1994,1,4,3,1,7,0,0,1,0,0,0,0,0.39787995539449705
3,4,3,17,1,6,7,1,1,2,35,1,0,0,0,16,400,2,4,0,1995,0,4,3,1,6,2,0,1,0,0,0,0,0.10956017179872245
8,2,4,17,1,4,6,4,1,1,28,0,1,0,5,12,400,2,4,0,1994,1,4,3,2,7,1,0,1,0,0,0,1,0.5776467341556967
4,3,2,9,1,6,3,1,1,1,35,0,0,0,0,9,400,1,4,0,1995,0,4,3,1,7,2,0,1,0,0,1,1,0.6674569018809485
8,2,5,0,1,5,8,3,1,2,32,0,0,0,1,7,400,3,4,0,1995,0,4,3,1,6,0,0,1,0,0,0,1,0.6360570281180402
6,4,0,9,1,1,6,4,0,1,39,1,1,0,1,3,400,2,5,0,1996,1,4,3,0,7,3,0,1,0,0,0,0,0.08369327342724694
5,3,1,9,1,4,1,3,0,1,39,0,2,1,0,5,400,1,5,0,1995,2,4,3,2,7,0,0,1,0,0,0,0,0.05256963679408364
11,2,4,17,1,5,10,4,1,2,31,0,1,0,1,13,400,2,4,0,1994,1,4,3,0,7,0,4,2,0,0,0,0,0.38952089316416716
1,5,6,13,1,0,11,1,1,2,27,0,1,0,0,3,400,4,4,0,1994,1,4,3,1,6,0,0,1,0,0,0,0,0.4741280061746353
10,3,2,9,0,0,10,3,1,1,39,0,1,0,0,10,400,2,5,0,1994,1,4,3,0,7,2,0,3,0,0,0,0,0.41918471405512586
10,2,2,13,1,4,10,3,1,1,69,0,0,0,0,14,400,4,8,0,1994,0,4,3,1,8,3,0,1,0,0,0,0,0.41259486410181134
0,2,1,6,1,5,0,2,1,2,16,0,2,1,5,1,400,1,0,0,1994,2,4,3,0,0,0,0,1,0,0,0,0,0.11610418646155585
7,1,3,18,1,1,7,3,0,2,40,0,0,0,0,9,400,1,5,0,1995,0,4,3,0,7,0,2,1,0,0,1,0,0.45868959355272065
5,1,6,13,1,6,5,2,1,1,65,0,0,0,0,7,400,3,7,0,1994,0,4,3,1,8,1,0,1,0,0,0,1,0.5861475029540042
2,2,6,9,1,1,3,2,0,2,30,0,1,0,0,13,400,2,4,0,1994,1,4,3,2,4,0,0,1,0,0,0,0,0.43312649684553406
7,3,6,2,0,1,7,3,1,1,43,0,0,0,5,7,400,1,5,0,1994,0,4,3,2,8,0,2,1,0,0,0,1,0.6690086952013139
9,3,3,9,1,5,9,4,0,2,27,1,2,1,0,3,400,2,4,0,1994,2,4,3,2,6,1,0,1,0,0,0,0,0.02667000631073308
5,5,2,6,1,6,1,2,1,1,29,0,0,0,5,7,400,3,4,0,1996,0,4,3,2,6,3,0,1,0,0,0,1,0.599634828764245
2,2,1,5,0,5,2,2,1,1,48,0,1,0,1,1,400,4,6,0,1995,1,4,3,0,8,1,0,1,0,0,0,0,0.4739556832557596
4,2,4,13,1,0,4,3,1,1,32,0,2,1,0,9,400,4,4,0,1994,2,4,3,3,6,0,0,1,0,0,0,0,0.028687762749556575
10,5,3,3,0,6,9,1,0,1,70,1,2,1,1,2,400,2,8,0,1995,2,4,3,1,7,3,4,2,0,0,0,0,0.027533200665004035
5,2,3,17,1,5,5,3,1,2,41,0,0,0,0,3,400,3,5,0,1994,0,4,3,2,7,0,0,1,0,0,0,1,0.7497940404335162
1,1,0,9,1,0,1,2,1,1,54,1,2,1,0,16,400,4,6,0,1994,2,4,3,2,7,0,0,1,0,0,0,0,0.00969333061724848
10,1,6,2,1,6,10,1,1,1,55,0,1,0,1,11,400,4,6,0,1994,1,4,3,0,7,0,0,1,0,0,0,0,0.3983212837925625
2,2,6,13,1,0,2,3,0,2,27,1,1,0,0,5,400,4,4,0,1994,1,4,3,0,6,1,0,1,1,0,0,0,0.04252896945666006
0,4,1,2,1,5,0,4,1,1,51,0,2,1,1,6,400,4,6,0,1994,2,4,3,0,8,3,0,1,0,0,0,0,0.07880291159991046
11,3,0,13,1,6,11,4,1,1,33,1,2,1,0,5,400,1,4,0,1995,2,4,3,3,7,0,0,1,0,0,0,0,0.045451999206020346
6,5,4,6,0,0,5,1,1,1,33,0,2,1,5,15,400,4,4,0,1994,2,4,3,2,0,0,0,1,0,0,0,0,0.02903923407970307
10,2,6,17,1,4,10,4,1,1,34,0,0,0,0,13,400,2,4,0,1996,0,4,3,1,7,3,0,1,0,0,0,0,0.4950475211328287
5,5,3,9,1,1,5,5,1,2,33,0,2,1,1,12,400,1,4,0,1995,2,4,3,0,6,3,0,1,0,0,0,0,0.021143978438170202
6,3,5,17,1,5,6,3,1,2,28,0,1,0,0,3,400,2,4,0,1995,1,4,3,1,3,0,0,1,0,0,0,1,0.5355930558156959
5,2,5,9,1,5,5,2,1,1,58,0,1,0,0,7,400,1,7,0,1995,1,4,3,0,8,1,0,1,0,0,0,1,0.5198093702576672
8,4,4,13,1,4,8,4,1,1,42,0,1,0,0,14,400,1,5,0,1994,1,4,3,0,7,0,0,1,0,0,0,1,0.5931526704229586
3,3,1,2,1,1,3,3,0,2,37,0,2,1,0,5,400,4,5,0,1996,2,4,3,0,7,0,0,1,0,0,0,0,0.023409666310354144
0,4,5,9,1,5,8,1,0,1,52,1,1,0,0,16,400,4,6,0,1994,1,4,3,1,7,0,0,1,0,0,0,0,0.0915425271582056
4,3,2,13,1,1,4,4,1,1,62,0,2,1,0,6,500,1,7,0,1996,2,4,3,2,7,0,3,1,0,0,0,0,0.032599783521544315
9,5,1,2,1,1,2,2,1,1,39,0,0,0,0,16,400,1,5,0,1995,0,4,3,1,7,3,0,1,1,0,0,0,0.4338651110376944
9,3,4,13,1,0,9,4,1,1,63,0,0,0,0,11,400,2,7,0,1994,0,4,3,0,8,3,0,1,0,0,0,0,0.45053892556379865
3,2,6,17,1,5,3,3,0,1,27,1,0,0,4,3,400,1,4,0,1995,0,4,3,0,6,0,0,1,0,0,0,0,0.0787393479867901
7,1,0,13,1,0,7,1,1,1,42,0,0,0,0,16,500,3,5,0,1994,0,4,3,1,7,0,3,1,0,0,0,1,0.5988559380901498
1,4,3,6,1,6,1,5,1,1,38,0,1,0,0,16,400,1,5,0,1994,1,4,3,0,7,0,0,1,0,0,0,1,0.5800515740968999
5,3,6,2,1,6,5,4,1,1,43,0,0,0,5,3,400,2,5,0,1996,0,4,3,0,7,0,0,1,0,0,0,1,0.6053168559422945
7,5,4,2,1,1,0,1,1,1,42,0,2,1,1,14,400,2,5,0,1996,2,4,3,0,2,0,4,2,0,0,0,0,0.022017828444876784
5,3,6,17,1,4,5,3,1,1,76,1,0,0,0,13,400,3,8,0,1994,0,4,3,1,8,3,0,1,0,0,0,0,0.059906997839987056
6,3,2,17,1,1,6,3,1,1,42,0,0,0,4,3,500,3,5,0,1995,0,4,3,1,8,0,3,1,0,0,0,1,0.5971784931745144
7,5,6,6,1,1,0,1,1,1,48,0,1,0,0,13,400,3,6,0,1996,1,4,3,3,7,2,0,1,0,0,0,0,0.4535924067022873
7,2,4,17,1,0,7,2,0,1,48,1,0,0,0,11,400,3,6,0,1995,0,4,3,0,7,1,0,1,0,0,0,0,0.10022263690784747
7,1,3,9,0,1,7,2,1,1,30,0,1,0,5,4,400,4,4,0,1994,1,4,3,2,6,0,0,1,0,0,1,1,0.5968948501324062
0,4,2,13,1,4,8,1,1,1,47,0,1,0,1,9,400,2,6,0,1996,1,4,3,2,8,2,0,3,0,0,0,1,0.5391343587246885
0,5,4,6,1,0,0,5,1,2,16,0,2,1,5,16,400,1,0,0,1995,2,4,3,3,0,0,0,1,0,0,0,0,0.0399571862522327
3,3,2,13,1,1,3,4,1,1,54,1,0,0,0,11,400,4,6,0,1994,0,4,3,1,8,0,0,5,0,0,0,0,0.09512627565837066
9,5,5,17,1,5,9,5,0,2,26,0,1,0,0,16,400,2,4,0,1995,1,4,3,1,5,0,0,1,0,0,0,0,0.44550363213088545
4,2,3,18,1,1,4,2,1,2,44,0,1,0,3,15,400,1,5,0,1996,1,4,3,1,8,3,0,1,0,0,0,0,0.3749734096978808
8,5,2,17,1,1,8,5,0,2,34,0,0,0,4,8,400,2,4,0,1996,0,4,3,1,6,0,0,1,0,0,0,1,0.6027429543276167
4,1,1,13,1,5,4,1,1,1,51,0,2,1,0,14,400,3,6,0,1994,2,4,3,3,8,0,0,1,0,0,0,0,0.05292006695778568
2,3,0,17,1,0,2,3,1,2,22,0,1,0,5,11,400,2,3,0,1995,1,4,3,1,5,3,0,1,0,0,0,0,0.42690014848068486
5,4,3,13,1,1,5,4,1,1,36,0,1,0,0,12,400,3,5,0,1995,1,4,3,2,7,0,0,1,0,0,0,1,0.5900481728816136
6,2,2,18,1,4,6,3,1,1,53,0,1,0,2,7,400,4,6,0,1996,1,4,3,0,8,0,0,1,0,0,0,0,0.452085373190281
5,3,5,13,1,2,5,4,1,1,71,1,0,0,0,14,400,2,8,0,1994,0,4,3,2,8,3,0,1,0,0,0,0,0.08096532233287707
0,1,0,18,1,6,0,1,1,2,40,1,0,0,5,16,400,3,5,0,1995,0,4,3,0,7,2,0,1,0,0,0,0,0.06483021863362788
3,3,0,9,1,5,3,4,0,1,31,0,2,1,1,7,400,3,4,0,1996,2,4,3,2,6,3,0,1,0,0,0,0,0.07051604546634672
0,3,4,18,1,0,8,1,1,2,40,1,0,0,1,10,400,4,5,0,1995,0,4,3,1,7,3,0,1,0,0,0,0,0.07014296548227612
4,3,3,13,1,1,4,3,1,0,42,0,1,0,0,9,400,4,5,0,1995,1,4,3,2,7,2,0,1,0,0,0,1,0.5622365291009214
7,5,4,9,0,1,0,1,1,1,50,1,0,0,1,15,400,1,6,0,1995,0,4,3,0,8,3,0,1,0,0,0,0,0.04121376125883212
9,4,4,5,1,1,9,5,1,1,37,0,1,0,1,4,400,4,5,0,1995,1,4,3,2,8,0,0,1,0,0,0,0,0.4873726262534963
11,4,0,6,1,1,11,4,1,1,30,1,2,1,0,4,400,1,4,0,1996,2,4,3,1,5,0,0,1,0,0,0,0,0.014844358346395121
6,3,0,5,1,0,5,2,1,1,41,0,1,0,1,16,400,1,5,0,1995,1,4,3,3,7,0,0,1,1,0,0,0,0.4319726842949848
6,3,4,5,1,5,6,3,1,1,48,0,0,0,1,9,400,4,6,0,1996,0,4,3,1,8,0,0,1,0,0,0,1,0.5674287447377473
9,1,0,17,1,1,9,1,1,1,43,0,2,1,1,5,400,2,5,0,1994,2,4,3,2,7,0,0,1,0,0,0,0,0.04273734560008733
8,3,1,13,0,6,8,3,1,1,42,0,2,1,0,2,400,4,5,0,1996,2,4,3,3,7,1,0,1,0,0,0,0,0.058721236248527424
10,1,0,0,1,0,10,1,1,2,41,0,2,1,5,1,400,2,5,0,1994,2,4,3,3,7,3,0,1,0,0,0,0,0.03307247488397809
4,3,5,13,1,5,4,3,1,2,36,0,2,1,1,7,400,1,5,0,1996,2,4,3,2,8,2,0,1,0,0,0,0,0.05146495931422662
0,3,2,13,0,1,0,4,1,2,52,1,0,0,0,3,400,1,6,0,1995,0,4,3,2,7,3,0,1,0,0,0,0,0.0721080838919082
4,3,2,0,1,6,4,3,1,1,39,1,0,0,5,2,400,2,5,0,1995,0,4,3,1,7,0,0,1,0,0,0,0,0.12433832324645348
0,4,2,6,1,1,5,4,1,1,40,0,1,0,0,5,400,3,5,0,1994,1,4,3,2,7,2,0,1,0,0,0,1,0.5947792853319328
3,3,2,9,1,1,3,3,1,1,35,0,1,0,0,8,400,4,4,0,1995,1,4,3,0,6,3,0,1,0,0,0,1,0.5331017890347695
2,1,4,2,1,6,2,2,1,1,26,0,2,1,1,13,400,1,4,0,1995,2,4,3,0,5,0,0,1,0,0,0,0,0.05125071230862343
3,1,0,9,1,2,3,1,0,1,26,1,1,0,0,9,400,3,4,0,1994,1,4,3,1,6,0,0,1,0,0,0,0,0.0840306114231032
7,2,2,13,1,1,7,2,0,1,44,0,1,0,0,14,400,3,5,0,1995,1,4,3,1,7,3,0,1,0,0,0,1,0.5022134939826203
11,2,1,9,1,6,11,3,0,2,35,0,1,0,0,8,400,2,4,0,1996,1,4,3,2,6,3,0,1,0,0,0,1,0.5500620129677024
9,4,3,9,1,5,9,5,1,1,59,0,1,0,1,12,400,3,7,0,1996,1,4,3,2,7,1,2,1,0,0,0,0,0.4664606311390257
2,5,0,13,1,0,2,5,1,1,51,0,2,1,1,5,400,1,6,0,1996,2,4,3,3,8,3,0,1,0,0,0,0,0.05011439669591493
6,5,4,13,1,2,5,1,1,2,25,1,0,0,4,8,400,2,3,0,1995,0,4,3,2,5,2,0,1,0,0,0,0,0.10488780610454083
8,1,6,2,1,4,8,1,0,1,34,0,0,0,5,15,400,2,4,0,1996,0,4,3,2,4,0,0,1,0,0,0,1,0.5035176765159006
0,2,2,17,1,2,0,2,1,1,30,0,1,0,0,4,400,3,4,0,1996,1,4,3,2,6,0,0,1,0,0,0,0,0.4990705214577239
3,4,0,0,0,0,6,3,1,1,59,1,6,2,5,8,400,4,7,0,1996,0,4,3,1,5,1,0,1,0,0,0,0,0.10936602453861802
5,5,2,13,1,5,1,1,1,2,30,0,2,1,0,7,400,2,4,0,1995,2,4,3,2,3,0,0,1,0,0,0,0,0.056895652145919254
7,5,5,13,1,3,8,1,1,2,35,0,2,1,1,6,400,2,4,1,1995,2,4,3,2,6,0,0,1,0,0,0,0,0.044098477311772244
3,3,0,17,0,1,3,4,1,2,30,0,2,1,1,2,400,2,4,0,1995,2,4,3,3,5,0,0,1,0,0,0,0,0.048722875120600743
0,4,3,2,1,4,8,1,1,1,59,0,2,1,1,4,400,2,7,0,1996,2,4,3,3,8,1,0,1,0,0,0,0,0.10084152639582239
9,5,6,17,1,6,9,5,1,1,38,0,1,0,1,7,400,2,5,0,1996,1,4,3,2,7,0,0,1,0,0,0,0,0.4815969013584511
4,2,0,9,0,1,4,2,1,2,28,0,1,0,1,8,400,1,4,0,1994,1,4,3,0,7,3,0,1,0,0,0,1,0.5312895544853128
6,3,0,6,0,0,6,4,1,2,20,0,0,0,0,6,400,2,2,0,1994,0,4,3,3,4,3,0,1,0,0,1,0,0.4667671153388445
1,4,5,9,1,4,11,4,1,1,35,0,0,0,1,5,400,3,4,0,1994,0,4,3,0,7,0,0,1,0,0,0,1,0.7089070560191373
3,1,3,0,0,4,7,1,1,1,32,1,0,0,1,4,400,3,4,0,1996,0,4,3,0,6,0,0,1,0,0,0,0,0.08507624780905822
8,1,0,17,1,0,8,1,1,1,23,0,0,0,4,14,400,3,3,0,1996,0,4,3,1,5,3,0,1,0,0,0,1,0.5842314387614269
5,1,2,2,1,4,5,4,1,1,53,0,1,0,1,1,400,1,6,0,1996,1,4,3,2,8,3,0,1,0,0,0,1,0.5001049998633494
3,3,4,2,1,0,3,3,0,1,28,1,2,1,5,12,400,1,4,0,1995,2,4,3,2,6,0,0,1,0,0,0,0,0.014831127509717204
9,2,0,6,1,6,9,4,1,2,16,0,2,1,5,12,400,2,0,0,1995,2,4,3,2,0,0,0,1,1,0,0,0,0.03223883943975467
0,1,1,13,1,5,0,1,1,1,43,0,2,1,0,12,400,3,5,0,1996,2,4,3,3,5,3,0,1,0,0,0,0,0.04749585324350481
2,5,0,9,1,5,4,1,0,1,37,0,2,1,4,10,400,3,5,0,1995,2,4,3,2,7,0,0,1,0,0,0,0,0.0571477519164669
1,2,1,5,1,4,1,2,1,1,64,0,1,0,1,12,400,2,7,0,1995,1,4,3,2,8,0,0,1,0,0,0,1,0.5095425260996367
0,3,3,9,0,1,0,4,1,1,60,1,2,1,0,1,400,2,7,0,1996,2,4,3,0,6,0,0,1,0,0,0,0,0.02192274867460092
4,2,6,17,1,1,4,3,1,1,36,0,0,0,0,16,400,2,5,0,1995,0,4,3,0,7,3,0,1,0,0,0,1,0.5674769324618405
5,3,0,5,1,0,11,1,1,1,30,0,1,0,2,16,400,1,4,0,1996,1,4,3,2,7,3,0,1,0,0,1,0,0.44145602760276037
6,1,1,13,1,5,6,1,0,1,36,1,1,0,0,9,400,4,5,0,1994,1,4,3,1,7,0,0,1,0,0,0,0,0.07870693780037052
6,4,4,13,1,5,6,4,1,1,36,0,0,0,0,1,400,1,5,0,1995,0,4,3,0,7,3,0,1,0,0,0,1,0.6352400382285799
3,4,6,18,0,4,3,4,1,1,52,1,0,0,5,9,400,1,6,0,1995,0,4,3,0,8,1,0,1,0,0,0,0,0.06199318819870313
3,4,4,13,1,6,7,1,1,1,29,0,1,0,0,2,400,3,4,0,1995,1,4,3,1,4,2,0,1,0,0,0,1,0.5378063798010827
1,5,6,6,1,4,11,1,1,1,43,0,1,0,1,8,400,4,5,0,1996,1,4,3,0,7,0,0,1,0,0,0,1,0.5166819712545432
4,3,5,13,1,1,4,4,1,1,31,0,2,1,0,15,400,4,4,0,1996,2,4,3,3,6,0,0,1,0,0,0,0,0.025510917827080603
8,4,1,17,1,0,8,4,1,1,37,0,1,0,0,9,400,1,5,0,1995,1,4,3,1,7,0,0,1,0,0,0,1,0.5971921645494367
9,3,5,6,1,6,9,3,1,1,61,0,1,0,0,2,400,3,7,0,1995,1,4,3,1,8,0,0,1,0,0,0,0,0.4693697671806077
2,1,4,9,1,0,2,2,1,1,41,1,0,0,0,6,400,2,5,0,1994,0,4,3,1,7,3,0,3,0,0,0,0,0.10514251200231811
4,2,0,2,0,0,4,4,1,2,31,0,2,1,0,15,400,2,4,0,1996,2,4,3,2,6,0,4,3,0,0,0,0,0.025789704653864775
1,4,0,6,1,5,1,5,1,1,36,0,0,0,0,1,400,4,5,0,1995,0,4,3,0,7,0,0,1,0,0,0,1,0.6296990351260727
2,3,0,6,1,6,2,3,1,2,23,1,0,0,0,5,400,2,3,0,1995,0,4,3,0,6,0,0,1,0,0,0,0,0.0890116628845648
3,1,1,2,0,5,3,2,1,2,30,0,1,0,1,1,400,4,4,0,1994,1,4,3,0,7,2,0,3,0,0,0,0,0.4866199917023657
7,4,6,13,1,5,7,5,1,2,35,0,2,1,0,5,400,1,4,0,1994,2,4,3,3,7,3,0,1,0,0,0,0,0.03646573381514153
1,3,4,13,1,6,11,3,1,1,56,1,1,0,0,7,400,3,7,0,1996,1,1,3,1,8,0,0,1,1,1,0,0,0.051992756008868185
5,1,1,5,1,5,5,1,1,1,31,1,0,0,4,7,400,2,4,0,1994,0,4,3,0,6,0,0,1,0,0,0,0,0.10617448682902482
4,2,5,9,1,0,4,3,1,1,39,1,0,0,1,16,400,4,5,0,1994,0,4,3,0,7,0,0,1,0,0,0,0,0.11401202168020381
9,5,5,9,1,1,2,2,1,1,31,0,1,0,1,14,400,4,4,0,1995,1,4,3,2,7,0,0,1,0,0,1,1,0.5146890767730979
2,3,3,13,0,5,2,3,1,1,42,1,1,0,0,4,400,1,5,0,1996,1,4,3,1,5,0,0,1,0,0,0,0,0.08204098590688215
3,4,2,2,1,6,7,2,1,1,57,0,1,0,0,11,400,3,7,0,1994,1,4,3,2,7,0,0,1,0,0,0,1,0.6222492000511436
3,4,4,2,1,6,7,1,0,1,44,0,1,0,0,2,400,3,5,0,1994,1,4,3,0,8,0,4,2,0,0,0,0,0.40838779044849494
7,1,2,5,1,1,7,1,1,1,52,0,0,0,2,7,400,1,6,0,1995,0,4,3,1,8,2,0,1,0,0,0,1,0.6282379540837265
2,3,1,9,1,5,2,3,1,1,51,0,2,1,0,14,400,1,6,0,1994,2,4,3,3,8,1,2,1,0,0,0,0,0.05023954315550313
2,2,3,9,1,6,2,4,1,1,50,0,1,0,1,11,400,1,6,0,1995,1,4,3,3,8,3,0,1,1,0,1,0,0.4607926978145692
8,1,6,6,1,5,8,2,1,2,16,0,2,1,5,14,400,3,0,0,1994,2,4,3,1,0,0,0,1,0,0,0,0,0.03484326569697101
9,2,2,2,1,6,9,3,1,1,57,0,1,0,0,15,400,4,7,0,1994,1,4,3,2,8,3,0,1,0,0,0,0,0.3431444137450839
0,3,2,13,1,1,8,2,0,1,50,0,0,0,0,11,400,1,6,0,1994,0,4,3,2,8,0,0,1,0,0,0,1,0.5394338645473009
8,5,3,6,1,1,8,5,1,1,32,0,2,1,5,2,400,2,4,0,1996,2,4,3,3,0,0,0,1,0,0,0,0,0.022366858934352297
4,2,5,17,0,4,4,2,1,1,26,1,0,0,4,5,400,3,4,0,1994,0,4,3,0,7,0,0,3,0,0,0,0,0.11096861291821343
11,4,1,9,1,0,11,5,1,1,52,1,0,0,0,7,400,4,6,0,1996,0,4,3,0,8,2,4,2,0,0,0,0,0.06448439123853002
6,3,0,17,1,0,5,1,0,2,27,0,2,1,5,5,400,3,4,0,1995,2,4,3,2,6,0,0,1,0,0,0,0,0.02893570800158688
3,4,3,17,1,6,7,1,1,1,34,0,1,0,0,6,400,1,4,0,1994,1,4,3,2,7,0,0,1,0,0,0,1,0.5623643325480745
10,1,1,2,0,5,10,2,1,1,27,0,1,0,5,3,400,1,4,0,1994,1,4,3,2,7,0,0,1,0,0,0,0,0.46734188131889554
0,3,4,18,0,0,0,4,1,1,47,0,2,1,5,6,400,2,6,0,1994,2,4,3,2,7,0,0,1,0,0,0,0,0.10646210723267992
6,4,6,17,1,0,5,2,0,2,28,1,1,0,0,2,400,2,4,0,1996,1,4,3,0,5,0,0,1,0,0,0,0,0.06695967155927532
8,3,2,3,1,4,8,3,1,2,16,1,0,0,1,3,400,3,0,0,1995,0,4,3,2,3,3,0,1,0,0,0,0,0.0736980300703555
3,3,2,9,1,1,3,4,1,1,50,0,1,0,1,7,400,2,6,0,1994,1,4,3,1,8,3,0,1,0,0,0,1,0.5245839579133883
9,3,0,17,1,1,9,3,0,1,56,0,2,1,1,7,500,1,7,0,1996,2,4,3,2,8,0,0,1,1,0,0,0,0.04731147354448133
9,1,1,18,1,6,9,2,1,1,41,0,2,1,2,3,400,3,5,0,1994,2,4,3,2,7,0,0,1,0,0,0,0,0.08005746801971826
7,2,0,9,1,0,7,2,1,1,57,0,2,1,1,8,400,3,7,0,1996,2,4,3,0,8,0,0,1,0,0,0,0,0.05522291111594268
3,2,6,18,1,4,3,2,1,1,51,1,2,1,5,13,400,2,6,0,1994,2,4,3,3,8,2,0,1,0,0,0,0,0.0485098635911757
8,3,1,13,1,6,8,3,1,1,51,1,1,0,0,10,400,4,6,0,1994,1,4,3,1,8,2,0,1,0,0,0,0,0.0768899854453026
3,3,5,13,1,4,7,2,0,2,30,1,0,0,4,7,400,4,4,0,1994,0,4,3,1,7,1,0,1,0,0,0,0,0.12872258438024003
11,1,4,2,1,1,11,1,1,1,41,0,1,0,1,5,400,2,5,0,1996,1,4,3,0,7,0,0,1,0,0,0,1,0.6038693474243536
2,1,3,6,1,5,2,1,1,1,53,0,4,1,5,10,400,2,6,0,1994,1,4,3,0,7,0,0,1,0,0,0,1,0.6112223478729857
10,4,3,6,0,4,10,4,1,1,22,0,1,0,0,3,400,3,3,0,1996,1,4,3,1,5,3,0,1,1,0,0,0,0.39919998960382047
7,5,1,5,1,5,0,1,1,1,29,0,0,0,1,1,400,3,4,0,1994,0,4,3,2,5,0,0,1,0,0,0,1,0.7352003441418951
7,5,6,17,0,0,8,1,1,2,28,0,0,0,0,5,400,2,4,0,1994,0,4,3,1,6,1,4,2,0,0,1,1,0.6286587589405624
10,4,1,6,1,1,10,4,1,1,32,0,1,0,0,9,400,4,4,0,1995,1,4,3,1,6,0,0,1,0,0,1,1,0.5818546751695659
9,4,6,17,1,4,9,4,1,2,40,0,0,0,5,14,400,3,5,0,1994,0,4,3,1,7,0,0,1,0,0,0,0,0.45928065632304926
3,4,5,6,1,4,3,4,1,2,16,0,2,1,5,5,400,2,0,0,1995,2,4,3,2,0,0,0,1,0,0,0,0,0.022739156756994748
4,1,4,17,1,1,3,2,1,1,55,1,2,1,1,12,400,4,6,0,1996,2,4,3,3,7,1,0,3,0,0,0,0,0.023715617716833517
7,2,2,17,1,5,7,3,1,1,42,0,1,0,2,12,400,2,5,0,1996,1,4,3,2,8,3,0,1,0,0,0,1,0.5603924267772824
3,4,2,17,1,6,7,2,1,2,28,0,0,0,0,7,400,2,4,0,1994,0,4,3,2,6,3,0,1,0,0,0,1,0.712590472957059
11,4,2,17,1,4,10,1,1,1,51,0,0,0,0,3,400,3,6,0,1995,0,4,3,1,8,2,0,1,0,0,0,1,0.5079437033260046
5,1,5,2,1,5,5,1,1,1,54,0,1,0,0,15,400,4,6,0,1995,1,4,3,2,8,1,0,1,0,0,0,0,0.47737580638397664
9,2,6,13,1,0,9,2,1,1,65,1,0,0,0,5,400,3,7,0,1994,0,4,3,0,8,0,0,1,0,0,0,0,0.038321422057498424
7,2,0,0,1,4,7,5,1,1,46,0,1,0,5,9,400,3,6,0,1995,1,4,3,2,8,3,0,1,0,0,1,1,0.5563603467358083
1,3,4,6,1,2,10,3,1,1,38,0,2,1,1,8,400,2,5,1,1995,2,4,3,1,8,3,0,1,0,0,0,0,0.038916861242712625
6,5,6,13,1,4,6,5,1,2,29,0,0,0,0,15,400,3,4,0,1995,0,4,3,1,6,2,0,1,0,0,0,1,0.6044377597076815
9,1,6,9,1,4,9,1,1,1,55,0,0,0,0,6,400,2,6,0,1996,0,4,3,0,8,0,0,1,0,0,0,0,0.4652384445355564
0,3,0,5,1,5,0,4,1,1,47,1,1,0,1,10,400,4,6,0,1996,1,4,3,1,8,3,0,1,0,0,0,0,0.0797292952395456
10,3,2,17,1,6,10,4,1,1,41,1,1,0,0,11,400,4,5,0,1994,1,4,3,2,7,2,0,1,0,0,0,0,0.08356407567126785
10,2,2,13,1,5,10,2,1,1,33,0,0,0,0,4,400,4,4,0,1995,0,4,3,0,5,0,0,1,0,0,0,1,0.7215723782591104
2,4,5,13,1,0,4,4,1,1,30,0,2,1,0,4,400,2,4,0,1994,2,4,3,3,7,1,0,1,0,0,0,0,0.04416273839437076
4,2,0,6,1,0,4,2,1,2,33,0,2,1,5,3,400,4,4,0,1994,2,4,3,2,3,3,0,1,0,0,0,0,0.026768035964297002
6,3,3,13,1,1,6,3,1,2,21,0,1,0,1,9,400,2,3,0,1994,1,4,3,3,5,1,0,1,0,0,0,1,0.5270650808603294
6,1,2,17,1,0,6,5,0,1,28,0,0,0,0,7,400,1,4,0,1996,0,4,3,0,7,1,0,1,0,0,0,1,0.5778652530516939
4,5,2,2,1,4,3,2,1,1,35,0,0,0,0,14,400,4,4,0,1994,0,4,3,1,5,0,0,1,0,0,1,1,0.7107657220903656
4,2,1,6,1,4,4,2,1,1,63,0,0,0,1,12,400,4,7,0,1996,0,4,3,0,8,0,0,1,0,0,0,0,0.47932745359234225
0,2,2,17,1,1,0,2,1,2,28,0,2,1,0,9,400,1,4,0,1994,2,4,3,1,5,0,4,2,0,0,0,0,0.036350207872212124
10,2,1,17,1,5,10,2,0,1,53,0,1,0,0,6,500,4,6,0,1995,1,4,3,1,6,0,3,1,0,0,0,0,0.3362022961955568
7,2,4,6,1,4,7,3,1,1,41,1,2,1,0,4,400,3,5,0,1995,2,4,3,2,7,3,0,1,0,0,0,0,0.012324290018612027
1,1,2,13,1,4,1,2,0,1,35,0,0,0,4,7,400,4,4,0,1994,0,4,3,1,5,3,0,1,0,0,1,1,0.6179828237593344
2,4,0,9,0,4,2,5,1,1,59,0,2,1,1,16,400,2,7,0,1995,2,4,3,2,8,3,0,1,0,0,0,0,0.045931570491610035
10,3,4,5,1,5,10,4,1,2,34,0,1,0,1,16,400,4,4,0,1996,1,4,3,3,6,3,0,1,1,0,0,0,0.42551984845470914
4,2,1,13,1,0,4,4,1,1,49,1,0,0,0,1,400,2,6,0,1995,0,4,3,1,8,3,0,1,0,0,0,0,0.05684724061327298
8,1,1,13,0,1,8,2,1,2,36,0,1,0,4,4,400,3,5,0,1994,1,4,3,0,7,3,0,1,0,0,1,1,0.5156790986097886
6,2,6,6,1,4,6,2,1,1,43,0,0,0,1,9,400,3,5,0,1994,0,4,3,0,6,0,0,1,0,0,0,1,0.7480996864549004
2,1,5,6,1,6,2,2,1,1,53,1,1,0,1,3,400,4,6,0,1995,1,4,3,1,7,2,0,1,0,0,0,0,0.06781748326681615
3,1,1,13,1,1,3,1,1,2,40,0,1,0,0,12,400,4,5,0,1994,1,4,3,2,6,0,0,1,0,0,0,1,0.547745162110059
7,2,0,13,1,1,7,3,1,1,50,0,0,0,1,15,400,3,6,0,1995,0,4,3,0,8,0,0,1,0,0,0,1,0.5438103464684013
3,1,1,6,1,5,3,2,0,2,32,0,0,0,4,14,400,1,4,0,1994,0,4,3,1,6,1,0,1,0,0,0,1,0.6802888736176155
11,2,3,17,1,6,11,3,1,2,22,0,0,0,0,3,400,4,3,0,1994,0,4,3,2,3,1,0,1,0,0,0,0,0.4617238198113536
3,1,4,2,1,6,3,2,0,1,27,0,2,1,1,9,400,2,4,0,1994,2,4,3,3,6,0,0,1,0,0,0,0,0.06712233323511431
5,1,2,6,1,1,5,2,1,2,36,0,2,1,0,5,400,4,5,1,1995,2,4,3,3,6,0,0,1,0,0,0,0,0.021857563270762773
9,5,6,2,1,1,2,1,1,1,27,0,0,0,5,1,400,4,4,0,1995,0,4,3,0,7,0,0,1,0,0,0,1,0.5939982812135072
5,4,4,13,1,6,1,1,1,2,30,0,2,1,0,13,400,2,4,0,1995,2,4,3,2,6,0,0,1,0,0,0,0,0.04404484200778008
7,2,6,2,1,0,7,2,1,2,35,1,1,0,0,5,400,2,4,0,1994,1,4,3,2,6,0,0,1,0,0,0,0,0.09552363027153284
6,3,1,6,1,4,6,4,1,1,40,0,1,0,0,14,400,2,5,0,1996,1,4,3,2,7,1,0,1,0,0,1,1,0.5749966860321686
4,2,1,13,1,5,4,2,1,1,49,0,0,0,5,3,400,3,6,0,1994,0,4,3,0,8,0,0,1,0,0,0,1,0.6367391528904427
8,3,6,6,0,6,8,4,1,1,34,1,1,0,0,13,400,2,4,0,1994,1,4,3,1,5,2,0,1,0,0,0,0,0.09332781056736067
3,3,2,13,1,1,7,4,1,2,31,1,1,0,4,9,400,1,4,0,1994,1,4,3,1,6,2,0,1,0,0,0,0,0.11691216676743924
10,4,0,17,1,1,9,1,1,2,28,1,2,1,0,8,400,1,4,0,1995,2,4,3,1,6,0,0,1,0,0,0,0,0.02090823192777678
8,1,1,17,1,0,8,1,0,1,45,1,2,1,1,13,400,2,5,0,1994,2,4,3,2,7,0,0,1,0,0,0,0,0.03541084083527714
4,2,4,9,1,1,4,3,1,1,53,0,1,0,1,14,400,2,6,0,1995,1,4,3,2,8,3,0,1,0,0,1,1,0.5520934970428896
11,4,0,6,1,5,10,2,0,1,45,1,0,0,0,3,400,1,5,0,1995,0,4,3,1,5,0,0,1,0,0,0,0,0.08659164932996104
2,3,2,11,1,6,2,5,0,2,29,0,1,0,0,11,400,4,4,0,1996,1,4,3,0,6,0,0,1,0,0,0,0,0.42520952124538025
10,4,3,2,1,1,10,4,1,1,72,0,1,0,0,4,400,3,8,0,1996,1,4,3,0,8,1,0,1,0,0,0,0,0.4759808941635722
2,4,2,9,1,5,2,4,1,2,33,0,2,1,0,7,400,1,4,0,1995,2,4,3,3,7,1,0,1,0,0,0,0,0.05208215816714194
2,1,0,9,1,1,2,1,1,2,24,0,1,0,0,3,400,3,3,0,1994,1,4,3,1,5,0,0,1,0,0,0,0,0.4871244515203837
2,4,3,6,1,1,3,1,1,1,47,0,1,0,0,12,400,1,6,0,1995,1,4,3,2,8,3,0,1,0,0,1,1,0.50592585310266
1,2,4,17,1,4,1,2,1,1,28,0,1,0,5,10,400,1,4,0,1994,1,4,3,1,7,0,0,1,0,0,0,1,0.5997248573765058
11,2,0,2,1,1,11,2,1,1,65,0,2,1,2,1,400,4,7,0,1995,2,4,3,2,8,3,0,1,0,0,0,0,0.029545741314522606
5,1,6,17,0,4,5,4,1,2,31,0,0,0,0,9,400,4,4,0,1995,0,4,3,0,6,3,0,1,0,0,0,1,0.6228750488231583
7,3,4,13,1,6,7,4,1,1,34,0,1,0,0,9,400,4,4,0,1995,1,4,3,3,7,2,0,1,0,0,0,1,0.5919505683389903
7,1,4,6,1,4,7,1,1,1,35,0,2,1,0,14,400,3,4,0,1995,2,4,3,3,6,1,0,1,0,0,0,0,0.019160247387516566
10,5,3,3,1,6,9,2,1,2,24,1,0,0,0,7,400,4,3,0,1996,0,4,3,3,5,2,0,1,0,0,0,0,0.09595582065502763
3,2,3,13,1,1,3,3,1,1,40,0,0,0,4,12,400,4,5,0,1996,0,4,3,0,8,0,0,1,0,0,0,1,0.6014720314270199
2,5,4,17,1,1,4,3,1,2,25,0,0,0,0,11,400,1,3,0,1994,0,4,3,2,5,1,0,1,0,0,0,1,0.6890919991615234
1,5,1,13,1,0,11,4,1,2,29,0,2,1,0,16,400,4,4,0,1996,2,4,3,2,6,0,0,1,0,0,0,0,0.04643017398901752
8,4,0,17,0,4,6,1,1,1,37,1,0,0,0,14,400,3,5,0,1994,0,4,3,1,7,0,0,1,0,0,0,0,0.13530252429711248
11,2,2,13,1,1,11,2,1,1,41,0,2,1,1,12,400,2,5,0,1994,2,4,3,0,7,3,0,1,0,0,0,0,0.030595442283375473
9,2,2,13,1,4,2,4,1,1,76,0,1,0,1,3,400,3,8,0,1996,1,4,3,2,8,2,0,1,1,0,0,0,0.33393798466712654
5,1,1,2,1,4,5,2,1,1,44,0,6,2,5,16,400,3,5,0,1995,0,4,3,1,8,0,0,1,0,0,0,1,0.5688827793772194
5,2,4,18,1,4,5,2,1,1,45,0,1,0,2,6,400,4,5,0,1996,1,4,3,2,7,0,0,3,0,0,0,0,0.4699459578999997
8,1,4,6,0,1,8,2,1,2,16,0,1,0,5,11,400,2,0,0,1996,1,4,3,1,0,0,0,1,0,0,0,0,0.3773554345900693
10,1,5,9,1,6,10,3,1,1,64,0,1,0,0,11,400,3,7,0,1996,1,4,3,0,8,0,0,3,0,0,0,0,0.4267990485866392
5,2,5,17,1,6,5,2,1,1,36,0,1,0,1,14,500,1,5,0,1994,1,4,3,1,7,0,3,2,0,0,0,1,0.5287035066673378
9,2,0,13,1,0,9,3,1,1,27,0,1,0,0,12,400,2,4,0,1996,1,4,3,2,6,2,0,1,0,0,1,1,0.5176727531693414
9,2,1,17,1,6,9,3,1,1,30,0,1,0,0,15,400,4,4,0,1995,1,4,3,2,7,3,0,1,0,0,0,0,0.4546674579291299
5,3,1,5,1,1,5,5,1,1,52,0,0,0,0,10,400,2,6,0,1996,0,4,3,1,8,2,0,1,0,0,0,0,0.47510421400012454
4,3,0,9,1,1,4,3,1,1,59,0,2,1,0,6,400,4,7,0,1994,2,4,3,3,8,0,0,3,0,0,0,0,0.023917258664323825
1,3,1,13,1,5,1,4,1,2,21,0,1,0,0,11,400,4,3,0,1994,1,4,3,2,5,1,0,1,0,0,0,0,0.4702642984691292
2,5,2,17,1,1,4,2,1,1,52,0,0,0,0,9,400,1,6,0,1996,0,4,3,0,8,0,0,1,0,0,0,1,0.5028349054374543
5,1,6,2,0,6,5,3,1,1,42,0,2,1,1,11,400,2,5,0,1996,2,4,3,2,7,3,0,1,0,0,0,0,0.0562248796199858
2,3,4,5,1,5,7,3,1,1,26,0,0,0,4,12,400,3,4,0,1994,0,4,3,1,6,2,0,1,0,0,0,1,0.7058037146537635
6,2,3,9,1,1,6,2,1,1,37,0,1,0,0,11,400,3,5,0,1996,1,4,3,2,6,3,0,1,0,0,0,1,0.5835779745869085
1,1,5,13,1,4,1,1,1,1,55,1,0,0,4,2,400,3,6,0,1995,0,4,3,1,7,0,0,1,0,0,0,0,0.07727426700134708
7,4,4,0,1,0,7,4,1,1,54,1,1,0,1,14,400,1,6,0,1994,1,4,3,1,7,3,0,1,0,0,0,0,0.08249603928239535
2,4,0,6,1,6,4,1,0,1,40,0,2,1,0,8,400,1,5,0,1996,2,4,3,3,7,0,0,1,0,0,0,0,0.06010097131187498
6,3,5,13,1,6,6,3,1,2,35,0,0,0,4,13,400,3,4,0,1994,0,4,3,0,6,3,0,1,0,0,0,1,0.6911129186438528
3,1,3,13,1,4,3,2,1,1,77,0,2,1,0,5,400,2,8,0,1996,2,4,3,0,8,0,0,1,0,0,0,0,0.054648972279379385
0,4,0,2,1,6,5,3,1,1,52,0,2,1,2,6,400,4,6,0,1996,2,4,3,1,7,0,0,1,0,0,0,0,0.07655917328991474
6,3,1,17,1,6,5,3,1,1,43,1,1,0,0,2,400,2,5,0,1994,1,4,3,1,7,0,0,1,0,0,0,0,0.08348982152284527
0,2,0,17,1,6,0,2,0,2,32,0,0,0,0,13,500,2,4,0,1996,0,4,3,3,6,0,3,1,0,0,0,0,0.4156622958211498
4,2,3,13,1,1,4,2,1,1,46,0,2,1,1,6,400,1,6,0,1995,2,4,3,2,8,3,0,1,0,0,0,0,0.056547476463289226
4,2,1,6,1,5,4,2,1,1,41,0,1,0,0,11,400,3,5,0,1995,1,4,3,1,7,0,0,1,0,0,0,1,0.6170374824693396
9,2,5,9,1,6,9,3,1,0,37,1,1,0,1,16,400,2,5,0,1994,1,4,3,2,7,0,0,1,0,0,0,0,0.10246106192547144
3,3,2,15,0,5,7,2,1,1,50,0,1,0,0,4,400,3,6,0,1996,1,4,3,1,7,0,0,1,0,0,0,1,0.5459180099212917
2,1,2,6,1,5,3,2,1,1,56,1,2,1,0,1,400,3,7,0,1995,2,4,3,3,8,0,0,1,0,0,0,0,0.014921814060896155
8,2,1,6,1,5,6,3,1,1,48,1,4,1,5,3,400,2,6,0,1994,1,4,3,0,8,0,0,1,0,0,0,0,0.12493032587717089
7,3,5,6,1,0,7,3,1,1,32,0,2,1,0,3,400,4,4,0,1994,2,4,3,0,5,0,0,1,0,0,0,0,0.02596406831255899
8,3,4,17,1,5,8,4,1,1,39,1,0,0,0,9,400,3,5,0,1996,0,4,3,0,8,0,0,1,0,0,0,0,0.07538132744401811
10,2,3,0,1,4,10,2,1,1,56,0,0,0,1,8,400,2,7,0,1994,0,4,3,2,5,0,0,1,0,0,0,1,0.5281909116012219
8,3,1,2,1,6,8,3,0,2,33,0,2,1,0,3,400,1,4,0,1995,2,4,3,2,6,0,0,1,0,0,0,0,0.05899132835979424
1,1,4,17,1,1,1,2,0,1,36,0,0,0,4,11,400,1,5,0,1996,0,4,3,1,7,1,0,3,0,0,1,1,0.5305706586555969
10,1,3,2,1,6,10,1,1,1,28,0,1,0,0,5,400,2,4,0,1995,1,4,3,2,7,0,0,1,0,0,1,1,0.5779219485011479
3,4,1,2,1,4,7,1,0,2,51,0,1,0,0,10,400,1,6,0,1995,1,4,3,0,6,0,0,1,0,0,0,1,0.5031487963476156
8,5,5,9,1,5,8,5,1,1,65,0,1,0,0,7,400,2,7,0,1995,1,4,3,0,8,2,0,1,0,0,0,0,0.46011750342685664
2,4,5,6,1,1,4,1,1,2,22,1,1,0,0,9,400,2,3,0,1995,1,4,3,3,4,2,0,1,0,0,0,0,0.06471887734010742
10,4,0,6,1,5,9,2,1,2,23,1,1,0,5,1,400,3,3,0,1995,1,4,3,0,5,0,0,1,0,0,0,0,0.07992910148904389
3,2,1,13,1,1,3,2,0,2,43,0,1,0,1,14,400,2,5,0,1995,1,4,3,2,5,3,0,1,0,0,0,1,0.5300175719686611
7,2,4,15,1,6,8,4,1,1,26,0,0,0,1,2,400,1,4,0,1994,0,4,3,2,6,1,4,2,0,0,0,1,0.6150403804778909
6,4,5,13,1,5,6,4,1,2,30,0,2,1,0,13,400,4,4,0,1996,2,4,3,1,7,0,0,1,0,0,0,0,0.07234984409089536
0,3,6,13,1,4,6,3,0,1,76,0,2,1,0,2,400,1,8,0,1995,2,4,3,2,8,0,0,1,1,0,0,0,0.0990283761338017
10,4,4,6,1,4,10,4,1,1,61,0,2,1,0,15,500,3,7,0,1996,2,4,3,1,8,3,3,1,0,0,0,0,0.008531711719467093
4,5,1,6,1,5,3,1,1,2,28,1,4,1,5,9,400,3,4,0,1995,1,4,3,0,6,0,0,1,0,0,0,0,0.112185708570023
4,1,3,2,1,1,4,2,0,1,42,0,1,0,0,4,400,4,5,0,1996,1,4,3,1,7,0,0,1,0,0,0,1,0.5117975836235754
4,1,4,13,0,1,4,2,0,2,30,0,0,0,0,1,400,3,4,0,1995,0,4,3,0,5,2,0,1,0,0,0,1,0.6121588027073082
0,2,1,0,1,6,0,4,1,1,50,0,1,0,2,10,400,4,6,0,1996,1,4,3,2,8,1,0,1,0,0,1,1,0.5305983711681437
6,5,0,0,0,0,5,2,1,1,40,0,2,1,1,16,400,3,5,0,1996,2,4,3,2,7,1,0,1,0,0,0,0,0.037287963536913354
8,4,0,17,0,5,8,5,1,1,48,1,0,0,0,8,400,2,6,0,1996,0,4,3,2,7,0,0,1,0,0,0,0,0.08100677624881486
10,4,0,6,1,6,9,1,1,2,20,1,4,1,5,12,400,3,2,0,1994,1,4,3,0,5,2,0,1,0,0,0,0,0.06604951082589335
9,2,5,6,1,6,9,2,1,1,35,0,2,1,1,9,400,1,4,0,1994,2,4,3,2,6,0,0,1,0,0,0,0,0.03408792809875585
5,3,0,6,1,0,5,3,1,1,42,0,2,1,0,5,400,2,5,0,1994,2,4,3,3,8,0,0,1,0,0,0,0,0.03229817379975269
6,3,0,6,1,0,6,3,1,1,39,0,1,0,0,13,400,4,5,0,1996,1,4,3,0,7,3,4,2,0,0,1,0,0.4416373257182459
5,2,0,17,1,4,5,3,1,1,36,0,0,0,4,6,400,1,5,0,1994,0,4,3,1,7,0,0,1,0,0,0,1,0.7431172226558682
11,4,6,13,1,0,10,4,1,1,46,0,2,1,1,2,400,4,6,0,1994,2,4,3,2,8,2,0,1,0,0,0,0,0.01593459400864153
1,3,4,6,1,6,1,4,1,1,51,0,2,1,0,3,400,2,6,0,1995,2,4,3,1,7,3,0,1,0,0,0,0,0.04639986281037739
9,2,5,13,1,5,9,2,1,1,29,0,2,1,0,8,400,4,4,0,1996,2,4,3,2,5,0,0,1,0,0,0,0,0.05164946686218236
1,4,2,13,0,5,1,5,1,1,28,0,1,0,1,8,400,2,4,0,1995,1,4,3,1,6,0,4,2,0,0,0,1,0.5503959274712654
10,4,4,17,0,5,2,2,1,1,80,0,0,0,0,12,400,3,8,0,1995,0,4,3,0,6,3,0,1,0,0,0,0,0.4767875719156756
10,1,5,2,1,5,10,1,1,1,45,1,2,1,1,7,400,4,5,0,1994,2,4,3,2,7,3,4,2,0,0,0,0,0.024066805689706604
2,1,1,6,1,1,2,1,1,1,40,0,0,0,0,4,400,1,5,0,1994,0,4,3,0,7,0,0,1,0,0,0,1,0.7168693327159652
10,3,0,13,1,4,9,2,1,2,34,0,1,0,0,13,400,1,4,0,1994,1,4,3,3,5,3,0,3,0,0,0,0,0.4134864195783634
1,3,6,17,1,6,1,3,1,1,55,0,1,0,0,9,400,3,6,0,1995,1,4,3,2,6,1,4,2,0,0,0,0,0.4876078650272989
3,1,2,0,1,1,3,4,1,1,32,0,6,2,5,10,400,4,4,0,1995,0,4,3,0,6,0,2,2,0,0,0,1,0.6147165167365558
0,5,2,13,1,6,8,2,1,1,68,0,1,0,5,15,400,3,8,0,1995,1,4,3,2,6,0,0,1,0,0,0,0,0.44075431656753716
7,4,5,17,1,5,1,1,1,1,52,0,0,0,5,1,400,1,6,0,1994,0,4,3,1,8,0,0,1,0,0,1,1,0.630754001530808
7,1,0,6,1,5,7,2,1,2,40,0,1,0,1,10,400,3,5,0,1996,1,4,3,0,7,3,0,1,0,0,0,1,0.5490100784758188
4,4,2,17,1,6,4,4,1,1,53,0,1,0,0,4,400,4,6,0,1994,1,4,3,0,8,0,0,1,0,0,1,1,0.5127489724124407
0,3,4,2,1,1,8,2,0,1,26,0,2,1,0,12,400,4,4,0,1995,2,4,3,0,7,0,0,1,0,0,0,0,0.029234320526634612
11,4,2,6,1,5,11,4,1,1,36,1,1,0,1,7,400,3,5,0,1994,1,4,3,0,7,0,0,1,0,0,0,0,0.06748052426811238
1,4,0,5,1,1,1,5,1,1,50,0,0,0,0,5,400,4,6,0,1994,0,4,3,0,8,3,0,1,0,0,0,1,0.5253748292281839
8,2,1,5,1,5,5,3,1,1,43,0,2,1,1,12,400,3,5,0,1994,2,4,3,3,8,3,0,1,0,0,0,0,0.05346457308878981
5,4,4,9,1,5,1,2,1,2,32,1,1,0,5,1,400,4,4,0,1994,1,4,3,0,6,1,0,1,0,0,0,0,0.07021515200758296
5,3,5,16,1,5,5,3,1,2,29,1,0,0,0,7,400,1,4,0,1996,0,4,3,0,7,1,0,1,0,0,0,0,0.08983088491803956
11,4,5,2,1,5,10,4,0,1,35,0,1,0,0,13,400,1,4,0,1995,1,4,3,0,6,1,0,1,0,0,0,1,0.5264487557038364
9,3,4,13,1,0,9,3,1,1,37,1,1,0,1,4,400,4,5,0,1996,1,4,3,2,7,1,0,1,0,0,0,0,0.08461754690666445
10,5,0,17,1,0,9,1,1,1,62,0,1,0,0,5,400,3,7,0,1996,1,4,3,1,7,3,0,1,0,0,0,0,0.4530541296254798
11,4,5,17,1,1,10,1,1,1,52,1,0,0,0,9,400,1,6,0,1995,0,4,3,0,7,3,0,1,0,0,0,0,0.05628693884105061
0,1,2,9,1,0,0,2,1,1,36,0,1,0,0,14,400,3,5,0,1994,1,4,3,0,7,2,0,1,0,0,0,1,0.5632687676510527
3,2,1,2,1,4,3,3,0,1,37,0,2,1,5,5,400,3,5,0,1995,2,4,3,3,8,0,0,1,0,0,0,0,0.062046731400903436
1,1,5,6,1,4,1,1,1,2,26,0,2,1,0,4,400,1,4,0,1995,2,4,3,2,5,0,0,1,0,0,0,0,0.04069570689659119
3,4,1,6,1,5,3,4,1,2,16,0,0,0,5,9,400,3,0,0,1994,0,4,3,2,0,0,2,1,0,0,1,1,0.6974620707053114
2,1,6,9,1,4,2,3,1,1,44,0,2,1,1,15,400,1,5,0,1996,2,4,3,2,7,1,0,1,0,0,0,0,0.03786150535000107
2,4,4,13,1,1,4,2,1,1,56,0,2,1,0,9,400,1,7,0,1995,2,4,3,2,7,2,0,1,0,0,0,0,0.03589812887300025
3,1,4,6,1,1,3,1,1,2,21,0,1,0,0,7,400,1,3,0,1995,1,4,3,1,5,1,0,1,0,0,0,1,0.5103661231799005
10,1,4,9,1,1,10,2,1,1,59,1,0,0,1,5,400,1,7,0,1996,0,4,3,0,8,0,0,1,0,0,0,0,0.06097447908980749
9,5,5,0,1,4,2,1,1,2,35,0,2,1,5,13,400,3,4,0,1994,2,4,3,3,5,1,0,1,0,0,0,0,0.044987975557695854
4,1,3,2,1,5,4,1,0,2,35,0,0,0,0,12,400,3,4,0,1994,0,4,3,1,6,2,0,1,0,0,0,1,0.6266867783802641
8,4,2,6,0,1,8,5,1,1,45,0,0,0,4,8,400,4,5,0,1996,0,4,3,0,6,0,0,1,0,0,1,1,0.6034258202005657
1,5,1,17,1,6,11,2,1,1,29,1,0,0,0,5,400,4,4,0,1994,0,4,3,1,6,0,0,1,0,0,0,0,0.13517995877536537
1,4,4,9,1,1,1,5,1,1,65,0,2,1,1,12,400,1,7,0,1994,2,4,3,2,8,3,0,1,0,0,0,0,0.0260557159621803
2,2,4,9,1,5,2,2,1,1,41,1,1,0,1,1,400,1,5,0,1996,1,4,3,1,7,0,0,1,0,0,0,0,0.08451754341305687
7,5,1,18,1,5,8,1,1,2,32,0,1,0,2,7,400,3,4,0,1995,1,4,3,1,7,0,0,1,0,0,0,0,0.4509100850311682
6,2,1,9,1,5,6,3,1,2,34,0,2,1,0,13,400,2,4,0,1994,2,4,3,2,5,1,4,2,0,0,0,0,0.04460296135607084
2,4,6,17,1,5,2,4,0,1,44,0,0,0,0,9,400,3,5,0,1994,0,4,3,0,8,0,0,1,0,0,0,1,0.5640379227191228
0,2,2,6,0,1,0,2,1,1,30,0,2,1,0,7,400,3,4,0,1996,2,4,3,3,6,2,0,1,0,0,0,0,0.012265727100216235
0,2,3,13,1,6,0,2,1,2,26,1,0,0,0,16,400,1,4,0,1994,0,4,3,0,7,2,0,1,1,1,0,0,0.09660982364472007
7,3,0,2,1,6,7,4,1,1,42,1,1,0,1,5,400,2,5,0,1996,1,4,3,2,7,2,0,1,0,0,0,0,0.10276443935334542
11,1,5,17,1,6,11,3,1,1,40,0,0,0,0,2,400,1,5,0,1995,0,4,3,2,7,1,0,1,0,0,1,1,0.5333432194480002
0,1,5,9,1,1,0,4,1,2,34,1,1,0,0,10,400,4,4,0,1995,1,4,3,1,7,2,0,1,0,0,0,0,0.06418820518748752
1,3,1,6,1,6,1,4,1,2,29,0,1,0,4,11,400,1,4,0,1996,1,4,3,2,6,1,0,1,0,0,0,1,0.5255987148693501
10,2,6,9,1,4,10,2,0,1,30,0,2,1,0,1,400,3,4,0,1995,2,4,3,3,6,1,0,1,0,0,0,0,0.020650587096287882
8,2,4,13,1,0,8,2,1,1,38,0,2,1,0,11,400,4,5,0,1996,2,4,3,2,7,0,0,1,0,0,0,0,0.041301095484425725
11,1,3,13,1,4,11,3,0,2,19,0,1,0,0,8,400,2,2,0,1995,1,4,3,1,3,1,0,1,0,0,0,0,0.49860463650579107
1,5,5,6,1,5,1,5,1,2,19,1,0,0,4,12,400,2,2,0,1996,0,4,3,1,2,1,0,1,0,0,0,0,0.05476709019244181
8,1,0,5,0,1,8,2,1,2,29,1,2,1,0,11,400,3,4,1,1994,2,4,3,2,6,1,0,1,0,0,0,0,0.011279917133951963
2,5,0,17,1,1,4,1,0,1,43,1,0,0,0,10,700,2,5,0,1995,0,4,3,2,7,0,0,1,0,0,0,0,0.19604986498053223
8,2,6,17,1,4,8,3,1,1,41,0,1,0,0,1,500,3,5,0,1996,1,4,3,0,8,0,3,1,0,0,0,1,0.5230635367945209
1,3,5,17,1,6,1,3,1,1,31,1,2,1,0,9,400,3,4,0,1995,2,4,3,1,6,2,0,1,0,0,0,0,0.010988871737178987
3,4,0,6,0,0,3,4,1,2,30,1,1,0,0,2,400,4,4,0,1995,1,4,3,3,6,0,0,1,0,0,0,0,0.09612747936437945
2,4,2,13,0,5,2,4,1,1,39,0,0,0,4,12,400,4,5,0,1995,0,4,3,0,7,1,0,1,0,0,0,1,0.6112951061356988
11,3,5,17,1,5,11,3,1,2,34,0,1,0,0,15,400,3,4,0,1995,1,4,3,2,6,0,0,1,0,0,0,1,0.5653016321635753
6,3,1,17,1,6,5,3,1,2,64,0,2,1,0,15,400,4,7,0,1996,2,4,3,2,8,0,0,1,0,0,0,0,0.10110759565117217
2,2,0,6,1,1,4,3,1,2,22,0,0,0,4,11,400,3,3,0,1995,0,4,3,0,3,0,0,1,0,0,1,1,0.6408738832803015
4,2,0,6,1,1,4,2,1,1,59,0,1,0,0,3,400,2,7,0,1994,1,4,3,2,8,1,0,1,0,0,0,1,0.5161103450439266
9,4,3,13,1,5,2,1,1,1,47,0,2,1,0,12,400,3,6,0,1994,2,4,3,2,8,0,0,1,0,0,0,0,0.033878572540458285
8,2,3,17,1,1,8,2,1,1,31,0,2,1,1,14,400,3,4,0,1996,2,4,3,1,7,3,0,1,0,0,0,0,0.054471329557975644
1,1,0,9,1,6,1,2,1,1,40,0,2,1,1,5,400,1,5,0,1995,2,4,3,1,7,1,0,1,0,0,0,0,0.07316730297808945
8,3,1,13,1,1,8,3,0,2,26,0,2,1,0,2,400,3,4,0,1996,2,4,3,2,6,1,0,1,0,0,0,0,0.05566918993868695
2,4,0,6,1,1,2,4,1,1,31,0,1,0,5,13,400,1,4,0,1996,1,4,3,2,6,3,0,1,0,0,0,0,0.4750240325822088
0,1,2,2,0,4,8,4,1,1,57,0,0,0,0,1,400,1,7,0,1996,0,4,3,0,6,1,0,1,0,0,0,1,0.5248597634474143
10,5,1,6,1,1,9,1,1,1,29,0,1,0,0,12,400,4,4,0,1995,1,4,3,0,7,0,0,1,0,0,0,1,0.5361703134300596
2,3,6,9,1,4,2,3,1,1,45,0,1,0,1,10,400,4,5,0,1994,1,4,3,2,8,0,0,1,0,0,0,1,0.5930625867145392
3,1,1,13,1,6,3,3,1,1,39,0,0,0,0,1,400,1,5,0,1994,0,4,3,0,8,0,0,1,0,0,0,1,0.6482887889091213
0,4,0,13,1,4,4,4,1,1,40,0,6,2,2,12,400,1,5,0,1996,0,4,3,3,7,2,0,1,0,0,0,0,0.2847531507607028
2,1,3,2,1,6,2,5,1,1,40,0,2,1,1,3,400,2,5,0,1995,2,2,3,2,7,0,0,1,0,0,0,0,0.11730673049944183
10,4,2,5,1,5,10,4,1,2,24,1,1,0,1,15,400,4,3,0,1996,1,4,3,0,5,0,0,1,0,0,0,0,0.07641131050242617
10,2,4,13,1,0,10,2,1,2,25,0,2,1,0,8,400,3,3,0,1996,2,4,3,0,4,3,0,1,0,0,0,0,0.05222135605811374
9,2,2,6,1,1,9,2,1,1,40,0,1,0,1,15,400,4,5,0,1996,1,4,3,2,7,2,0,1,0,0,0,0,0.4906217154317815
10,4,2,9,1,1,10,4,1,1,44,1,1,0,0,7,400,3,5,0,1995,1,4,3,0,7,0,0,1,0,0,0,0,0.07530602000576427
0,3,6,6,1,1,0,4,1,2,16,0,2,1,5,2,400,2,0,0,1994,2,4,3,2,0,0,0,1,0,0,0,0,0.047731370768074724
5,2,6,2,1,1,1,2,1,1,48,0,2,1,2,2,400,1,6,0,1996,2,4,3,3,8,0,0,1,0,0,0,0,0.04361286679887872
2,5,0,13,1,5,4,1,1,2,27,0,2,1,0,16,400,4,4,0,1996,2,4,3,2,5,1,0,1,0,0,0,0,0.0735836715938683
7,1,6,2,1,6,7,2,1,1,40,0,1,0,1,6,400,3,5,0,1994,1,4,3,2,7,0,0,1,0,0,0,1,0.6381198173635368
4,1,1,9,1,6,4,1,1,1,34,0,1,0,0,8,700,1,4,0,1995,1,4,3,2,7,0,0,1,0,0,0,0,0.49006985086125626
3,2,0,9,1,6,3,3,0,1,34,0,0,0,0,11,400,4,4,0,1996,0,4,3,0,5,0,0,1,0,0,0,1,0.5723419373550004
10,3,5,13,1,6,10,3,1,1,42,0,0,0,5,10,400,3,5,0,1995,0,4,3,1,7,3,0,1,0,0,1,1,0.523129117785724
7,5,0,13,1,4,0,1,1,1,38,1,1,0,1,10,400,1,5,0,1995,1,4,3,1,8,3,0,1,0,0,0,0,0.08713470950969122
9,2,4,13,1,6,9,3,1,1,29,1,2,1,1,12,400,2,4,0,1994,2,4,3,2,6,3,0,1,0,0,0,0,0.03006260284510502
5,1,6,6,1,6,5,2,1,1,46,0,0,0,5,8,400,2,6,0,1995,0,4,3,2,8,2,0,1,0,1,0,0,0.4998781301220038
10,4,0,13,1,4,9,2,1,1,42,1,0,0,0,7,400,3,5,0,1994,0,4,3,0,7,1,0,1,0,0,0,0,0.07992979746518752
8,3,0,13,1,6,8,4,0,2,31,0,1,0,0,8,400,2,4,0,1996,1,4,3,0,5,3,0,1,0,0,0,0,0.47351712665501977
7,2,6,6,1,6,7,3,1,1,52,1,2,1,5,9,400,1,6,0,1994,2,4,3,1,8,2,0,1,0,0,0,0,0.011816443046830072
11,4,5,17,1,2,10,1,1,1,26,0,1,0,0,14,400,1,4,0,1995,1,4,3,3,6,0,0,1,0,0,0,0,0.4444259451959203
8,2,2,13,1,1,8,2,1,2,53,0,0,0,0,3,400,4,6,0,1995,0,4,3,3,8,3,0,1,0,0,0,1,0.5107222681423894
9,2,3,17,1,0,9,3,1,1,46,0,2,1,0,8,400,2,6,0,1996,2,4,3,2,8,0,0,1,0,0,0,0,0.10214519142085232
8,3,0,13,1,4,6,2,1,1,54,1,0,0,0,5,400,3,6,0,1994,0,4,3,0,8,0,0,1,0,0,0,0,0.06960497425881634
10,2,5,9,1,5,10,4,0,1,32,0,2,1,4,10,400,4,4,0,1996,2,4,3,1,6,3,0,1,0,0,0,0,0.06059662654278105
4,2,3,6,1,0,4,3,1,1,41,0,2,1,1,9,400,3,5,0,1994,2,4,3,0,7,0,0,1,0,0,0,0,0.03099679934084054
7,2,0,17,1,0,7,2,0,1,31,0,2,1,1,13,400,4,4,0,1996,2,4,3,2,6,2,0,1,0,0,0,0,0.040049137168055096
3,4,6,16,1,6,3,4,1,2,34,0,2,1,2,16,400,4,4,0,1995,2,4,3,2,6,0,0,1,0,0,0,0,0.07426502565811076
6,2,2,13,1,5,6,2,1,1,28,1,0,0,1,8,400,2,4,0,1996,0,4,3,1,7,0,0,1,0,0,0,0,0.08596195429596554
7,4,0,17,1,1,0,1,1,2,27,1,0,0,0,7,700,2,4,0,1995,0,4,3,1,7,0,0,1,0,0,0,0,0.18845375087069283
11,2,1,9,1,5,11,2,0,1,28,1,1,0,1,13,400,2,4,0,1996,1,4,3,0,7,1,0,1,0,0,0,0,0.07964652132614142
0,3,2,13,1,1,0,3,1,1,36,0,1,0,1,7,400,3,5,0,1995,1,4,3,2,7,1,0,1,0,0,0,1,0.5933037352530861
3,3,4,13,1,1,3,4,1,1,54,0,6,2,5,2,400,4,6,0,1994,0,4,3,3,8,0,0,1,0,0,0,0,0.2768774584254972
11,2,1,17,1,5,11,3,1,1,61,1,2,1,1,12,400,2,7,0,1994,2,4,3,0,8,1,0,1,0,0,0,0,0.07455472547192887
7,3,0,2,1,6,7,4,1,2,48,0,2,1,0,15,400,3,6,0,1995,2,4,3,0,8,1,0,1,0,0,0,0,0.07694961553599784
1,3,5,6,1,6,1,3,1,2,39,0,0,0,0,14,400,2,5,0,1994,0,4,3,1,7,0,0,1,0,0,0,1,0.7195959599684937
11,3,3,13,1,1,11,3,1,2,23,1,0,0,0,13,400,4,3,0,1994,0,4,3,0,5,2,3,1,0,0,0,0,0.20334782845942873
10,4,0,17,1,5,10,5,1,2,29,0,2,1,0,15,400,1,4,0,1996,2,4,3,2,6,1,0,1,1,0,0,0,0.04970600367709049
3,2,4,2,1,6,3,3,1,1,52,1,1,0,1,7,400,4,6,0,1996,1,4,3,0,8,0,0,1,0,0,0,0,0.08602969137031392
7,1,4,2,1,0,7,1,1,1,56,0,2,1,5,12,400,3,7,0,1994,2,4,3,0,8,3,0,1,0,0,0,0,0.05959262439163489
4,5,3,17,1,4,3,4,1,1,36,0,1,0,1,4,400,3,5,0,1994,1,4,3,1,8,2,0,1,0,0,0,1,0.5300909183817621
0,2,0,13,1,0,0,3,1,1,50,1,2,1,0,2,400,1,6,0,1994,2,4,3,3,7,2,0,1,0,0,0,0,0.011400370402062227
2,1,4,9,1,6,2,2,1,1,26,0,4,1,5,8,400,1,4,0,1994,1,4,3,0,5,0,0,1,0,0,0,1,0.5045903937543068
6,2,3,13,1,5,6,3,1,1,59,0,1,0,0,9,400,4,7,0,1994,1,4,3,0,8,1,0,1,0,0,0,1,0.5079679253277066
3,4,1,13,1,6,7,1,1,1,55,1,1,0,0,11,400,1,6,0,1994,1,4,3,0,8,1,0,3,0,0,0,0,0.06974326686901225
6,1,4,9,1,0,6,2,0,2,39,0,2,1,0,12,400,2,5,0,1994,2,4,3,3,7,2,0,1,0,0,0,0,0.013465609173759663
9,2,5,6,1,5,9,2,1,1,55,0,2,1,0,5,500,4,6,0,1996,2,4,3,0,8,0,3,2,0,0,0,0,0.04848486748335931
1,4,3,17,1,1,1,4,1,1,43,0,0,0,0,4,400,4,5,0,1995,0,4,3,1,7,1,0,3,0,0,0,1,0.6346872480522455
10,1,6,17,1,6,10,1,1,1,65,0,2,1,5,1,400,1,7,0,1994,2,4,3,2,7,0,0,1,0,0,0,0,0.05440138948531826
3,1,2,18,1,0,3,3,1,1,35,0,2,1,1,2,400,4,4,0,1996,2,4,3,3,6,3,0,1,0,0,0,0,0.03792384908328902
10,5,1,17,1,1,10,5,1,1,52,0,2,1,0,1,400,2,6,0,1996,2,4,3,1,8,3,0,1,0,0,0,0,0.08925110769633891
0,1,3,17,1,4,5,1,1,1,80,0,0,0,4,1,400,1,8,0,1995,0,4,3,1,8,1,0,1,0,0,0,0,0.3980360355424202
8,5,5,13,1,4,6,1,1,2,29,1,0,0,0,9,400,1,4,0,1994,0,4,3,2,7,2,0,1,0,0,0,0,0.1067434744764017
9,2,5,6,1,1,9,3,1,2,60,0,2,1,0,3,400,3,7,0,1995,2,4,3,2,7,3,0,1,0,0,0,0,0.022191484809837424
0,4,2,6,1,6,2,5,1,2,16,0,6,2,5,11,400,4,0,0,1996,0,4,3,0,0,0,0,1,0,0,0,0,0.38499098871311793
7,3,4,17,1,5,7,4,0,2,48,1,0,0,4,4,400,4,6,0,1995,0,4,3,1,7,0,0,1,0,0,0,0,0.1090006802234099
11,3,6,6,1,0,11,4,0,2,28,1,1,0,0,6,400,3,4,0,1996,1,2,1,1,6,0,0,1,1,0,0,0,0.04849014926598917
11,1,2,13,1,1,9,2,0,1,33,0,0,0,0,3,400,4,4,0,1994,0,4,3,0,7,0,0,1,0,0,1,1,0.5010886055137884
3,2,0,6,1,5,3,3,1,2,16,0,0,0,5,6,400,1,0,0,1996,0,4,3,0,0,0,0,1,0,0,0,0,0.4941102919310261
4,1,3,13,1,4,2,5,1,1,58,0,0,0,0,9,400,3,7,0,1994,0,4,3,1,8,2,0,1,0,0,0,1,0.5083441350429441
3,3,6,17,1,0,3,3,1,1,44,0,0,0,5,3,400,1,5,0,1995,0,4,3,1,7,0,0,5,0,0,0,1,0.6065142962147276
6,1,1,17,1,5,6,1,1,2,49,0,2,1,0,15,400,1,6,0,1996,2,4,3,3,8,1,0,1,0,0,0,0,0.1244433935750365
5,1,2,6,1,1,5,1,1,1,44,0,0,0,1,12,400,3,5,0,1995,0,4,3,3,4,3,0,1,0,0,0,1,0.5098877913086884
2,3,2,13,1,1,4,2,1,1,27,0,1,0,5,11,400,4,4,0,1994,1,4,3,2,4,1,0,1,0,0,1,1,0.5312992789719997
8,4,2,13,1,6,8,4,1,1,51,1,1,0,1,9,400,4,6,0,1995,1,4,3,1,7,3,0,1,0,0,0,0,0.09192414592778157
7,3,2,2,1,0,0,2,0,2,27,1,0,0,0,1,400,3,4,0,1995,0,4,3,1,7,1,0,1,0,0,0,0,0.07733077530404461
4,2,1,0,1,0,4,5,1,1,42,0,0,0,1,15,400,4,5,0,1994,0,4,3,3,7,0,0,1,0,0,0,0,0.45073567875304066
0,5,0,13,1,6,8,1,1,1,49,0,0,0,0,2,400,2,6,0,1994,0,4,3,1,6,0,0,1,0,0,1,1,0.635795835331348
6,5,4,6,0,4,6,5,1,1,53,0,1,0,0,15,400,1,6,0,1995,1,4,3,0,8,1,0,1,0,0,0,0,0.45619541002600306
1,3,5,17,1,5,2,2,1,1,26,0,1,0,0,6,400,3,4,0,1995,1,4,3,2,6,3,0,1,0,0,0,1,0.5381648625012153
9,3,4,9,1,4,9,3,1,2,30,0,2,1,0,11,400,3,4,0,1995,2,4,3,1,6,1,0,1,0,0,0,0,0.029064996641475233
2,1,3,9,1,5,2,1,0,2,19,0,2,1,0,5,400,4,2,0,1994,2,4,3,1,2,0,0,1,0,0,0,0,0.07675869525172199
4,1,0,6,1,1,4,2,1,1,41,0,2,1,0,12,400,1,5,0,1996,2,4,3,1,7,0,0,1,0,0,0,0,0.034039913774178136
10,1,5,17,1,6,10,1,0,2,27,0,2,1,0,10,400,4,4,0,1994,2,4,3,2,6,0,0,1,0,0,0,0,0.04623485708990818
5,5,2,2,1,6,1,1,1,1,50,0,1,0,0,8,400,4,6,0,1995,1,4,3,1,8,1,0,1,0,0,0,1,0.5339568182312903
9,1,4,17,1,0,9,1,1,1,61,0,0,0,4,14,400,2,7,0,1996,0,4,3,0,8,3,4,2,0,0,0,0,0.27213422817685357
4,3,5,2,1,6,4,3,1,1,46,0,7,2,5,13,400,3,6,0,1995,1,4,3,3,7,3,0,1,0,0,1,0,0.2524317269522278
1,5,6,17,1,6,11,4,1,1,27,0,0,0,0,10,400,4,4,0,1994,0,4,3,2,6,3,0,1,0,0,1,1,0.5866473700010082
8,5,5,9,1,1,6,1,1,1,32,0,1,0,0,16,400,2,4,0,1994,1,4,3,1,6,0,0,1,0,0,0,1,0.5517935833077391
10,4,6,17,1,4,9,2,1,1,42,0,1,0,0,1,400,1,5,0,1994,1,4,3,2,7,1,0,1,0,0,0,0,0.4163256014222435
0,3,5,5,1,4,0,5,1,1,62,0,2,1,2,3,400,4,7,0,1994,2,4,3,2,8,2,0,1,0,0,0,0,0.03508531458756445
11,4,5,13,0,5,11,4,1,2,30,0,2,1,0,3,400,2,4,0,1995,2,4,3,2,7,3,4,2,0,0,0,0,0.03600724426985078
9,3,5,2,1,6,4,4,1,1,53,0,2,1,1,16,400,2,6,0,1995,2,4,3,3,7,3,0,1,0,0,0,0,0.035320278458265214
5,2,3,17,1,1,5,2,0,2,27,0,2,1,4,14,400,4,4,0,1995,2,4,3,3,5,0,0,1,0,0,0,0,0.028198781369929454
7,5,5,17,1,1,0,1,1,2,30,0,2,1,0,9,400,2,4,0,1995,2,4,3,3,6,0,0,1,0,0,0,0,0.023695066475829574
6,3,5,2,1,5,5,1,1,1,51,0,2,1,1,10,400,3,6,0,1994,2,4,3,1,7,0,0,1,0,0,0,0,0.06615607346767872
7,1,2,6,1,5,7,3,0,2,32,0,0,0,0,1,400,2,4,0,1995,0,4,3,1,5,2,0,1,0,0,0,1,0.6199673195104627
4,4,4,6,0,0,3,1,1,2,16,0,1,0,5,15,400,1,0,0,1996,1,4,3,0,0,0,0,1,0,0,0,0,0.42843618473951794
2,2,3,18,1,6,2,4,1,1,51,0,1,0,0,6,400,1,6,0,1995,1,4,3,2,7,0,0,1,0,0,0,0,0.46380355598191736
7,3,1,0,1,4,7,3,1,1,51,0,0,0,1,15,400,1,6,0,1994,0,4,3,3,5,1,0,1,0,0,0,1,0.5020660450775524
1,1,0,17,1,6,1,3,1,1,57,1,0,0,0,7,400,4,7,0,1996,0,4,3,0,8,3,0,1,0,0,0,0,0.05841125548097457
0,3,5,5,1,5,0,3,0,2,60,1,0,0,4,15,400,3,7,0,1995,0,4,3,0,8,1,0,1,0,0,0,0,0.056584307044466015
9,4,6,9,1,6,9,4,1,1,40,0,2,1,1,12,400,1,5,0,1994,2,4,3,3,8,2,0,1,0,0,0,0,0.040567926256580115
8,5,5,13,1,0,6,1,1,2,33,0,2,1,0,1,400,2,4,0,1995,2,4,3,2,6,3,0,1,0,0,0,0,0.02532952423053754
4,4,0,6,1,1,3,1,1,2,29,1,0,0,1,3,400,3,4,0,1994,0,4,3,1,6,0,0,1,0,0,0,0,0.1160373260761824
3,1,4,9,1,0,3,2,1,1,30,0,1,0,0,1,400,3,4,0,1995,1,4,3,0,7,1,0,1,0,0,0,1,0.6175872464527935
7,2,2,6,1,0,7,3,1,1,32,1,1,0,0,3,400,2,4,0,1994,1,4,3,3,6,3,0,1,0,0,0,0,0.08650361652917032
9,1,4,17,1,4,9,1,1,1,32,0,0,0,0,13,400,2,4,0,1994,0,4,3,0,6,0,0,1,0,0,0,1,0.5295906101299575
10,2,0,2,1,0,10,2,1,1,36,0,2,1,1,3,400,2,5,0,1995,2,4,3,1,7,2,4,2,0,0,0,0,0.03411713222222296
7,4,3,13,1,5,7,5,1,2,39,0,2,1,5,16,400,3,5,0,1995,2,4,3,2,7,3,0,1,0,0,0,0,0.0434598217933273
1,4,0,9,1,0,1,4,1,1,59,0,2,1,0,9,400,1,7,0,1994,2,4,3,0,8,0,0,1,0,0,0,0,0.01465005810165432
3,3,1,9,1,1,3,3,1,1,72,0,2,1,1,11,700,4,8,0,1994,2,4,3,2,8,1,0,5,0,0,0,0,0.04593469623061546
1,3,6,9,1,1,1,4,1,1,40,0,1,0,0,15,400,1,5,0,1994,1,4,3,2,5,3,0,1,0,0,0,1,0.5422288055312794
4,5,0,13,1,6,3,2,1,1,60,0,2,1,0,4,400,3,7,0,1994,2,4,3,2,8,0,0,1,0,0,0,0,0.04515659389890943
4,3,4,17,1,0,7,4,0,1,27,0,2,1,0,5,400,3,4,0,1996,2,4,3,2,6,0,0,1,0,0,0,0,0.05435743953849266
11,3,5,13,1,6,11,5,1,1,58,1,0,0,4,7,400,3,7,0,1994,0,4,3,2,8,0,0,3,0,0,0,0,0.04414455954072242
3,2,1,9,1,1,3,2,1,1,37,0,2,1,0,5,400,3,5,0,1994,2,4,3,2,7,0,0,1,0,0,0,0,0.050576688531660176
0,4,4,13,1,4,0,4,1,2,33,0,2,1,0,1,400,2,4,0,1995,2,4,3,3,6,0,0,1,0,0,0,0,0.03873935851694597
1,4,0,17,1,4,11,1,1,1,73,0,2,1,0,10,400,2,8,0,1996,2,4,3,1,8,2,0,1,0,0,0,0,0.12469580397970224
10,2,6,17,1,0,10,3,1,2,35,0,0,0,4,5,400,4,4,0,1996,0,4,3,1,6,3,0,1,0,0,0,1,0.5005372059548894
7,1,2,17,1,1,7,1,1,1,54,0,0,0,0,11,400,4,6,0,1995,0,4,3,0,8,3,0,1,0,0,0,0,0.4977182997843263
3,2,5,6,1,5,3,2,1,1,50,0,2,1,0,6,400,3,6,0,1994,2,4,3,0,8,3,0,1,0,0,0,0,0.03684738206480219
7,2,2,17,1,1,7,3,1,2,30,0,1,0,0,5,400,3,4,0,1994,1,4,3,1,7,0,0,1,0,0,0,1,0.5944072258305291
0,2,0,13,0,1,0,2,1,1,27,0,2,1,0,7,400,2,4,0,1994,2,4,3,1,7,3,0,1,0,0,0,0,0.03019903281800375
4,5,3,17,1,0,3,1,1,2,30,0,2,1,5,16,400,2,4,0,1996,2,4,3,1,6,0,0,1,0,0,0,0,0.0546441663016138
2,3,6,17,1,0,2,4,1,1,42,0,1,0,0,7,500,2,5,0,1996,1,4,3,0,7,0,3,1,0,0,0,1,0.5785574445565671
1,1,2,5,1,6,1,4,1,1,33,1,1,0,1,9,400,4,4,0,1994,1,4,3,3,6,0,0,1,0,0,0,0,0.10930843092277076
11,2,4,5,1,1,11,2,1,1,71,0,2,1,2,3,400,2,8,0,1994,2,4,3,1,8,1,0,1,0,0,0,0,0.021116144856652936
2,2,0,17,1,5,2,2,1,1,26,1,1,0,0,7,400,2,4,0,1994,1,4,3,1,6,1,0,1,0,0,0,0,0.09285421197761164
8,3,4,15,1,0,8,3,1,1,80,1,2,1,2,12,700,2,8,0,1994,2,4,3,3,8,3,0,1,0,0,0,0,0.05675312467620233
0,3,0,13,1,1,0,3,1,2,42,1,0,0,0,10,400,1,5,0,1996,0,4,3,0,7,3,0,1,0,0,0,0,0.08979589447858351
0,2,4,6,1,0,0,2,1,2,16,0,1,0,5,15,400,2,0,0,1995,1,4,3,0,0,0,3,1,0,0,0,0,0.3870045001993648
11,3,4,13,1,0,11,4,1,1,35,0,0,0,0,11,400,3,4,0,1995,0,4,3,1,7,1,0,1,0,0,0,1,0.6701506963977948
8,1,3,0,1,5,8,2,1,2,53,0,0,0,5,16,400,2,6,0,1996,0,4,3,2,7,0,0,1,0,0,0,1,0.5245508977472728
1,1,1,6,1,5,1,2,1,1,40,0,2,1,0,2,400,2,5,0,1994,2,4,3,2,7,0,0,1,0,0,0,0,0.05707956631514766
0,1,5,17,1,4,0,1,1,1,53,0,1,0,1,6,400,4,6,0,1995,1,4,3,1,7,0,0,1,0,0,0,1,0.5698106912174488
4,2,4,13,1,4,4,2,1,1,48,1,2,1,5,14,400,4,6,0,1994,2,4,3,3,7,3,0,1,0,0,0,0,0.015331969194441535
8,4,0,2,1,0,8,4,1,1,53,0,0,0,5,2,400,1,6,0,1994,0,4,3,1,8,0,0,1,0,0,0,1,0.6192833454462117
8,1,0,5,1,0,8,1,1,3,64,0,1,0,2,3,400,2,7,0,1996,1,4,3,1,8,1,0,1,0,0,0,1,0.5259161543617263
0,4,1,9,1,5,8,1,1,2,21,1,1,0,0,10,400,1,3,0,1996,1,4,3,3,5,1,0,1,0,0,0,0,0.0838123663168165
8,5,6,6,1,6,8,5,1,1,36,0,1,0,0,16,400,4,5,0,1994,1,4,3,2,7,3,0,1,0,0,0,1,0.5193482392237248
9,5,6,6,1,1,2,2,1,2,28,1,4,1,5,15,400,4,4,0,1995,1,4,3,0,6,1,0,1,0,0,0,0,0.0741238588130876
7,4,4,0,0,0,0,4,1,1,38,1,0,0,1,15,400,4,5,0,1994,0,1,3,1,6,0,0,1,0,1,0,0,0.11158899135923399
11,3,4,2,1,1,11,3,1,1,31,0,2,1,0,5,400,3,4,0,1996,2,4,3,2,7,0,0,1,0,0,0,0,0.050679553014103505
5,2,1,9,1,1,5,3,0,3,55,1,1,0,1,15,400,2,6,0,1996,1,4,3,1,7,0,0,1,0,0,0,0,0.08816544744697508
1,3,6,18,1,6,1,3,1,1,34,0,1,0,2,5,700,2,4,0,1995,1,4,3,2,7,0,0,1,0,0,0,0,0.4114051585356077
8,5,3,6,1,5,6,2,0,1,37,0,2,1,1,2,400,3,5,0,1995,2,4,3,1,7,0,0,1,0,0,0,0,0.05265262064721703
10,4,5,2,1,6,10,4,1,1,42,0,0,0,5,1,400,4,5,0,1995,0,4,3,1,6,1,0,1,0,0,0,1,0.6211765926857157
11,2,5,17,1,4,11,3,1,1,60,0,1,0,0,7,400,1,7,0,1994,1,4,3,0,7,2,0,1,0,0,0,0,0.3552643726349227
4,4,0,17,1,6,3,1,1,1,62,0,2,1,0,3,400,4,7,0,1995,2,4,3,0,6,2,0,1,0,0,0,0,0.05985548184087348
10,3,2,17,1,4,10,3,1,2,35,0,2,1,5,4,400,1,4,0,1995,2,4,3,3,5,1,0,1,0,0,0,0,0.025710413115606047
4,2,1,17,1,1,4,2,1,2,27,0,2,1,1,15,400,2,4,0,1995,2,4,3,1,7,3,0,1,0,0,0,0,0.03229753111161708
2,4,4,17,1,1,2,4,1,1,41,1,0,0,1,4,400,3,5,0,1995,0,4,3,0,6,0,0,1,0,0,0,0,0.10443826868284117
11,4,1,17,1,1,11,4,1,2,27,0,2,1,0,1,400,4,4,0,1994,2,4,3,2,6,0,0,1,0,0,0,0,0.05382275693033655
8,3,3,2,1,6,8,3,0,1,36,1,1,0,0,3,400,3,5,0,1994,1,4,3,0,7,0,0,1,0,0,0,0,0.06853332234418891
8,2,0,13,1,1,8,3,0,2,40,0,2,1,0,1,400,3,5,0,1996,2,4,3,0,5,0,3,1,0,0,0,0,0.04383277616717931
11,1,4,9,1,1,11,2,1,1,45,0,2,1,1,1,400,1,5,0,1996,2,4,3,3,7,1,0,1,0,0,0,0,0.020137586433153457
10,3,3,9,1,5,10,4,1,1,49,0,2,1,0,10,400,2,6,0,1994,2,4,3,2,6,0,0,1,0,0,0,0,0.05090683320398963
7,4,5,17,1,2,7,4,1,2,20,1,0,0,1,5,400,3,2,0,1994,0,4,3,3,4,2,0,1,0,0,0,0,0.08291983769318215
7,3,6,0,0,6,7,4,1,1,39,0,0,0,1,2,400,2,5,0,1996,0,4,3,2,6,0,0,1,0,0,0,1,0.5905662802609914
4,3,0,5,1,0,7,3,1,1,43,0,6,2,5,15,400,1,5,0,1996,0,4,3,1,7,3,0,1,0,0,0,0,0.388604940562188
1,1,4,9,1,6,1,5,0,2,42,1,1,0,0,15,400,1,5,0,1995,1,4,3,3,8,3,0,1,0,0,0,0,0.04467701129640595
6,2,0,2,1,0,6,2,1,1,40,0,2,1,1,9,400,2,5,0,1994,2,4,3,3,8,2,0,1,0,0,0,0,0.04462201502487223
11,3,3,17,1,1,11,3,1,1,34,0,2,1,1,11,400,4,4,0,1994,2,4,3,2,7,0,0,1,0,0,0,0,0.051419874469441004
2,1,4,17,1,5,2,3,1,1,54,0,2,1,0,13,400,2,6,0,1996,2,4,3,0,6,0,0,1,0,0,0,0,0.06591380722518068
9,4,2,17,1,0,2,1,1,1,53,0,0,0,0,1,400,2,6,0,1996,0,4,3,2,8,3,0,1,0,0,0,0,0.43022675553212236
0,1,2,6,1,5,0,1,0,1,40,1,0,0,0,12,400,3,5,0,1996,0,4,3,2,6,0,0,1,0,0,0,0,0.07740272064798791
5,3,3,6,1,1,5,3,0,1,32,1,2,1,4,14,400,4,4,0,1994,2,4,3,0,7,0,0,1,0,0,0,0,0.0031687334153168434
2,4,5,6,1,0,4,1,1,1,46,0,4,1,5,7,400,4,6,0,1995,1,4,3,0,8,0,0,1,0,0,1,1,0.5621817511462656
7,2,1,13,1,5,7,2,1,2,26,0,1,0,0,8,400,1,4,0,1994,1,4,3,1,6,0,0,1,0,0,0,1,0.6033496678056397
11,4,0,9,1,1,11,4,1,2,28,0,2,1,0,7,400,1,4,0,1996,2,4,3,3,6,1,0,3,0,0,0,0,0.03386785369487307
0,3,0,9,0,1,0,3,1,1,39,0,1,0,0,9,500,4,5,0,1995,1,4,3,1,7,3,3,1,0,0,0,0,0.4126807307929902
2,1,3,9,1,1,4,4,1,1,43,0,1,0,0,16,400,4,5,0,1994,1,4,3,3,7,2,0,1,0,0,0,0,0.45562642869741504
1,2,0,6,1,4,1,4,0,2,41,0,1,0,0,4,400,2,5,0,1994,1,4,3,0,7,0,0,1,0,0,0,1,0.5070552624650423
7,4,2,13,1,1,0,2,0,1,52,1,1,0,0,12,400,4,6,0,1996,1,4,3,2,7,3,0,1,0,0,0,0,0.07291241435777597
0,5,4,13,1,0,0,5,1,2,24,0,0,0,0,10,400,3,3,0,1996,0,4,3,2,6,3,0,1,0,0,0,1,0.5447133595991825
4,3,2,17,1,5,4,3,1,1,78,0,0,0,4,4,400,1,8,0,1994,0,4,3,0,8,3,0,1,0,0,0,0,0.439069552605597
9,1,6,2,1,4,9,1,1,1,60,1,0,0,5,11,400,4,7,0,1994,0,4,3,0,8,3,0,1,0,0,0,0,0.03871585302957203
4,2,5,13,1,5,4,2,1,2,52,0,0,0,1,12,700,4,6,0,1996,0,4,3,0,8,2,0,1,0,0,0,0,0.3622830947366456
0,3,4,0,1,6,0,4,1,1,30,0,2,1,5,9,400,1,4,0,1996,2,4,3,2,6,3,0,1,0,0,0,0,0.057311974833196534
8,4,4,9,1,0,8,4,1,1,28,0,1,0,5,14,400,3,4,0,1996,1,4,3,2,6,1,0,1,0,0,0,1,0.5326666693575222
8,3,4,17,1,4,8,3,1,2,28,0,2,1,0,13,400,4,4,0,1996,2,4,3,2,7,3,0,1,0,0,0,0,0.044604509795994625
0,4,6,2,1,5,8,1,1,1,52,1,6,2,5,15,400,4,6,0,1994,0,4,3,2,8,3,0,1,0,0,0,0,0.04679279972640685
0,4,2,2,1,6,8,1,0,1,50,0,2,1,0,7,400,3,6,0,1994,2,4,3,3,8,0,0,1,0,0,0,0,0.08529140169430238
2,1,4,2,1,0,2,1,1,1,30,0,0,0,0,13,400,1,4,0,1995,0,4,3,2,7,3,0,1,0,0,0,1,0.575471879896381
1,3,2,6,1,0,11,1,1,2,28,0,1,0,0,3,400,3,4,0,1994,1,4,3,2,5,0,0,1,0,0,0,1,0.5358223215166837
1,3,3,13,1,5,1,3,1,1,45,0,2,1,0,5,400,4,5,0,1994,2,4,3,2,7,0,0,1,0,0,0,0,0.041503766654290605
11,1,5,6,1,6,11,1,1,1,23,0,2,1,1,13,400,3,3,0,1996,2,4,3,3,5,0,3,1,0,0,0,0,0.027691569896922272
3,4,1,9,1,5,3,5,1,1,26,1,1,0,0,6,400,4,4,0,1996,1,4,3,1,6,0,0,1,0,0,0,0,0.0857870407747228
5,3,0,9,1,6,5,3,1,1,57,1,1,0,1,14,400,2,7,0,1995,1,4,3,1,8,1,0,1,0,0,0,0,0.08238106465539144
11,1,1,13,1,4,11,2,1,1,38,0,0,0,0,15,700,1,5,0,1994,0,4,3,1,7,0,0,1,0,0,0,0,0.422488532821553
7,4,6,11,1,5,0,2,1,2,42,1,0,0,5,9,400,1,5,0,1996,0,4,3,2,7,3,0,1,0,0,0,0,0.0933156120837927
2,2,1,17,0,1,2,2,1,2,28,0,1,0,1,16,400,1,4,0,1996,1,4,3,2,6,1,0,1,0,0,0,0,0.49314499346011287
5,4,2,17,1,4,3,4,1,1,76,0,0,0,4,12,400,3,8,0,1995,0,4,3,0,8,1,0,1,0,0,0,0,0.40704962771239617
7,1,2,6,1,5,7,2,0,1,33,0,2,1,0,6,400,4,4,0,1994,2,4,3,2,7,2,0,1,0,0,0,0,0.030133362793692955
5,1,3,6,1,1,5,1,1,1,41,0,2,1,0,9,400,2,5,0,1994,2,4,3,2,7,0,0,1,0,0,0,0,0.03467874302090469
1,2,5,2,1,5,1,2,1,1,62,0,2,1,1,4,400,2,7,0,1996,2,4,3,0,8,3,0,1,0,0,0,0,0.041771940961239734
5,1,6,17,1,1,5,2,1,2,40,0,1,0,1,1,400,4,5,0,1994,1,4,3,2,7,3,0,1,0,0,0,1,0.5006071464770094
2,4,5,6,1,6,2,4,1,1,27,0,1,0,0,7,400,3,4,0,1994,1,4,3,0,7,2,0,1,0,0,0,1,0.5408768431678026
10,1,5,18,1,0,10,1,1,3,41,0,1,0,3,6,400,4,5,1,1996,1,4,3,2,8,0,0,1,0,0,1,0,0.2948128178847694
3,2,6,9,0,6,3,2,0,2,33,1,0,0,0,16,400,1,4,0,1994,0,4,3,0,7,3,0,1,0,0,0,0,0.10890670650618746
2,2,2,17,1,5,2,2,1,1,38,0,2,1,5,12,400,1,5,0,1994,2,4,3,2,7,2,0,1,0,0,0,0,0.0890443703735837
7,2,4,9,1,4,7,2,1,1,55,0,2,1,1,8,400,2,6,0,1994,2,4,3,2,8,3,0,1,0,0,0,0,0.06028023179303715
9,3,3,0,1,5,9,4,1,1,27,0,1,0,2,1,400,1,4,0,1995,1,4,3,1,7,3,0,1,0,0,0,0,0.43706754122574026
5,1,2,17,1,4,5,3,1,1,40,0,0,0,5,3,400,1,5,0,1994,0,4,3,0,7,0,0,1,0,0,1,1,0.7290159463912153
11,4,0,15,1,0,11,5,1,2,24,0,0,0,1,14,400,4,3,0,1994,0,4,3,0,5,3,0,1,0,0,0,0,0.44998988584434296
5,2,2,6,1,1,5,2,1,1,23,0,1,0,0,14,400,1,3,0,1994,1,4,3,2,5,1,4,2,0,0,0,0,0.49998405498379517
8,3,0,17,1,5,8,5,1,1,40,1,0,0,4,10,400,4,5,0,1996,0,4,3,0,7,0,0,1,0,0,0,0,0.09713287732846504
6,5,5,13,1,1,5,1,1,1,42,0,2,1,0,7,400,4,5,0,1996,2,4,3,1,7,0,0,1,0,0,0,0,0.029457862487837664
8,4,2,13,1,4,6,1,1,1,38,1,1,0,0,8,400,4,5,0,1996,1,0,1,1,7,0,0,1,0,0,0,0,0.10128137855346583
11,5,0,13,0,1,10,2,1,1,46,0,1,0,1,11,400,2,6,0,1994,1,4,3,0,8,2,0,1,0,0,0,0,0.40311557079163085
5,4,0,17,1,6,1,1,1,1,35,1,1,0,0,1,400,1,4,0,1996,1,4,3,1,6,2,0,1,0,0,0,0,0.05733084886876249
7,2,4,5,1,6,7,3,1,2,46,1,1,0,1,1,400,3,6,0,1995,1,4,3,2,8,0,0,1,0,0,0,0,0.09147077689782773
3,4,1,2,1,1,3,4,1,1,52,0,2,1,1,9,400,1,6,0,1996,2,4,3,3,8,0,0,1,0,0,0,0,0.0507902746055768
3,4,0,9,1,4,7,2,0,2,34,0,0,0,0,5,400,1,4,0,1995,0,4,3,0,5,1,0,1,0,0,0,1,0.6211356419207418
0,1,2,2,1,4,0,2,0,1,35,1,1,0,1,14,400,2,4,0,1994,1,4,3,1,6,3,0,1,0,0,0,0,0.09919604291400055
10,4,0,13,1,5,10,5,1,2,21,1,1,0,1,8,400,1,3,0,1994,1,4,3,1,5,1,4,2,1,0,0,0,0.06531743416916819
6,4,0,9,1,5,6,4,1,2,27,0,2,1,1,6,400,3,4,0,1995,2,4,3,2,6,0,0,1,0,0,0,0,0.11496259479227292
3,5,1,6,1,5,7,1,1,1,29,0,2,1,1,16,400,4,4,0,1995,2,4,3,3,7,3,0,1,0,0,0,0,0.0388548382727302
4,1,6,17,1,6,3,2,0,2,24,1,1,0,0,6,400,2,3,0,1994,1,4,3,2,4,0,0,1,0,0,0,0,0.06445318203987437
4,4,1,13,1,1,4,4,1,1,52,0,2,1,0,7,400,4,6,0,1994,2,4,3,3,7,0,0,1,0,0,0,0,0.041501325962455
9,2,0,17,1,1,9,3,1,1,46,0,2,1,0,7,400,2,6,1,1996,2,4,3,0,8,1,0,1,0,0,0,0,0.11196583568769856
6,3,4,13,0,5,6,3,1,1,37,1,2,1,1,7,400,2,5,0,1994,2,4,3,2,8,2,0,3,0,0,0,0,0.022135492929866624
7,3,4,2,1,4,7,3,1,2,34,0,2,1,1,14,700,1,4,0,1994,2,4,3,2,7,3,0,1,0,0,0,0,0.023370427093180397
10,3,2,17,1,1,10,3,1,1,42,1,2,1,0,9,700,2,5,0,1996,2,4,3,2,8,1,0,1,0,0,0,0,0.09495183048592687
1,1,5,9,1,6,1,1,1,1,45,0,1,0,0,7,400,2,5,0,1994,1,4,3,2,8,2,0,1,0,0,0,1,0.540172658823272
10,4,5,6,1,4,10,4,1,1,42,1,0,0,0,15,400,4,5,0,1995,0,4,3,0,7,0,0,1,0,0,0,0,0.0868226074212183
5,1,6,9,1,6,5,2,1,1,45,0,1,0,1,1,400,3,5,0,1995,1,4,3,0,7,0,0,1,0,0,0,1,0.5775676998918761
10,5,3,17,1,4,9,1,1,1,56,0,1,0,1,14,400,4,7,0,1995,1,4,3,1,7,2,0,1,0,0,0,0,0.4274861283202228
2,4,1,2,1,5,4,1,1,1,39,1,2,1,5,10,400,3,5,0,1996,2,4,3,0,7,0,0,1,0,0,0,0,0.049519950944781996
1,3,0,0,1,1,11,1,1,2,24,0,2,1,1,15,400,2,3,0,1994,2,4,3,2,6,1,0,1,0,0,1,0,0.06657167912304021
4,1,1,17,1,6,4,1,1,1,44,0,0,0,4,10,400,1,5,0,1995,0,4,3,1,7,0,0,1,0,0,0,1,0.6580873091335042
7,2,0,9,1,1,7,3,1,1,33,0,2,1,0,8,400,3,4,0,1994,2,4,3,3,7,0,0,1,0,0,0,0,0.05272947203437738
8,1,6,6,1,0,8,2,1,2,20,0,4,1,5,6,400,2,2,0,1994,1,4,3,0,3,0,0,1,0,0,1,1,0.5029637788720928
9,4,1,13,1,1,9,4,1,2,63,0,2,1,0,1,400,2,7,0,1996,2,4,3,2,8,2,0,1,0,0,0,0,0.03148697162074731
7,3,6,9,1,6,7,3,1,2,33,0,2,1,0,1,400,3,4,0,1996,2,4,3,2,7,3,0,1,0,0,0,0,0.030324274865860108
1,2,4,13,1,6,1,3,1,1,37,0,0,0,0,16,400,4,5,0,1994,0,4,3,0,7,1,0,1,0,0,0,1,0.7236897974027602
9,2,3,17,1,1,9,2,1,1,54,1,0,0,0,9,400,2,6,0,1995,0,4,3,0,8,0,0,1,0,0,0,0,0.07079616988658871
5,5,0,13,1,6,1,1,0,1,38,0,1,0,0,14,400,3,5,0,1995,1,2,2,1,3,0,0,1,0,0,0,0,0.3897716757198952
9,1,5,2,1,6,9,1,1,1,40,1,2,1,1,9,400,4,5,0,1995,2,4,3,2,7,2,0,1,0,0,0,0,0.010716466662688762
5,2,5,17,1,5,5,2,1,1,76,0,1,0,1,10,400,2,8,0,1994,1,4,3,2,8,0,0,1,0,0,0,1,0.5001623492758184
5,1,5,6,1,5,5,1,1,1,50,0,2,1,5,5,400,4,6,0,1994,2,4,3,3,8,3,0,1,0,0,0,0,0.04180088670071579
4,1,5,9,1,1,4,5,1,2,24,0,4,1,5,3,400,4,3,0,1996,1,4,3,1,4,0,0,3,0,0,0,0,0.4312596409549991
9,2,0,17,1,5,4,1,1,1,38,0,1,0,0,7,400,2,5,0,1994,1,4,3,1,7,0,0,1,0,0,1,0,0.49038517922025165
6,1,6,13,1,4,6,1,0,2,30,0,0,0,4,13,400,4,4,0,1994,0,4,3,1,6,2,0,1,0,0,0,1,0.6239140952734428
2,2,5,6,1,1,2,3,1,2,44,0,1,0,0,2,400,2,5,0,1996,1,4,3,1,7,3,0,3,0,0,0,1,0.5067229916505146
6,3,5,9,1,5,6,3,1,1,75,0,2,1,0,2,400,4,8,0,1995,2,4,3,2,8,3,0,1,0,0,0,0,0.03441192745435264
6,3,1,18,0,5,6,3,1,1,56,0,2,1,5,8,400,3,7,0,1996,2,4,3,3,8,1,0,1,0,0,0,0,0.06344332498473165
11,3,3,17,1,5,11,3,0,1,49,0,0,0,4,13,400,3,6,0,1994,0,4,3,0,6,0,0,1,0,0,0,0,0.434302093899932
7,1,0,13,1,4,7,2,1,1,67,0,0,0,4,9,400,2,8,0,1996,0,4,3,0,8,0,0,1,0,0,0,1,0.5623270285056872
4,4,4,17,1,4,4,4,1,1,48,0,1,0,5,6,400,1,6,0,1996,1,4,3,2,8,0,0,1,0,0,0,1,0.5120812046902037
5,2,2,17,1,5,1,1,1,1,29,0,0,0,4,9,400,3,4,0,1996,0,4,3,2,6,0,0,1,0,0,0,1,0.6893466092422861
9,4,0,9,1,1,2,1,1,2,44,1,2,1,1,6,400,4,5,0,1994,2,4,3,1,8,3,0,1,0,0,0,0,0.022741967656738426
1,2,2,6,1,1,1,2,0,3,59,0,0,0,0,3,400,4,7,0,1994,0,4,3,3,7,1,0,1,0,0,0,1,0.5258084274343591
8,5,6,2,1,4,6,2,0,1,33,1,0,0,0,12,400,3,4,0,1995,0,4,3,1,6,0,0,1,0,0,0,0,0.09953414132530813
1,5,3,6,1,1,11,1,1,2,21,0,2,1,0,3,400,2,3,0,1994,2,4,3,3,5,3,0,1,0,0,0,0,0.057908789316077305
5,2,6,9,1,4,5,2,1,1,53,0,1,0,1,2,400,1,6,0,1995,1,4,3,0,8,0,0,1,0,0,0,1,0.5621354268641185
8,2,2,13,1,0,8,3,1,1,44,1,1,0,0,5,400,3,5,0,1996,1,4,3,0,7,3,0,1,0,0,0,0,0.06326543530561744
4,5,5,2,1,4,3,2,1,1,31,1,1,0,1,7,400,4,4,0,1995,1,4,3,0,7,2,0,1,0,0,0,0,0.08962460031060118
8,3,6,13,1,5,8,4,1,1,58,0,1,0,0,11,400,3,7,0,1996,1,4,3,0,8,0,0,1,0,0,0,1,0.5183708390479668
3,3,5,17,1,5,3,3,1,1,41,0,1,0,0,9,400,2,5,0,1995,1,4,3,1,7,3,0,1,0,0,0,1,0.517033645631722
4,2,0,6,1,4,4,2,1,2,16,1,0,0,5,16,400,4,0,0,1994,0,4,3,1,0,0,0,1,0,0,0,0,0.10826833189147873
3,4,0,17,1,0,7,2,1,1,29,0,1,0,0,7,400,2,4,0,1994,1,4,3,1,7,0,0,1,0,0,0,1,0.5792307169180605
8,1,0,9,1,1,8,2,1,1,39,1,1,0,5,16,700,4,5,0,1995,1,4,3,0,7,3,0,1,0,0,0,0,0.16082528986683414
7,1,0,9,1,5,7,4,1,1,29,0,2,1,0,14,400,3,4,0,1994,2,4,3,3,6,1,0,1,0,0,0,0,0.041838222896130345
11,5,0,9,0,0,11,5,1,1,26,0,2,1,0,3,400,3,4,0,1994,2,4,3,3,7,0,0,1,0,0,0,0,0.05353792359142932
7,4,3,9,1,5,7,5,1,2,28,0,2,1,0,6,400,2,4,0,1995,2,4,3,2,5,1,0,1,0,0,0,0,0.10421605728433311
4,5,0,13,1,6,3,2,1,1,47,0,0,0,4,15,400,2,6,0,1994,0,4,3,0,8,1,0,1,0,0,0,1,0.5883456647974394
11,1,5,6,1,5,11,1,0,0,39,0,2,1,0,12,400,1,5,0,1994,2,4,3,2,7,2,0,3,0,0,0,0,0.008396242959397116
9,3,0,9,1,5,9,4,1,1,54,1,0,0,1,9,400,1,6,0,1995,0,4,3,0,8,3,0,1,0,0,0,0,0.05162383504993719
6,2,0,9,1,1,6,2,1,2,30,1,0,0,0,10,400,2,4,0,1996,0,4,3,1,7,3,0,1,0,0,0,0,0.08877998057489508
7,4,3,13,1,4,0,2,1,1,28,0,1,0,0,10,400,3,4,0,1996,1,4,3,2,6,1,0,1,0,0,0,1,0.5468085247398825
10,3,2,2,1,0,10,4,1,2,49,0,2,1,5,6,400,2,6,0,1994,2,4,3,3,7,2,0,1,0,0,0,0,0.022743884857731336
11,1,0,15,1,1,11,1,1,1,44,0,1,0,1,1,400,4,5,0,1996,1,4,3,0,8,0,0,1,0,0,0,1,0.5174767175687198
2,3,6,13,1,4,2,4,1,1,54,0,0,0,0,8,400,2,6,0,1994,0,4,3,0,6,0,0,1,0,0,0,1,0.6017590569861826
1,2,1,6,1,0,1,2,1,2,58,0,0,0,4,4,400,1,7,0,1995,0,4,3,2,8,3,0,1,0,0,0,1,0.5594181644792
7,1,3,2,0,6,7,2,1,2,31,0,1,0,0,4,400,3,4,0,1995,1,4,3,2,6,0,0,1,0,0,0,1,0.5974814985910466
0,4,1,2,1,5,0,4,1,1,40,0,0,0,5,13,400,4,5,0,1994,0,4,3,1,7,1,0,1,1,0,0,1,0.5633360136162249
6,5,0,13,1,1,11,2,1,1,47,0,6,2,2,12,400,2,6,0,1996,0,4,3,1,8,0,0,1,0,0,0,0,0.3551582441873892
3,2,2,2,1,6,3,4,1,1,55,0,2,1,1,2,400,1,6,0,1995,2,4,3,3,8,3,0,1,0,0,0,0,0.07346298187719802
1,2,4,13,1,0,11,1,1,1,55,0,0,0,0,3,400,1,6,0,1995,0,4,3,0,8,0,0,1,0,0,0,1,0.5521916174046855
3,1,4,2,1,0,3,1,0,2,34,0,2,1,0,4,400,4,4,0,1996,2,4,3,2,7,3,0,1,0,0,0,0,0.009242850095306296
8,1,5,6,1,6,8,1,1,1,62,1,1,0,0,3,400,1,7,0,1996,1,4,3,2,8,3,0,1,0,0,0,0,0.051613770438407675
8,2,3,9,0,5,8,4,1,2,29,0,1,0,0,4,400,1,4,0,1994,1,4,3,1,7,0,0,1,0,0,1,1,0.5819471373038055
0,3,3,13,1,4,0,3,1,2,32,0,1,0,1,14,400,1,4,0,1996,1,4,3,2,7,3,0,1,0,0,0,1,0.5335695012663387
9,2,6,0,0,2,4,1,1,1,42,0,0,0,5,2,400,2,5,0,1994,0,4,3,0,8,0,0,1,0,0,0,1,0.5203695271019381
1,2,4,17,1,0,1,3,1,2,42,0,0,0,0,3,400,4,5,0,1996,0,4,3,2,7,3,0,1,0,0,0,1,0.6189534299228935
6,3,6,2,1,5,6,3,1,1,69,0,1,0,1,2,400,2,8,0,1994,1,4,3,0,8,1,0,1,0,0,0,1,0.5076529782775987
7,3,2,17,1,0,7,4,1,2,29,0,1,0,0,1,500,3,4,0,1994,1,4,3,2,7,1,3,1,0,0,0,1,0.5101262842707021
3,1,2,2,1,1,3,1,1,1,66,0,1,0,1,8,400,3,8,0,1995,1,4,3,0,8,3,4,2,0,0,0,0,0.3571931744147666
8,2,0,9,1,5,8,4,1,1,42,0,1,0,0,9,400,1,5,0,1996,1,4,3,2,7,3,0,1,0,0,1,1,0.5640971951743277
4,3,1,13,1,5,4,4,1,1,26,0,0,0,0,10,400,1,4,0,1994,0,4,3,2,7,0,0,1,0,0,0,1,0.7185882032902338
8,5,5,9,1,4,6,3,1,1,39,0,2,1,0,9,400,3,5,0,1996,2,4,3,2,7,0,0,1,0,0,0,0,0.036223814400582366
0,1,3,18,1,5,8,2,1,1,64,1,0,0,5,10,400,2,7,0,1995,0,4,3,0,7,0,0,1,0,0,0,0,0.06311539660366884
3,3,1,2,1,5,3,4,1,2,34,0,2,1,0,2,400,4,4,0,1994,2,4,3,1,6,3,4,2,0,0,0,0,0.040804599041329076
3,2,5,13,1,5,3,2,1,1,39,1,2,1,1,1,400,3,5,1,1994,2,4,3,2,7,1,0,3,0,0,0,0,0.018902886527132578
4,1,1,5,1,1,4,2,1,1,61,0,1,0,2,6,400,2,7,0,1994,1,4,3,2,8,2,0,1,0,0,1,0,0.49279117530381716
0,2,0,9,1,1,0,2,0,2,28,0,1,0,1,3,400,2,4,0,1996,1,4,3,2,6,3,0,1,0,0,0,0,0.46193497108012016
3,1,6,6,1,4,3,1,1,1,41,0,1,0,0,9,400,2,5,0,1995,1,4,3,2,7,2,0,1,0,0,0,1,0.5845510640414744
3,4,5,9,1,6,3,4,1,2,24,0,2,1,0,14,400,1,3,0,1995,2,4,3,2,5,2,0,1,0,0,0,0,0.05893392219292214
8,1,4,6,1,0,8,3,1,1,41,0,0,0,0,1,400,4,5,0,1996,0,4,3,0,7,0,0,1,0,0,0,1,0.6639350292245986
4,2,5,13,1,5,4,2,1,2,30,0,2,1,0,6,400,3,4,0,1995,2,4,3,2,6,2,0,1,0,0,0,0,0.04121250074677629
6,2,5,6,1,5,6,2,1,1,41,0,2,1,1,10,400,2,5,0,1994,2,4,3,1,7,3,0,3,0,0,0,0,0.0391801380676178
4,5,1,2,1,6,3,1,1,1,63,0,2,1,0,6,500,2,7,0,1995,2,4,3,2,7,0,3,1,0,0,0,0,0.06940681674342866
9,4,0,9,1,1,2,2,1,1,43,0,1,0,0,7,400,2,5,0,1994,1,4,3,1,7,3,0,1,0,0,0,0,0.4318270666042543
9,3,5,9,1,6,9,4,0,1,61,0,1,0,1,15,400,4,7,0,1995,1,4,3,1,7,0,4,2,0,0,0,0,0.36077548183358565
2,2,5,6,1,5,2,2,0,2,34,0,2,1,0,7,400,1,4,0,1995,2,4,3,2,6,0,0,1,0,0,0,0,0.03648720355683179
8,1,6,13,1,1,8,2,0,2,40,1,2,1,4,9,400,3,5,0,1994,2,4,3,2,7,0,2,1,0,0,0,0,0.011274402755182178
5,5,1,17,1,6,1,1,1,1,77,0,0,0,5,9,400,1,8,0,1994,0,4,3,2,8,0,0,1,0,0,0,0,0.4808148690086332
5,3,1,9,1,5,5,3,1,1,48,1,0,0,4,9,400,1,6,0,1995,0,4,3,0,8,1,0,1,0,0,0,0,0.08457846806400894
1,3,6,17,1,6,1,3,1,2,44,0,2,1,0,1,400,1,5,0,1994,2,4,3,1,7,1,0,1,0,0,0,0,0.057676396522416275
4,1,4,6,1,5,4,2,1,2,16,1,1,0,5,10,400,4,0,0,1994,1,4,3,0,0,0,4,2,0,0,0,0,0.09770682348142647
6,3,2,9,1,1,6,3,1,1,35,0,4,1,5,11,400,3,4,0,1994,1,4,3,0,3,0,0,1,0,0,1,1,0.5300372117830452
8,1,4,17,1,0,8,3,1,2,33,1,1,0,1,10,400,4,4,0,1995,1,4,3,0,6,1,0,1,0,0,0,0,0.09791907170342999
1,3,1,9,1,4,1,4,1,1,70,0,2,1,0,9,400,1,8,1,1995,2,4,3,2,8,3,0,1,0,0,0,0,0.05829358341989164
2,4,6,2,0,6,2,5,1,1,37,0,8,2,5,6,400,4,5,0,1996,2,4,3,2,7,0,0,1,0,0,0,0,0.14105484759806042
6,5,5,9,0,5,6,5,1,2,49,0,2,1,0,2,400,4,6,0,1996,2,4,3,2,8,1,0,1,0,0,0,0,0.041688799276066876
5,3,2,6,1,5,1,1,1,2,26,0,1,0,1,10,400,2,4,0,1994,1,4,3,0,6,1,0,1,0,0,0,1,0.6028918574294514
5,4,0,2,1,1,5,4,1,1,53,0,2,1,0,11,400,3,6,0,1995,2,4,3,2,7,0,0,1,0,0,0,0,0.051536861355576724
6,4,2,9,1,1,5,2,1,2,21,1,4,1,5,1,400,4,3,0,1996,1,4,3,0,5,0,0,1,0,0,0,0,0.11537428921007475
1,5,3,6,0,1,1,5,1,2,33,1,1,0,1,1,400,4,4,0,1996,1,4,3,1,6,3,0,1,0,0,0,0,0.07136774070030691
7,2,0,13,1,1,7,3,1,1,36,0,0,0,0,10,400,1,5,0,1994,0,4,3,0,7,3,0,1,0,0,0,1,0.6752468518994975
6,1,4,6,0,4,6,1,1,2,29,0,2,1,0,11,400,2,4,0,1996,2,4,3,2,6,1,0,1,0,0,0,0,0.0287171174927756
9,2,2,2,1,5,4,3,1,2,46,0,0,0,0,8,500,1,6,0,1995,0,4,3,0,8,0,3,1,0,0,0,0,0.4491966286858289
6,4,6,5,0,4,6,4,1,1,53,1,1,0,2,6,400,3,6,0,1995,1,4,3,0,8,0,0,1,0,0,0,0,0.08612870982610167
11,2,3,9,0,5,11,2,1,1,28,0,2,1,0,6,400,2,4,0,1994,2,4,3,2,5,2,0,1,0,0,0,0,0.04074278511000276
7,5,4,17,0,6,0,2,1,1,42,0,1,0,0,10,400,1,5,0,1996,1,4,3,0,7,3,0,1,0,0,0,0,0.46233065494867653
6,2,5,13,1,6,6,3,1,1,26,0,1,0,0,14,400,2,4,0,1996,1,4,3,3,7,0,0,1,0,0,0,0,0.49425247245050824
10,4,5,17,1,5,10,4,1,2,24,0,1,0,0,2,400,3,3,0,1996,1,4,3,0,4,0,0,1,0,0,0,1,0.5041512725639514
5,5,0,13,0,5,1,1,1,1,57,0,6,2,2,15,400,4,7,0,1995,0,4,3,2,6,1,0,1,0,0,0,0,0.34175691057323804
9,3,5,9,1,4,2,2,1,1,42,0,6,2,5,4,400,3,5,0,1994,0,4,3,3,6,0,0,3,0,0,0,0,0.30331461894395323
10,3,5,17,1,4,9,1,1,1,27,1,2,1,0,14,400,1,4,0,1994,2,0,3,2,7,0,0,1,0,0,0,0,0.00995025947331413
9,3,5,6,1,5,3,2,0,1,39,0,4,1,5,15,400,3,5,0,1996,1,4,3,2,5,0,0,1,0,0,0,0,0.40415880106843843
7,2,0,2,1,1,7,3,0,1,55,1,0,0,5,4,400,3,6,0,1995,0,4,3,3,8,3,0,1,0,0,0,0,0.04959577032325899
7,5,1,13,0,5,0,3,1,1,59,0,1,0,1,6,400,2,7,0,1994,1,4,3,0,8,2,0,1,0,0,0,1,0.5039305002026907
11,1,5,6,1,4,11,2,1,2,25,1,0,0,0,16,400,2,3,0,1994,0,4,3,1,6,2,0,1,0,0,0,0,0.055679896999798986
4,1,3,18,1,5,4,1,1,1,30,0,2,1,5,14,400,3,4,0,1996,2,4,3,3,7,2,0,1,0,0,0,0,0.037127200259894154
5,2,6,6,1,0,5,3,1,1,53,0,0,0,1,15,400,3,6,0,1994,0,4,3,1,8,3,0,1,0,0,0,0,0.48621552775173127
0,3,1,6,1,5,0,3,1,1,56,0,1,0,0,15,400,2,7,0,1994,1,4,3,0,8,3,0,1,0,0,0,0,0.4891738917701061
4,2,3,2,1,1,4,2,1,1,77,1,2,1,3,9,400,3,8,1,1995,2,4,3,2,8,3,0,1,0,0,0,0,0.020401805553642065
4,3,4,13,1,5,7,1,1,1,65,1,2,1,0,7,500,1,7,0,1996,2,4,3,2,7,1,3,1,0,0,0,0,0.03623609372798781
2,3,3,6,1,5,7,4,1,2,16,1,0,0,5,2,400,1,0,0,1994,0,4,3,1,0,0,0,1,0,0,0,0,0.14534079046283008
0,1,3,9,1,1,0,2,1,1,33,0,2,1,1,14,400,3,4,0,1996,2,4,3,1,6,0,0,1,0,0,0,0,0.035801575439378085
5,2,6,13,1,1,5,3,1,1,42,0,1,0,1,7,400,2,5,0,1994,1,4,3,0,6,0,0,1,0,0,0,1,0.6357514203231931
2,1,3,9,1,5,2,1,1,1,65,0,1,0,4,8,400,1,7,0,1995,1,4,3,1,7,1,0,1,0,0,0,1,0.531590102021753
9,1,3,0,1,1,9,1,1,1,38,0,2,1,1,14,400,2,5,0,1995,2,4,3,0,7,3,0,1,0,0,0,0,0.028745971682723873
10,1,5,13,1,0,10,1,1,1,59,0,1,0,0,14,400,2,7,0,1995,1,4,3,0,8,0,0,1,0,0,0,0,0.4627241613558089
4,4,2,2,0,4,7,1,1,1,29,0,1,0,1,15,400,1,4,0,1995,1,4,3,1,7,0,0,1,0,0,1,1,0.5503502604397216
9,5,5,17,1,5,9,5,1,2,33,1,1,0,4,1,400,1,4,0,1995,1,4,3,1,6,1,0,1,0,0,0,0,0.0760189104167259
9,4,4,13,1,1,9,4,0,3,34,0,1,0,5,11,400,4,4,0,1994,1,4,3,2,7,3,0,1,0,0,0,0,0.3336629478871106
0,5,0,6,1,0,0,5,1,2,16,0,2,1,5,16,400,4,0,0,1995,2,4,3,3,0,0,0,1,0,0,0,0,0.0951407159155727
2,3,3,17,1,5,2,3,1,1,27,0,2,1,0,4,400,3,4,0,1995,2,4,3,2,7,1,0,1,0,0,0,0,0.09344570910950303
5,1,2,17,1,4,5,1,1,2,33,0,2,1,1,4,400,1,4,0,1995,2,4,3,0,6,0,0,1,0,0,0,0,0.08155652622652382
2,1,4,17,1,1,2,4,0,1,49,1,1,0,1,10,400,2,6,0,1995,1,4,3,2,6,2,0,1,0,0,0,0,0.10447582026218027
5,2,3,13,1,1,5,2,1,1,74,0,2,1,0,15,400,4,8,0,1995,2,4,3,2,8,3,0,1,0,0,0,0,0.022651048701595476
1,4,0,13,1,4,3,2,0,1,32,0,2,1,0,16,400,3,4,0,1995,2,4,3,0,7,0,0,3,0,0,0,0,0.04529749622568335
5,4,1,2,0,5,5,4,0,1,26,0,2,1,0,13,400,4,4,0,1995,2,4,3,3,6,0,0,1,0,0,0,0,0.03999758835849841
11,3,5,9,0,5,10,1,1,1,27,0,2,1,1,11,400,1,4,0,1996,2,4,3,2,6,3,0,1,0,0,0,0,0.05184580277913284
7,3,5,6,1,4,0,2,1,1,33,0,0,0,4,12,400,1,4,0,1995,0,4,3,2,7,0,4,2,0,0,0,1,0.5756043693521478
5,4,0,13,1,1,5,4,0,2,43,1,1,0,0,10,400,2,5,0,1996,1,2,1,1,7,0,0,1,1,0,0,0,0.0700076878809587
4,1,4,18,1,1,4,2,1,1,60,0,1,0,2,10,400,3,7,0,1994,1,4,3,3,8,3,0,1,0,0,0,0,0.37355278483238374
5,2,3,13,1,4,11,2,1,1,36,1,1,0,1,16,400,2,5,0,1996,1,4,3,2,7,1,0,1,0,0,0,0,0.09000886867351215
0,3,6,17,1,5,8,4,1,1,29,0,2,1,0,1,400,1,4,0,1996,2,4,3,2,7,0,0,1,0,0,0,0,0.07439151097778121
3,1,2,13,1,6,7,1,1,1,30,0,1,0,0,7,400,3,4,0,1996,1,4,3,1,7,3,0,1,0,0,0,1,0.5311831765021274
5,3,5,13,1,4,5,4,0,1,53,1,0,0,4,3,400,3,6,0,1994,0,2,1,0,5,0,0,1,0,0,0,0,0.06451595541279406
5,4,3,6,1,0,5,5,1,1,19,0,4,1,5,13,400,4,2,0,1994,1,4,3,0,2,0,0,1,0,0,1,0,0.4563214746393801
1,2,2,2,1,0,1,3,1,1,65,0,0,0,5,7,400,1,7,0,1994,0,4,3,0,8,3,0,1,0,0,0,1,0.5256447473600988
1,4,3,18,1,6,1,5,1,1,42,0,2,1,5,14,400,3,5,0,1994,2,4,3,2,7,3,0,1,0,0,0,0,0.073745229701611
6,1,0,0,1,0,6,1,1,1,52,0,2,1,0,3,400,4,6,0,1995,2,4,3,2,7,3,0,1,0,0,0,0,0.04545701526929902
10,3,2,6,1,6,10,4,1,1,36,1,2,1,0,5,400,1,5,0,1996,2,4,3,0,7,0,0,1,0,0,0,0,0.1018281580866626
5,4,1,17,1,6,5,4,0,2,31,0,2,1,0,10,400,3,4,0,1994,2,4,3,2,7,1,0,1,1,0,0,0,0.07693127108575293
4,2,6,2,1,1,5,3,1,1,56,1,1,0,0,12,400,1,7,0,1995,1,4,3,2,8,1,0,1,0,0,0,0,0.08408348438004261
11,5,6,13,1,4,11,5,1,1,59,1,1,0,5,1,400,2,7,0,1994,1,4,3,1,8,3,4,2,0,0,0,0,0.028879625456810724
4,3,1,2,1,6,4,3,1,1,35,0,2,1,0,6,400,3,4,0,1994,2,4,3,3,7,1,0,1,0,0,0,0,0.08916292524389866
6,4,1,2,1,6,6,5,1,1,27,1,1,0,1,9,400,3,4,0,1996,1,4,3,3,7,1,0,1,0,0,0,0,0.08675972523953886
0,1,1,6,1,4,0,2,1,1,42,0,0,0,1,12,400,3,5,0,1995,0,4,3,2,8,0,0,1,0,0,0,1,0.5953391806584544
10,3,0,6,1,0,10,3,1,1,55,0,2,1,0,8,400,1,6,0,1995,2,4,3,1,7,3,0,1,0,0,0,0,0.02468931468208626
5,2,6,17,1,6,5,2,1,1,33,0,2,1,0,1,400,3,4,0,1996,2,4,3,3,6,3,0,3,0,0,0,0,0.033311423099430575
10,4,5,2,1,6,2,3,0,1,52,1,2,1,1,11,400,3,6,1,1996,2,4,3,2,8,0,0,1,0,0,0,0,0.018121479721018043
3,3,4,18,1,6,7,1,1,1,38,1,2,1,0,4,400,3,5,0,1996,2,4,3,3,7,3,0,1,0,0,0,0,0.0354731621343277
2,2,2,2,1,5,2,2,1,1,48,0,2,1,0,14,400,3,6,0,1995,2,4,3,0,8,0,0,1,0,0,0,0,0.049753577582890035
4,3,6,17,1,6,4,3,0,1,39,0,2,1,0,4,400,4,5,0,1994,2,4,3,1,7,1,0,1,0,0,0,0,0.045317151076563957
4,3,2,2,1,5,4,4,1,1,44,0,0,0,1,9,400,3,5,0,1995,0,4,3,2,7,1,0,1,0,0,1,1,0.6791974760183851
2,5,0,13,1,1,4,1,1,2,44,0,2,1,0,9,500,2,5,0,1994,2,4,3,1,8,3,3,1,0,0,0,0,0.07118930009483004
2,2,2,13,1,1,2,2,1,1,37,0,2,1,1,15,700,4,5,0,1995,2,4,3,1,7,0,0,1,0,0,0,0,0.033607889990572855
3,4,1,2,1,5,7,1,0,2,40,0,1,0,0,2,400,2,5,0,1996,1,4,3,0,7,0,0,1,0,0,0,0,0.48643227356848756
4,2,0,6,1,4,4,3,1,2,16,0,0,0,5,3,400,3,0,0,1994,0,4,3,0,0,0,0,1,0,0,0,1,0.772389293622425
11,2,3,13,1,0,10,3,1,1,57,0,0,0,0,4,500,4,7,0,1996,0,4,3,0,8,3,3,1,0,0,0,0,0.31216630960351616
0,1,5,6,1,6,0,1,1,2,35,1,0,0,0,1,400,3,4,0,1995,0,4,3,0,6,0,0,1,0,0,0,0,0.06922234721986341
4,3,0,9,1,5,4,4,0,2,27,1,0,0,0,6,400,2,4,0,1994,0,4,3,0,4,0,0,1,0,0,0,0,0.10176525696877661
3,3,2,2,1,4,3,4,1,1,55,0,2,1,1,6,400,2,6,0,1995,2,4,3,3,8,3,0,1,0,0,0,0,0.09261835720161601
4,5,2,2,0,5,3,2,1,1,30,1,0,0,1,10,400,2,4,0,1995,0,4,3,2,7,3,0,1,0,0,0,0,0.10027306953531129
1,3,6,17,1,5,5,2,1,1,35,0,0,0,0,4,400,3,4,0,1994,0,4,3,1,7,3,0,1,0,0,0,1,0.73487476326447
1,3,0,13,0,4,11,1,1,1,40,0,2,1,0,11,400,4,5,0,1994,2,4,3,2,7,0,0,1,0,0,0,0,0.05970793346880652
10,3,4,13,1,6,10,4,1,1,30,0,0,0,4,4,400,1,4,0,1996,0,4,3,2,6,3,0,1,0,0,0,1,0.5319316625007285
5,5,4,2,1,4,1,1,1,1,40,0,6,2,5,3,400,4,5,0,1994,0,4,3,2,8,2,0,1,0,0,0,0,0.4789507110853296
11,2,0,6,1,6,11,4,1,1,53,0,0,0,4,4,400,2,6,0,1996,0,4,3,0,8,1,0,1,0,0,1,1,0.6168837159029859
7,1,0,17,0,6,0,1,1,2,27,0,1,0,0,11,400,1,4,0,1996,1,4,3,0,6,0,0,1,0,0,0,1,0.505846323049365
1,4,1,17,1,1,1,4,1,2,24,0,1,0,0,2,400,4,3,0,1994,1,4,3,2,5,1,0,1,0,0,0,0,0.475052000661681
11,3,6,13,1,6,11,3,1,1,60,0,1,0,4,5,400,4,7,0,1995,1,4,3,1,8,3,0,1,0,0,0,0,0.4019224201411222
3,1,3,11,1,4,3,3,1,2,34,0,2,1,5,12,400,2,4,0,1994,2,4,3,1,7,3,0,1,0,0,0,0,0.03282399376254931
11,4,3,13,1,6,9,2,1,2,34,0,1,0,0,15,400,1,4,0,1994,1,4,3,1,7,2,0,1,0,0,0,0,0.41573119754929416
2,3,3,17,1,0,2,4,1,1,27,0,2,1,0,1,400,3,4,0,1995,2,4,3,3,6,3,0,1,0,0,0,0,0.0545668979254798
5,2,5,9,1,5,5,2,1,1,33,0,2,1,1,15,400,3,4,0,1995,2,4,3,3,6,3,2,1,0,0,0,0,0.031731649279796076
7,1,4,0,0,0,7,3,1,1,34,0,1,0,0,16,400,3,4,0,1995,1,4,3,2,6,0,0,1,0,0,0,1,0.5329606749167171
7,2,3,17,1,0,0,4,1,1,40,0,0,0,0,1,400,1,5,0,1996,0,4,3,2,7,0,0,1,0,0,0,1,0.5914231754693542
5,4,6,13,1,6,1,1,1,2,22,0,1,0,0,2,400,1,3,0,1996,1,4,3,1,5,1,0,1,1,0,0,0,0.3848778858860545
4,3,1,13,1,4,4,3,1,1,63,0,0,0,4,13,500,4,7,0,1994,0,4,3,2,7,1,3,2,0,0,0,0,0.38591088765415316
10,3,2,15,1,0,10,4,0,1,37,0,2,1,0,14,400,2,5,0,1994,2,4,3,1,7,3,0,1,0,0,0,0,0.02419318633095253
1,2,5,0,1,0,1,4,1,1,54,0,2,1,5,11,400,1,6,0,1994,2,4,3,1,7,0,0,1,0,0,0,0,0.08008001516742586
8,4,0,13,1,1,6,1,1,1,53,0,2,1,5,11,400,3,6,0,1996,2,4,3,2,7,3,0,1,0,0,0,0,0.049498087141698885
9,2,4,13,1,4,9,2,1,1,64,0,2,1,5,1,400,3,7,0,1995,2,4,3,2,8,3,0,1,0,0,0,0,0.029563125022134297
8,1,3,17,1,5,8,1,1,1,48,0,0,0,4,15,400,4,6,0,1995,0,4,3,2,7,3,0,1,0,0,0,1,0.5397253877635783
3,1,3,9,1,5,3,2,0,1,32,0,2,1,0,9,400,4,4,0,1996,2,4,3,2,7,0,0,1,0,0,0,0,0.03788130017093655
8,5,2,0,1,4,6,1,1,1,53,1,0,0,1,10,400,1,6,0,1996,0,4,3,0,7,0,0,1,0,0,0,0,0.07202057953344834
1,5,5,3,1,6,1,5,1,1,47,1,1,0,1,7,400,4,6,0,1996,1,4,3,0,8,0,0,1,0,0,0,0,0.07414776678749774
7,2,3,9,1,6,7,3,1,1,40,0,1,0,5,5,400,4,5,0,1995,1,4,3,1,5,0,0,1,0,0,1,1,0.5648138880749124
11,4,0,9,0,5,11,4,0,1,31,0,2,1,0,10,400,4,4,0,1995,2,4,3,0,6,2,0,1,0,0,0,0,0.06243786556101179
2,3,4,13,0,0,2,3,1,1,39,0,1,0,0,7,400,3,5,0,1994,1,4,3,0,7,2,0,1,0,0,0,1,0.5714143573736739
11,1,3,9,1,5,11,1,1,2,31,1,0,0,0,2,400,3,4,0,1994,0,4,3,0,6,0,0,1,0,0,0,0,0.08214972941649407
5,5,2,17,1,4,1,3,1,1,60,0,1,0,0,15,400,1,7,0,1995,1,4,3,0,8,1,0,1,0,0,0,0,0.4708291448638213
10,4,6,0,1,0,10,5,0,1,32,0,0,0,0,12,400,1,4,0,1995,0,4,3,2,7,3,0,3,0,0,0,0,0.3912071033708973
4,3,2,9,1,5,4,3,1,1,40,0,1,0,1,2,400,1,5,0,1996,1,4,3,2,7,0,0,1,0,0,0,1,0.6008881692023033
6,3,0,9,1,0,11,1,1,1,51,0,6,2,5,2,400,4,6,0,1996,0,4,3,1,8,0,0,1,0,0,0,0,0.43853360246240436
7,1,3,17,1,5,0,3,1,1,41,0,2,1,0,16,400,1,5,0,1995,2,4,3,3,8,0,0,1,0,0,0,0,0.04489300252032082
10,4,2,9,1,6,10,4,1,1,55,0,2,1,1,3,400,4,6,0,1996,2,4,3,2,7,1,0,1,0,0,0,0,0.06060209774134677
6,1,5,17,1,6,6,2,1,1,29,0,1,0,0,16,400,1,4,0,1994,1,4,3,2,6,0,0,1,0,0,0,1,0.5140004103256183
8,3,1,17,1,4,8,3,0,2,80,0,0,0,4,15,400,2,8,0,1994,0,4,3,1,7,3,0,1,0,0,0,0,0.4059922140290616
4,2,2,2,1,1,4,2,1,1,47,0,1,0,0,13,400,2,6,0,1994,1,4,3,1,8,0,4,2,0,0,0,0,0.4964594847638935
8,2,1,2,1,6,8,3,1,1,49,1,1,0,1,2,400,3,6,0,1996,1,4,3,0,8,0,0,1,0,0,0,0,0.08729714785292002
4,1,2,13,1,4,4,2,1,1,38,1,0,0,1,11,400,1,5,0,1995,0,4,3,0,7,3,0,1,0,0,0,0,0.09884080773060715
8,5,2,6,1,0,6,2,1,1,33,0,1,0,1,14,400,1,4,0,1996,1,4,3,1,7,0,0,1,0,0,0,1,0.5613716046758607
0,1,2,6,1,4,0,2,1,2,16,0,2,1,5,9,400,1,0,0,1996,2,4,3,2,0,0,0,1,0,0,0,0,0.03529264628954378
4,4,2,6,1,1,4,4,0,2,27,1,0,0,5,8,400,4,4,0,1994,0,4,3,3,0,0,0,1,0,0,0,0,0.09741773549667948
10,4,5,2,1,5,10,4,1,1,46,0,2,1,1,16,700,1,6,0,1995,2,4,3,1,7,0,0,1,0,0,0,0,0.05181806318587449
3,1,6,13,1,0,3,1,1,1,36,0,2,1,0,6,400,4,5,0,1994,2,4,3,3,7,3,0,1,0,0,0,0,0.021621048061571703
4,1,2,13,1,4,4,2,1,1,56,0,2,1,0,6,400,4,7,0,1996,2,4,3,2,8,1,0,1,0,0,0,0,0.07281856753868628
11,4,3,6,1,5,11,4,1,2,30,0,1,0,4,12,400,1,4,0,1994,1,4,3,1,6,3,0,1,0,0,0,0,0.3922812731148331
11,3,6,13,0,6,10,1,1,1,32,0,1,0,0,8,400,4,4,0,1994,1,4,3,0,6,0,0,1,0,0,0,0,0.412865915111352
5,4,1,2,1,5,5,4,1,1,30,1,1,0,5,6,400,3,4,0,1996,1,4,3,2,6,3,0,1,0,0,0,0,0.07635965654962855
3,1,5,13,1,6,3,1,0,1,76,0,0,0,4,14,400,3,8,0,1994,0,4,3,0,8,3,0,1,0,0,1,0,0.41595453864988224
2,3,2,13,1,5,2,3,0,2,28,1,0,0,0,5,400,4,4,0,1995,0,4,3,2,6,3,0,1,0,0,0,0,0.11062259023283055
2,4,5,9,1,6,2,5,0,1,32,0,2,1,5,11,400,3,4,0,1994,2,4,3,1,5,0,0,1,0,0,0,0,0.0893165108314237
1,3,0,11,1,1,1,5,1,1,58,1,0,0,5,5,400,4,7,0,1994,0,4,3,0,8,3,0,1,0,0,0,0,0.07297440268971261
5,3,5,6,1,6,5,3,1,1,31,0,2,1,0,1,400,2,4,0,1994,2,4,3,3,7,3,0,1,0,0,0,0,0.03461545725334426
7,2,3,2,0,1,7,4,1,2,29,0,2,1,5,4,400,4,4,0,1994,2,4,3,2,6,3,0,1,0,0,0,0,0.03524813197178636
3,4,1,9,1,5,3,4,1,1,41,1,2,1,1,16,400,3,5,0,1995,2,4,3,2,8,2,0,1,0,0,0,0,0.022321385502727574
11,1,0,17,1,1,11,1,1,1,40,1,1,0,0,14,400,3,5,0,1994,1,4,3,0,8,3,0,1,0,0,0,0,0.047576340350611514
1,2,6,5,1,5,1,3,1,1,27,0,0,0,1,5,400,2,4,0,1994,0,4,3,3,7,0,0,1,0,0,0,1,0.6659327697491585
0,1,0,13,1,0,0,2,1,1,55,0,0,0,1,2,400,1,6,0,1994,0,4,3,2,8,0,0,1,0,0,1,1,0.5897766624085401
9,2,1,13,1,6,9,2,1,2,34,0,2,1,0,6,400,2,4,0,1996,2,4,3,1,6,0,0,1,0,0,0,0,0.10536996675591988
8,1,1,17,1,4,8,1,1,2,35,1,1,0,0,7,400,4,4,0,1994,1,4,3,2,5,2,0,1,0,0,0,0,0.09831906697990841
11,3,5,0,1,6,11,4,1,1,38,0,0,0,1,11,400,2,5,0,1994,0,4,3,0,7,0,0,1,0,0,0,0,0.446282787292521
3,2,1,6,0,1,3,2,1,2,16,0,2,1,5,9,400,3,0,0,1995,2,4,3,0,0,0,0,1,0,0,0,0,0.035450100333571044
2,2,5,13,0,4,2,3,1,1,50,0,1,0,0,5,400,2,6,0,1994,1,4,3,2,6,3,0,1,0,0,0,1,0.5226889153736805
6,5,5,9,1,1,5,1,1,2,29,0,1,0,0,2,400,3,4,0,1995,1,4,3,1,7,0,0,3,0,0,0,1,0.5205744199505071
1,4,5,15,1,6,1,4,1,1,38,0,1,0,1,14,400,4,5,0,1994,1,4,3,0,7,0,0,1,0,0,0,1,0.5651331155106285
6,5,5,11,0,5,5,1,1,2,62,0,0,0,0,15,400,3,7,0,1994,0,4,3,0,8,2,0,1,0,0,0,1,0.5551793077534415
4,5,3,6,1,1,4,5,1,1,37,0,2,1,1,16,400,1,5,0,1995,2,4,3,2,7,0,0,1,0,0,0,0,0.0665799433235605
8,2,6,6,0,0,8,3,1,2,16,0,2,1,5,14,400,1,0,0,1995,2,4,3,2,0,0,0,1,1,0,0,0,0.02116757176650727
0,3,1,6,1,4,0,3,1,1,31,1,0,0,0,5,400,2,4,0,1994,0,4,3,0,5,0,0,1,0,0,0,0,0.13306446732399724
5,1,3,18,1,6,5,2,1,1,35,1,2,1,5,1,400,3,4,0,1995,2,4,3,3,7,0,0,1,0,0,0,0,0.026132184183413423
7,3,0,13,1,6,7,4,1,1,39,0,1,0,1,3,400,1,5,0,1996,1,4,3,2,8,1,0,1,0,0,0,1,0.5663507411291491
11,2,0,13,1,0,11,3,1,1,40,0,1,0,0,5,400,2,5,0,1994,1,4,3,2,7,1,0,1,0,0,0,0,0.4384058939573288
9,4,2,13,1,1,9,5,1,2,41,0,2,1,0,11,400,2,5,0,1994,2,4,3,2,7,3,0,1,0,0,0,0,0.028992846106043055
5,5,2,2,1,1,1,1,1,2,35,1,2,1,0,9,400,4,4,0,1995,2,4,3,3,6,3,0,3,0,0,0,0,0.005376402069370325
5,3,5,6,1,6,1,3,1,2,20,0,0,0,0,1,400,3,2,0,1994,0,4,3,0,2,1,0,1,0,0,0,1,0.615726171170957
11,1,3,2,1,1,11,1,1,1,51,0,2,1,0,6,400,3,6,0,1995,2,4,3,3,8,2,0,1,0,0,0,0,0.03624022065147334
10,2,3,5,1,5,10,2,1,1,49,1,2,1,1,3,400,2,6,0,1994,2,4,3,2,8,0,0,1,0,0,0,0,0.030754160607696458
11,1,0,17,1,5,11,2,1,1,33,0,0,0,4,6,400,4,4,0,1994,0,4,3,0,7,0,0,1,0,0,1,1,0.570447460275966
8,3,0,17,1,1,8,4,1,1,45,0,2,1,5,9,400,2,5,0,1995,2,4,3,2,7,3,0,1,0,0,0,0,0.10014900211245158
8,3,3,9,1,5,8,3,1,1,43,1,1,0,1,2,400,1,5,0,1994,1,4,3,1,8,3,0,1,0,0,0,0,0.08372034284118428
10,1,6,17,1,4,10,1,1,1,48,0,2,1,5,8,400,4,6,0,1994,2,4,3,0,8,0,0,1,0,0,0,0,0.05831793089683775
8,1,5,18,1,4,8,1,1,1,27,0,2,1,1,7,400,3,4,0,1995,2,4,3,3,7,1,0,1,0,0,0,0,0.03874442008141326
10,2,5,17,1,0,10,2,1,1,34,0,0,0,4,13,400,3,4,0,1994,0,4,3,0,7,0,0,1,0,0,0,0,0.4660508104759934
0,2,1,6,1,0,10,2,0,1,40,0,0,0,4,12,400,3,5,0,1994,0,4,3,0,7,2,0,1,0,0,0,1,0.595586813418057
0,3,1,9,0,5,0,3,1,1,36,0,1,0,0,1,400,4,5,0,1994,1,4,3,1,7,3,0,1,0,0,0,0,0.4816835117658208
1,1,2,9,1,5,1,2,1,1,40,0,1,0,0,4,400,3,5,0,1995,1,4,3,2,7,3,0,1,0,0,0,1,0.5216262827828029
1,1,6,9,1,6,1,3,0,2,34,0,0,0,4,14,400,1,4,0,1995,0,4,3,1,3,3,0,1,0,0,0,0,0.4681526369634075
10,2,1,2,1,1,10,2,1,1,28,0,1,0,0,1,400,2,4,0,1996,1,4,3,0,6,0,0,1,0,0,0,1,0.5879604271415961
4,1,5,17,1,4,4,1,1,1,38,0,1,0,0,14,400,4,5,0,1995,1,4,3,0,6,1,0,1,0,0,0,1,0.5394706588458567
1,4,1,6,0,5,1,4,1,2,32,1,0,0,5,6,400,2,4,0,1996,0,4,3,2,0,0,0,1,0,0,0,0,0.08557536361572719
0,1,1,13,1,6,0,4,0,2,29,0,1,0,4,1,400,1,4,0,1995,1,4,3,0,5,0,0,1,0,0,0,0,0.4593789409374348
5,1,1,17,0,1,5,1,1,2,30,0,1,0,0,12,400,1,4,0,1994,1,4,3,0,6,1,0,1,0,0,0,1,0.565757804484543
2,4,5,13,1,1,4,1,1,1,43,0,2,1,1,16,400,4,5,0,1996,2,4,3,3,7,3,0,1,0,0,0,0,0.050309237208862864
4,5,0,6,0,6,3,1,1,2,16,1,1,0,5,12,400,3,0,0,1994,1,4,3,0,0,0,0,1,0,0,0,0,0.0744816432966579
11,5,2,5,0,1,10,1,1,1,44,0,1,0,1,10,400,4,5,0,1994,1,4,3,0,8,2,0,1,0,0,0,0,0.39580152498739984
1,1,3,13,1,6,1,4,1,1,58,1,0,0,0,14,400,4,7,0,1996,0,4,3,2,8,2,0,1,0,0,0,0,0.07290296930965967
2,5,6,17,1,1,4,1,1,2,43,0,2,1,1,1,400,2,5,0,1996,2,4,3,2,7,0,0,1,0,0,0,0,0.04291938178861071
6,3,3,6,1,1,7,4,1,2,16,0,3,1,5,11,400,2,0,0,1994,0,4,3,0,0,0,0,1,0,0,0,0,0.42383890405376434
2,1,4,6,1,4,4,4,1,1,41,1,2,1,0,2,500,3,5,0,1996,2,4,3,3,7,0,3,1,0,0,0,0,0.07681489803544717
0,5,0,13,0,1,8,1,1,0,60,0,2,1,1,11,400,2,7,0,1995,2,4,3,1,6,3,0,1,0,0,0,0,0.05089564860440926
10,4,2,17,1,1,10,4,1,1,41,0,2,1,5,10,400,3,5,0,1994,2,4,3,0,8,0,0,1,0,0,0,0,0.10404286930734424
5,4,6,2,0,4,5,5,1,1,35,0,1,0,0,14,400,4,4,0,1996,1,4,3,2,6,3,0,1,0,0,0,0,0.45074094474159987
3,1,5,6,1,6,11,4,1,1,27,0,3,1,5,12,400,2,4,0,1996,0,4,3,3,0,0,0,1,0,0,0,0,0.26199962730030674
4,1,1,6,1,5,4,1,1,1,40,0,2,1,0,15,400,4,5,0,1995,2,4,3,3,8,0,0,1,0,0,0,0,0.02448397753068911
7,3,1,13,1,5,7,3,1,1,27,0,2,1,0,9,400,3,4,0,1995,2,4,3,3,6,0,0,1,0,0,0,0,0.08139592292439826
4,2,0,6,1,0,4,2,1,2,63,0,0,0,1,6,400,1,7,0,1994,0,4,3,1,8,0,0,1,0,0,0,1,0.68649209733392
0,1,2,17,1,6,0,1,1,1,34,0,2,1,0,8,400,3,4,0,1994,2,4,3,2,6,0,0,1,0,0,0,0,0.07405767013529062
3,1,2,17,1,1,3,1,1,1,37,1,1,0,0,12,400,4,5,0,1996,1,4,3,2,6,1,0,1,0,0,0,0,0.0798560388134339
2,4,2,13,1,6,2,4,1,1,52,0,0,0,0,10,400,3,6,0,1995,0,4,3,2,8,0,4,2,0,0,0,0,0.4564514611859989
7,1,6,0,1,5,7,2,1,1,38,0,0,0,1,9,400,2,5,0,1994,0,4,3,2,7,0,0,1,0,0,1,1,0.6945161347987167
1,4,3,17,0,6,1,5,1,1,78,1,0,0,0,13,400,3,8,0,1996,0,4,3,1,8,0,0,1,0,0,0,0,0.043484405390290276
5,4,4,2,1,6,10,4,1,1,37,0,2,1,0,5,400,4,5,0,1994,2,4,3,0,8,2,0,1,0,0,0,0,0.03824492700322425
7,2,6,2,1,4,7,3,0,1,31,0,0,0,0,11,400,3,4,0,1996,0,4,3,0,6,3,0,1,0,0,0,1,0.5355266023842421
7,3,5,13,1,6,7,4,1,2,29,1,2,1,1,11,400,2,4,0,1995,2,4,3,3,6,1,4,2,0,0,0,0,0.04741687529746983
6,4,6,2,1,0,6,4,1,1,33,1,0,0,0,9,400,1,4,0,1996,0,4,3,1,6,0,0,1,0,0,0,0,0.08497450138511889
0,2,2,17,1,5,0,2,1,1,59,0,0,0,0,7,400,2,7,0,1995,0,4,3,0,8,0,0,1,0,0,0,1,0.5239049574294179
3,3,4,6,1,6,3,4,1,2,22,1,1,0,0,12,400,3,3,0,1995,1,4,3,2,5,0,0,1,0,0,0,0,0.09061008274732382
8,1,5,13,1,4,8,2,1,2,32,0,1,0,4,1,400,3,4,0,1996,1,4,3,0,5,0,0,1,0,0,1,1,0.5629008363519372
2,5,0,13,1,5,4,1,0,2,34,1,0,0,0,8,400,2,4,0,1994,0,4,3,0,5,0,0,1,0,0,0,0,0.10690986340948683
2,5,0,13,1,6,4,1,0,1,32,0,1,0,0,5,400,2,4,0,1995,1,4,3,0,7,0,0,1,0,0,0,0,0.4812150234502834
6,3,4,13,1,0,6,3,1,1,45,1,2,1,1,13,400,2,5,0,1995,2,4,3,3,7,3,0,1,0,0,0,0,0.019168851209883812
6,3,6,9,1,4,6,3,1,1,26,0,1,0,1,9,400,2,4,0,1994,1,4,3,0,7,0,0,1,0,0,0,1,0.606468352160703
9,4,2,13,1,5,9,5,1,1,49,0,1,0,0,10,400,3,6,0,1995,1,4,3,2,8,3,0,1,0,0,0,0,0.4444099230646661
6,2,4,17,1,6,6,4,1,1,49,1,1,0,1,11,400,2,6,0,1994,1,4,3,2,8,0,0,1,0,0,0,0,0.11651591350617777
6,2,5,6,1,6,6,3,1,1,45,1,4,1,5,8,400,3,5,0,1996,1,4,3,1,5,0,0,1,0,0,0,0,0.09630767788798472
9,4,2,13,1,0,2,1,1,1,43,0,1,0,0,9,400,1,5,0,1994,1,4,3,1,6,0,0,1,0,0,0,1,0.5164661026757845
10,2,2,2,1,6,10,2,0,1,51,0,2,1,1,5,400,3,6,0,1996,2,4,3,2,8,2,0,1,0,0,0,0,0.07164912484197222
4,2,5,13,1,6,4,2,1,2,26,0,2,1,0,14,400,3,4,0,1996,2,4,3,3,6,2,0,1,0,0,0,0,0.03810404236207918
11,5,0,13,1,6,10,1,1,1,53,0,6,2,5,13,400,4,6,0,1996,0,4,3,1,8,0,0,1,0,0,0,0,0.4243415942174992
9,3,4,13,1,5,9,4,1,1,48,0,2,1,0,10,400,1,6,0,1995,2,4,3,0,7,2,0,1,0,0,0,0,0.05958947025016162
3,1,0,17,1,5,3,2,1,2,33,1,0,0,4,6,400,4,4,0,1996,0,4,3,2,7,3,0,1,0,0,0,0,0.11377155619086925
7,3,3,6,1,1,0,1,1,1,55,1,0,0,1,10,400,2,6,0,1995,0,4,3,1,8,0,0,1,0,0,0,0,0.062223298176721994
7,4,2,17,1,1,8,4,1,2,37,1,0,0,4,11,400,1,5,0,1995,0,4,3,1,7,0,0,1,0,0,0,0,0.1276431673248984
0,5,2,9,1,5,8,1,1,2,35,0,2,1,0,5,400,4,4,0,1994,2,4,3,2,5,3,0,1,0,0,0,0,0.033850199847269904
4,5,1,13,1,4,3,1,0,2,29,1,1,0,4,4,400,1,4,0,1995,1,4,3,0,5,1,0,1,0,0,0,0,0.06897979772284725
7,3,5,9,1,5,7,3,0,1,45,1,2,1,5,2,400,3,5,0,1994,2,4,3,2,7,0,0,1,0,0,0,0,0.022315884454894578
4,2,4,6,1,4,4,2,1,1,36,0,2,1,1,4,400,1,5,0,1995,2,4,3,1,7,0,0,1,0,0,0,0,0.03632567864757886
4,4,0,9,1,6,3,1,1,1,55,0,4,1,5,2,400,3,6,0,1995,1,4,3,0,8,0,0,1,0,0,0,1,0.5484428275733689
11,4,0,17,1,3,10,1,1,2,37,0,1,0,0,1,400,1,5,0,1996,1,4,3,0,7,0,0,1,0,0,0,1,0.5213013652935894
5,3,6,17,1,4,5,3,1,1,37,0,1,0,0,3,400,3,5,0,1994,1,4,3,0,7,1,0,1,0,0,0,1,0.5739639374589385
9,5,5,17,1,5,9,5,1,1,35,0,2,1,1,14,400,1,4,0,1994,2,4,3,2,6,0,0,1,0,0,0,0,0.05349382494540155
11,3,2,2,1,1,11,3,1,1,59,0,2,1,0,14,400,2,7,0,1994,2,4,3,2,8,0,0,1,0,0,0,0,0.022749153040702658
0,3,3,13,1,4,0,3,1,1,41,0,1,0,1,11,400,2,5,0,1996,1,4,3,0,7,0,0,1,0,0,0,1,0.6236787238183906
8,5,1,13,1,5,6,3,1,1,38,1,1,0,1,9,400,1,5,0,1994,1,4,3,2,7,0,0,1,0,0,0,0,0.10508553888156806
1,1,1,9,1,6,1,1,1,1,31,0,2,1,1,1,400,3,4,0,1994,2,4,3,1,7,3,0,1,0,0,0,0,0.0475487603004935
9,4,6,17,0,1,9,5,1,1,37,0,2,1,1,4,400,2,5,0,1996,2,4,3,3,8,3,0,1,0,0,0,0,0.062012929283226825
8,5,3,17,1,0,6,4,1,2,34,0,1,0,0,16,400,3,4,0,1996,1,4,3,2,7,0,0,1,0,0,0,1,0.5242769536647713
7,1,2,9,0,4,7,4,1,2,31,0,0,0,0,10,400,3,4,0,1994,0,4,3,0,6,0,0,1,0,0,0,1,0.7689395834585602
6,2,6,9,1,6,6,2,0,1,43,0,1,0,0,4,400,4,5,0,1995,1,4,3,2,3,1,0,1,0,0,0,0,0.4483859576351111
10,2,4,13,1,0,9,3,1,1,52,0,0,0,4,13,400,4,6,0,1996,0,4,3,1,8,1,0,1,0,0,0,1,0.50348480706939
6,2,1,9,1,5,6,2,0,2,36,0,2,1,1,1,400,2,5,0,1994,2,4,3,2,7,3,0,1,0,0,0,0,0.05139386068986749
7,4,2,9,1,1,0,1,0,1,31,0,1,0,0,6,400,3,4,0,1994,1,4,3,2,5,1,0,1,0,0,0,1,0.5431771282487139
1,5,6,17,1,1,11,1,1,1,51,0,2,1,0,9,400,4,6,0,1995,2,4,3,0,7,0,0,1,0,0,0,0,0.03351423943438716
7,3,4,9,1,0,7,3,1,1,27,0,1,0,0,1,400,1,4,0,1994,1,4,3,2,7,3,0,1,0,0,0,1,0.5708279041616526
8,1,0,2,1,1,8,2,1,1,64,0,1,0,1,9,400,2,7,0,1994,1,4,3,1,8,1,0,1,0,0,0,1,0.5157229522823666
4,4,0,6,1,6,4,4,1,2,67,1,0,0,0,15,400,3,8,0,1994,0,4,3,2,8,1,0,1,0,0,0,0,0.08165492919242298
3,3,4,13,1,1,3,3,1,1,43,1,1,0,0,8,400,4,5,0,1994,1,4,3,3,8,2,0,1,0,0,0,0,0.09243881204747444
9,1,0,9,1,0,9,1,1,1,31,0,1,0,0,4,400,4,4,0,1994,1,4,3,0,4,0,0,1,0,0,0,0,0.43478724770282823
8,4,3,9,0,6,8,4,1,1,45,1,4,1,5,6,400,4,5,0,1994,1,4,3,0,7,0,0,1,0,0,0,0,0.05823207442229938
9,4,6,2,1,6,9,4,1,1,34,0,2,1,1,13,400,2,4,0,1994,2,4,3,2,7,0,0,1,0,0,0,0,0.08074232103145555
3,3,6,17,0,4,3,3,1,1,43,0,1,0,1,2,400,3,5,0,1995,1,4,3,0,7,0,0,1,0,0,0,1,0.5730165490837894
0,3,6,13,1,6,0,3,1,1,40,0,2,1,1,5,400,2,5,0,1996,2,4,3,2,8,0,0,1,0,0,0,0,0.04496920348284639
3,5,1,2,1,0,7,1,1,1,52,0,2,1,0,10,400,4,6,1,1994,2,4,3,0,8,2,0,5,0,0,0,0,0.03414021197029581
4,2,1,17,1,6,4,2,1,1,32,1,1,0,0,13,400,4,4,0,1994,1,4,3,2,7,0,0,1,0,0,0,0,0.10743542240506265
5,2,4,6,1,4,5,2,1,1,43,1,0,0,0,10,400,4,5,0,1996,0,4,3,3,8,3,0,1,0,0,0,0,0.08522132213954682
0,2,0,9,1,1,0,2,1,2,42,1,1,0,1,13,400,3,5,0,1994,1,4,3,1,8,3,0,1,0,0,0,0,0.08583732689001689
6,5,0,17,1,1,5,1,1,1,53,0,2,1,1,9,400,1,6,0,1994,2,4,3,2,8,3,0,1,0,0,0,0,0.11186484201946362
7,3,3,9,1,1,0,1,1,1,52,1,4,1,5,3,400,3,6,0,1994,1,4,3,0,8,0,0,1,0,0,0,0,0.06377140862338239
9,4,3,13,1,1,9,4,1,2,27,0,1,0,0,10,400,4,4,0,1994,1,4,3,2,6,0,0,1,0,0,0,0,0.44406024764732116
0,4,6,9,1,5,8,2,1,1,57,1,1,0,0,8,400,2,7,0,1995,1,4,3,0,8,1,0,1,0,0,0,0,0.0701551144248151
10,3,6,13,1,4,10,3,1,2,37,0,6,2,5,2,400,1,5,0,1996,0,4,3,3,7,2,0,1,0,0,0,0,0.2975565066396635
7,5,0,17,1,6,0,1,0,1,29,0,2,1,1,11,400,2,4,0,1994,2,4,3,1,7,0,0,1,0,0,0,0,0.06359687324257876
3,2,6,17,1,4,3,2,1,1,52,0,1,0,0,3,400,1,6,0,1994,1,4,3,0,8,0,0,1,0,0,0,1,0.5404491419405416
3,5,5,13,1,6,7,1,1,1,53,0,0,0,4,9,400,1,6,0,1996,0,4,3,1,7,0,0,1,0,0,0,1,0.5907157843615957
2,3,3,13,1,1,2,3,1,1,49,0,0,0,4,14,400,2,6,0,1995,0,4,3,0,8,1,0,1,0,0,1,1,0.5635604602365766
2,2,5,13,1,4,2,5,1,1,52,1,2,1,0,4,400,2,6,0,1995,2,4,3,2,8,3,0,1,0,0,0,0,0.012283257586205682
1,3,1,13,1,5,1,3,1,1,49,0,2,1,0,2,400,4,6,0,1995,2,4,3,1,5,0,0,1,0,0,0,0,0.043386687058317365
7,2,3,13,1,1,7,2,1,1,29,0,1,0,0,6,400,2,4,0,1994,1,4,3,1,7,3,0,1,0,0,0,1,0.5676333644231292
1,4,3,2,1,1,1,5,1,2,38,1,0,0,0,9,400,1,5,0,1994,0,4,3,0,7,1,0,1,0,0,0,0,0.13207189650211557
5,3,2,13,1,5,5,3,1,1,34,1,2,1,0,4,400,1,4,0,1995,2,4,3,3,6,2,0,1,0,0,0,0,0.009493577539779254
0,3,6,6,1,6,0,3,1,1,37,1,0,0,4,4,400,1,5,0,1994,0,4,3,2,7,3,0,1,0,0,0,0,0.10273857876110776
7,1,0,13,1,0,7,4,0,2,23,0,0,0,4,6,400,2,3,0,1994,0,4,3,2,5,0,0,1,0,0,0,1,0.6628362178278203
1,1,6,6,1,1,1,2,0,2,29,1,0,0,4,5,400,4,4,0,1996,0,4,3,0,6,0,0,1,0,0,0,0,0.0733032726304314
6,3,1,17,1,6,6,5,0,1,35,1,2,1,5,3,400,3,4,0,1994,2,4,3,0,7,3,2,1,0,0,0,0,0.06691044031035755
10,1,4,9,1,1,10,2,0,2,60,1,1,0,1,6,400,3,7,0,1994,1,3,2,1,6,0,0,1,0,0,0,0,0.0589317553363044
1,5,3,6,1,1,1,5,1,2,19,0,4,1,5,6,400,1,2,0,1994,1,4,3,0,5,0,0,1,0,0,1,1,0.5417677833927779
10,5,3,17,1,0,9,1,1,1,34,1,1,0,0,3,400,4,4,0,1996,1,4,3,0,7,0,0,1,0,0,0,0,0.07444729858853093
10,5,3,6,1,0,9,1,1,2,18,0,1,0,0,10,400,4,2,0,1994,1,4,3,0,4,0,0,1,0,0,0,0,0.4009331550946872
8,3,3,9,1,5,6,2,1,1,36,0,2,1,5,16,400,1,5,0,1996,2,4,3,3,7,2,0,1,0,0,0,0,0.0402041077189733
4,4,0,2,1,5,3,1,0,2,35,1,1,0,0,5,400,4,4,0,1994,1,4,3,1,6,2,0,1,0,0,0,0,0.05872373197398411
3,2,5,13,1,6,3,2,1,1,45,0,2,1,1,8,400,1,5,0,1996,2,4,3,0,8,3,0,1,0,0,0,0,0.05798600697406555
10,1,5,2,1,5,10,3,1,1,43,0,8,2,5,13,400,1,5,1,1994,2,4,3,1,8,3,0,1,0,0,0,0,0.06827670668847387
5,4,5,2,1,6,5,4,1,1,41,1,2,1,1,15,400,4,5,1,1996,2,4,3,1,8,3,0,1,0,0,0,0,0.0351803296949601
7,4,5,13,1,1,7,4,1,1,35,1,1,0,0,2,400,2,4,0,1996,1,4,3,3,6,3,0,1,0,0,0,0,0.07036106097271705
9,4,6,13,1,5,4,2,1,1,41,0,0,0,0,5,400,4,5,0,1995,0,4,3,0,8,0,0,1,0,0,1,1,0.5428060107028492
5,3,2,2,1,6,5,3,1,2,38,0,2,1,1,3,400,4,5,1,1995,2,4,3,0,7,2,0,1,0,0,0,0,0.03784728713809347
2,2,2,13,1,0,2,4,0,1,28,0,1,0,0,7,400,4,4,0,1995,1,4,3,2,6,3,0,1,0,0,0,1,0.5166658217410982
1,5,3,13,1,5,1,5,1,2,27,0,2,1,1,10,400,2,4,0,1996,2,4,3,3,7,3,0,1,0,0,0,0,0.06338454554458327
3,3,0,13,1,0,3,3,1,1,40,1,0,0,0,13,400,3,5,0,1994,0,4,3,2,8,0,0,1,0,0,0,0,0.12401726035697334
4,4,6,9,1,0,3,1,1,1,61,0,2,1,0,10,400,1,7,0,1996,2,4,3,2,8,0,0,1,0,0,0,0,0.023890197120207953
2,5,6,6,1,5,4,4,1,2,16,1,0,0,5,15,400,4,0,0,1994,0,4,3,1,0,0,0,1,0,0,0,0,0.11551822636364006
0,1,0,6,0,6,0,1,1,2,16,0,2,1,5,6,400,1,0,0,1995,2,4,3,0,0,0,0,1,0,0,0,0,0.10489136476353622
4,3,4,9,1,4,4,3,1,2,28,0,2,1,0,11,400,2,4,0,1994,2,4,3,1,6,0,0,1,0,0,0,0,0.03876110111247857
5,2,1,2,0,1,5,2,1,1,53,0,1,0,5,9,400,3,6,0,1996,1,4,3,2,8,2,0,1,0,0,0,1,0.5554818621803547
5,5,3,6,1,5,1,1,0,1,29,0,2,1,1,11,400,1,4,0,1994,2,4,3,1,3,3,0,1,0,0,0,0,0.031491333551623236
6,4,0,17,1,4,5,2,1,1,59,0,0,0,0,11,400,1,7,0,1994,0,4,3,3,8,0,0,1,0,0,0,1,0.5354950713104756
0,1,5,13,1,5,0,1,1,1,73,1,0,0,5,1,700,1,8,0,1995,0,4,3,1,8,2,0,1,0,0,0,0,0.05709513646392421
11,3,6,17,1,4,11,4,1,1,65,1,0,0,4,10,400,1,7,0,1996,0,4,3,2,8,2,0,3,0,0,0,0,0.06896317670125154
3,1,0,5,0,1,3,1,1,1,29,0,2,1,2,5,400,3,4,0,1995,2,4,3,2,6,3,4,2,0,0,0,0,0.018766501455499466
5,3,1,17,1,1,1,3,0,2,22,0,0,0,0,13,400,1,3,0,1996,0,4,3,0,5,3,0,1,0,0,0,0,0.47521013310693033
9,1,2,18,1,2,9,1,1,1,44,0,2,1,1,4,400,4,5,0,1995,2,4,3,3,7,0,0,1,0,0,0,0,0.03927748941726584
11,5,0,9,1,1,10,1,1,1,27,0,2,1,1,10,400,4,4,0,1994,2,4,3,0,7,0,0,1,0,0,0,0,0.022985351757147058
4,2,1,2,1,6,4,3,1,1,33,0,1,0,0,13,400,1,4,0,1994,1,4,3,0,7,0,0,1,0,0,1,1,0.5723203959270358
10,1,5,2,1,4,10,1,1,1,37,1,0,0,1,4,400,3,5,0,1995,0,4,3,0,7,3,0,1,0,0,0,0,0.07029458834449694
6,2,4,18,1,0,6,2,1,1,64,0,0,0,5,11,400,4,7,0,1994,0,4,3,2,8,3,0,1,0,0,0,0,0.45738179700832754
5,2,3,2,1,5,5,2,1,1,40,0,1,0,1,4,400,3,5,0,1994,1,4,3,2,8,0,0,1,0,0,0,1,0.6448516175432463
0,2,4,2,1,0,8,1,1,1,61,0,2,1,0,10,400,4,7,0,1996,2,4,3,3,8,0,0,1,0,0,0,0,0.07722086485322759
3,5,1,8,1,1,7,2,1,1,51,0,1,0,5,3,400,2,6,0,1995,1,4,3,1,8,1,0,1,0,0,0,1,0.5090887820407937
9,3,2,13,1,1,9,3,1,1,42,1,1,0,4,15,400,4,5,0,1994,1,4,3,2,8,3,0,1,0,0,0,0,0.0766142867351307
7,2,4,9,1,6,7,5,1,1,47,0,8,2,5,11,400,3,6,0,1994,2,4,3,0,8,3,0,1,0,0,0,0,0.13898847978779752
2,1,2,2,1,6,2,2,1,2,29,0,0,0,1,10,400,1,4,0,1994,0,4,3,1,5,0,0,1,0,0,0,1,0.7166197999030021
1,3,3,6,1,5,11,3,1,0,27,0,1,0,0,7,400,4,4,0,1996,1,2,3,1,6,0,0,1,0,0,0,1,0.5379667304821676
7,1,6,17,0,6,7,1,1,2,34,0,1,0,0,8,400,4,4,0,1994,1,4,3,1,5,0,0,1,0,0,1,1,0.5307405517129894
1,3,1,13,0,5,1,3,1,1,59,0,2,1,0,10,400,4,7,0,1994,2,4,3,2,8,0,0,1,0,0,0,0,0.043800340082807906
2,1,3,13,1,0,2,3,1,1,31,0,1,0,1,1,400,2,4,0,1995,1,4,3,2,7,1,0,1,0,0,1,1,0.5696578212918613
6,2,1,17,1,1,6,2,1,1,38,0,2,1,5,6,400,2,5,0,1996,2,4,3,3,8,1,0,1,0,0,0,0,0.0807246191171363
8,4,2,13,1,5,8,5,1,1,48,0,0,0,0,10,400,4,6,0,1996,0,4,3,0,8,0,0,1,0,0,1,0,0.48457686233253616
6,1,5,6,1,6,6,2,1,1,63,1,0,0,0,9,400,1,7,0,1994,0,4,3,0,8,0,0,1,0,0,0,0,0.06749805838707564
2,4,0,13,1,6,4,2,1,1,44,0,0,0,4,7,400,4,5,0,1995,0,4,3,2,7,1,0,1,0,0,1,1,0.6470172615810837
8,2,0,9,1,4,6,1,1,1,47,0,2,1,1,4,400,4,6,0,1996,2,4,3,2,8,0,0,1,0,0,0,0,0.041071810378013156
6,5,0,18,1,1,5,3,0,1,38,0,0,0,5,12,400,4,5,0,1994,0,4,3,1,6,1,0,1,0,0,0,0,0.47267424133554664
8,1,1,13,1,5,8,2,1,1,38,0,0,0,0,5,400,1,5,0,1996,0,4,3,0,7,0,0,1,0,0,0,1,0.63402737179785
10,5,3,13,1,4,9,3,1,1,65,0,0,0,4,10,400,2,7,0,1996,0,4,3,0,8,0,0,1,0,0,0,1,0.517726152278765
1,4,1,13,1,5,1,4,1,1,41,0,1,0,0,16,400,4,5,0,1994,1,4,3,2,7,0,0,1,0,0,0,1,0.5401393990288227
9,4,4,17,1,1,9,5,1,1,48,0,0,0,4,6,400,4,6,0,1994,0,4,3,1,8,0,0,1,0,0,0,0,0.4246811466828476
11,1,4,17,0,0,11,1,1,2,31,1,2,1,0,15,400,1,4,0,1996,2,4,3,2,6,0,0,1,0,0,0,0,0.007830730208399424
8,2,6,6,1,5,8,3,0,2,26,0,0,0,4,6,400,2,4,0,1994,0,4,3,0,6,1,0,1,0,0,0,1,0.6865825326183795
7,2,1,9,1,5,7,2,0,2,41,1,2,1,0,8,400,1,5,0,1996,2,4,3,3,7,3,0,1,0,0,0,0,0.024541294173440312
6,4,6,5,0,0,6,4,1,1,32,0,2,1,1,11,400,2,4,0,1995,2,4,3,3,7,0,0,1,0,0,0,0,0.056115523584777234
10,3,2,17,1,4,2,1,0,1,27,1,2,1,1,1,400,4,4,0,1996,2,4,3,2,5,0,0,3,0,0,0,0,0.009787072754355391
9,4,1,5,0,0,4,2,1,1,41,0,1,0,1,10,400,1,5,0,1996,1,4,3,0,8,3,0,1,0,0,0,0,0.42294746502247116
6,4,4,2,1,4,6,4,1,2,46,0,0,0,0,14,400,3,6,0,1994,0,4,3,1,8,3,0,1,0,0,0,1,0.5500758860074138
6,4,2,13,1,4,5,2,1,1,49,1,1,0,0,10,400,3,6,0,1996,1,4,3,2,8,1,0,1,0,0,0,0,0.08040623178525996
1,1,2,9,1,5,11,2,0,1,57,1,0,0,0,11,400,1,7,0,1996,0,4,3,1,8,1,0,1,0,0,0,0,0.05438900644077683
7,4,5,9,0,5,7,5,1,1,46,0,2,1,0,3,400,4,6,0,1994,2,4,3,3,6,0,0,1,0,0,0,0,0.04702098439993096
8,2,1,17,1,6,8,4,1,1,31,1,0,0,4,14,400,3,4,0,1996,0,4,3,0,6,0,0,1,0,0,0,0,0.10212411494735975
4,2,2,17,1,1,4,2,1,1,34,1,1,0,0,7,400,2,4,0,1995,1,4,3,0,6,0,0,1,0,0,0,0,0.09857307570535974
4,2,1,2,1,5,4,4,1,1,37,0,2,1,0,13,400,2,5,0,1994,2,4,3,2,8,1,0,1,0,0,1,0,0.08845478603971126
3,2,5,0,1,5,3,4,1,1,41,0,0,0,1,3,400,4,5,0,1995,0,4,3,3,7,0,0,1,0,0,0,1,0.573185752790953
3,1,2,2,1,1,3,2,1,1,43,0,0,0,1,6,400,3,5,0,1994,0,4,3,2,7,3,0,1,0,0,1,1,0.647989300263736
4,2,5,6,1,0,4,4,1,2,16,0,0,0,5,12,400,4,0,0,1994,0,4,3,0,0,0,0,1,0,0,1,1,0.6976142899306168
3,2,5,2,1,4,3,2,1,1,42,1,2,1,2,1,400,4,5,0,1994,2,4,3,2,7,3,0,1,0,0,0,0,0.020087094947461952
11,5,6,6,1,6,11,5,1,1,45,1,1,0,0,10,400,4,5,0,1996,1,4,3,1,7,0,0,1,0,0,0,0,0.06276125853134848
9,3,5,9,1,5,9,3,1,2,38,0,2,1,1,9,400,1,5,0,1995,2,4,3,1,7,1,0,1,0,0,0,0,0.04262171748722844
5,3,4,13,1,4,5,3,1,2,27,0,0,0,0,1,400,2,4,0,1994,0,4,3,0,6,0,0,1,0,0,0,1,0.7521228910455858
4,4,3,6,1,4,0,4,1,2,16,0,1,0,5,2,400,2,0,0,1996,1,4,3,0,0,0,0,1,0,0,0,0,0.406996710058761
4,3,5,6,1,6,4,3,1,1,53,0,1,0,0,5,400,2,6,0,1996,1,4,3,2,4,0,0,1,0,0,0,1,0.5148215587058544
0,2,3,9,1,5,0,2,1,1,40,0,2,1,0,12,400,3,5,0,1995,2,4,3,1,7,0,0,1,0,0,0,0,0.04897656150005523
4,2,1,13,1,4,1,2,1,1,44,0,0,0,4,14,400,1,5,0,1994,0,4,3,0,7,1,0,1,0,0,0,1,0.7270588627689115
7,1,3,6,0,4,7,2,1,2,16,0,1,0,5,7,400,3,0,0,1996,1,4,3,2,0,0,0,1,1,0,0,0,0.3469623550815229
7,3,1,9,1,5,7,4,1,1,36,0,1,0,1,13,400,3,5,0,1995,1,4,3,1,8,0,0,1,0,0,1,1,0.6116285768183611
11,1,0,12,0,1,11,1,1,1,28,0,2,1,5,2,400,3,4,0,1996,2,4,3,3,4,3,0,1,0,0,0,0,0.041952117465388114
5,4,6,17,1,4,1,1,1,1,41,0,2,1,1,4,400,4,5,0,1995,2,4,3,2,6,3,0,1,0,0,0,0,0.05822815455775669
3,1,0,13,1,0,3,1,1,2,24,0,1,0,0,5,400,4,3,0,1994,1,4,3,3,5,1,0,1,0,0,0,0,0.4946588390650154
0,1,6,17,1,4,0,2,1,1,65,1,0,0,0,9,400,1,7,0,1994,0,4,3,2,7,2,0,1,0,0,0,0,0.09668783784666722
5,5,0,2,1,0,1,2,0,1,27,0,1,0,0,15,400,1,4,0,1996,1,4,3,1,6,1,0,1,0,0,0,0,0.4730296975836382
0,4,6,0,1,4,0,5,1,2,43,0,2,1,5,14,400,4,5,0,1996,2,4,3,3,7,0,0,1,0,0,0,0,0.06254591986800483
10,2,5,9,1,4,9,2,1,1,46,0,1,0,0,1,400,2,6,0,1995,1,4,3,2,7,0,0,1,0,0,0,1,0.5431286739739651
4,3,6,13,1,6,4,3,1,1,55,0,0,0,4,5,400,4,6,0,1996,0,4,3,0,7,1,0,1,0,0,0,0,0.49854620160654173
11,5,4,6,1,1,10,1,0,1,33,0,0,0,4,5,400,2,4,0,1994,0,4,3,0,7,0,0,1,0,0,0,0,0.47685285671300803
2,3,6,6,1,1,4,1,1,2,16,0,2,1,5,12,400,4,0,0,1994,2,4,3,1,0,0,0,1,0,0,0,0,0.04639153171169478
4,5,0,5,1,0,7,2,1,1,40,1,1,0,2,3,400,4,5,0,1994,1,4,3,1,7,0,0,3,0,0,0,0,0.10753866478991692
6,3,2,17,1,6,6,4,1,2,30,0,1,0,0,10,400,2,4,0,1994,1,4,3,0,7,3,4,2,0,0,0,0,0.4670304414609281
10,3,0,9,0,1,10,4,1,1,59,1,2,1,0,10,400,2,7,0,1995,2,4,3,2,8,3,0,1,0,0,0,0,0.008126424453043917
11,2,1,6,1,6,9,2,1,1,25,0,4,1,5,2,400,4,3,0,1994,1,4,3,2,6,0,0,1,0,0,0,0,0.4609266055525086
8,1,5,9,1,0,8,2,0,2,42,0,2,1,1,12,500,1,5,0,1995,2,4,3,1,7,3,3,1,0,0,0,0,0.02706897519566274
11,4,6,6,1,1,9,4,1,1,29,1,1,0,1,1,400,2,4,0,1994,1,4,3,2,7,3,4,2,0,0,0,0,0.06829155363253209
5,4,1,13,1,6,1,1,1,1,47,0,0,0,1,11,400,1,6,0,1996,0,4,3,0,8,1,0,1,0,0,0,0,0.4815882327401437
5,3,0,6,1,4,5,3,1,2,34,0,2,1,1,3,700,3,4,0,1996,2,2,3,0,7,0,0,1,0,0,0,0,0.062043594832671835
2,3,0,13,1,6,2,4,1,1,32,0,1,0,0,1,400,2,4,0,1995,1,4,3,1,6,0,0,1,0,0,0,1,0.5393185716957302
6,3,1,6,1,1,6,3,1,1,29,0,1,0,0,2,400,3,4,0,1995,1,4,3,3,6,0,0,1,0,0,0,1,0.5730163267375098
11,2,6,17,1,6,10,3,1,1,43,0,0,0,4,6,400,2,5,0,1995,0,4,3,1,7,3,0,3,0,0,0,0,0.4339598831398884
10,3,2,6,1,6,10,3,1,2,30,1,0,0,0,10,400,1,4,0,1996,0,4,3,1,7,0,0,1,0,0,0,0,0.0996171138522133
7,4,4,2,1,0,0,1,0,2,33,0,1,0,0,7,400,3,4,0,1994,1,4,3,2,6,2,0,1,0,0,0,1,0.5211566165750335
10,2,4,6,1,4,10,2,1,2,31,0,1,0,0,5,400,2,4,0,1996,1,4,3,2,5,0,0,1,0,0,0,1,0.5979918459160705
8,2,2,13,1,5,8,5,1,2,24,1,2,1,0,9,400,2,3,0,1995,2,4,3,2,5,2,0,1,0,0,0,0,0.025122487110025484
6,2,0,13,1,1,6,2,1,2,28,0,2,1,1,11,400,2,4,0,1996,2,4,3,0,7,3,0,1,0,0,0,0,0.05323912264605547
1,2,1,17,1,5,1,2,1,1,56,0,0,0,4,13,700,3,7,0,1996,0,4,3,2,8,0,0,1,0,0,0,0,0.38646207865718296
0,3,1,13,1,5,6,2,1,2,44,0,0,0,4,15,400,2,5,0,1996,0,4,3,1,7,0,0,1,0,0,0,1,0.6142253439035534
10,1,3,13,1,1,10,1,1,1,60,1,0,0,0,3,400,4,7,0,1994,0,4,3,2,8,2,0,1,0,0,0,0,0.05375605434483969
2,5,6,13,0,6,4,1,1,1,32,0,0,0,0,8,400,1,4,0,1995,0,4,3,1,7,1,0,1,0,0,1,1,0.6627214529481769
3,4,0,6,1,1,7,4,0,2,26,0,0,0,0,4,400,4,4,0,1996,0,4,3,1,7,3,0,1,1,0,0,0,0.4345862166962599
6,3,2,6,1,1,6,3,1,2,41,0,0,0,1,2,700,1,5,0,1995,0,4,3,1,7,2,0,1,0,0,0,1,0.5664316048860583
8,1,3,18,1,6,8,1,1,1,49,0,2,1,5,3,400,2,6,0,1996,2,4,3,3,7,0,0,1,0,0,0,0,0.05833631223413831
8,4,1,13,1,5,6,2,1,2,33,0,2,1,0,9,400,4,4,0,1995,2,4,3,3,6,0,0,1,0,0,0,0,0.04582987724790337
4,1,4,6,1,4,4,2,1,2,16,1,0,0,5,8,400,3,0,0,1996,0,4,3,0,0,0,0,1,0,0,0,0,0.044312093567078124
5,1,1,13,1,1,5,1,1,2,34,1,1,0,0,10,400,3,4,0,1996,1,4,3,2,7,3,0,1,0,0,0,0,0.08292891299153454
2,2,3,2,1,6,2,2,0,1,35,0,1,0,0,8,400,4,4,0,1994,1,4,3,1,6,1,0,1,0,0,0,1,0.5062839197826906
7,5,4,2,1,1,0,1,1,1,40,1,1,0,0,15,400,4,5,0,1994,1,4,3,2,7,2,0,1,0,0,0,0,0.08555774054446315
10,3,0,6,1,1,2,2,0,2,34,1,0,0,4,14,400,4,4,0,1996,0,4,3,2,5,0,0,1,0,0,0,0,0.0990824770811497
11,4,2,13,1,3,11,4,1,2,39,0,2,1,4,4,400,4,5,0,1994,2,4,3,1,7,0,0,1,0,0,0,0,0.061748753438182244
5,4,1,17,1,5,1,1,1,2,38,0,2,1,0,14,400,1,5,0,1994,2,4,3,1,7,2,4,2,0,0,0,0,0.04104175025004692
2,3,5,9,1,4,2,4,1,1,32,1,0,0,0,14,400,1,4,0,1994,0,4,3,0,7,3,0,1,0,0,0,0,0.12098610722848084
4,4,2,17,0,1,4,4,1,2,33,0,0,0,0,9,400,3,4,0,1994,0,4,3,0,5,0,0,1,0,0,0,1,0.7704506420359256
10,1,0,13,1,1,10,2,1,1,31,0,1,0,4,14,400,1,4,0,1996,1,4,3,0,7,2,0,1,0,0,0,1,0.5215080530172758
8,3,5,9,1,6,8,3,1,1,33,0,2,1,0,4,400,4,4,0,1996,2,4,3,2,7,3,0,1,0,0,0,0,0.043917471408195595
5,1,2,13,1,0,5,2,1,1,64,0,0,0,5,10,400,2,7,0,1994,0,4,3,2,8,3,0,1,0,0,0,1,0.5343537987242337
2,4,0,13,1,6,4,3,0,2,33,0,0,0,0,13,400,3,4,0,1996,0,4,3,1,5,1,0,1,0,0,0,1,0.5765658190766879
1,4,5,9,1,5,1,4,1,1,59,1,1,0,1,2,400,1,7,0,1995,1,4,3,2,8,1,0,1,0,0,0,0,0.06377807149049491
9,4,4,13,1,5,9,5,1,2,26,0,2,1,0,5,400,4,4,0,1995,2,4,3,1,7,3,0,1,0,0,0,0,0.08723274234223266
5,4,5,9,1,6,1,1,1,1,41,0,2,1,1,15,700,2,5,0,1994,2,4,3,2,8,2,0,1,0,0,0,0,0.06034382347704856
11,4,1,17,0,5,10,1,1,2,35,0,2,1,1,1,400,1,4,0,1994,2,4,3,3,6,2,0,1,0,0,0,0,0.045074527477769806
6,4,0,13,1,0,5,5,0,1,47,0,0,0,1,5,400,3,6,0,1994,0,4,3,2,5,3,0,1,0,0,0,0,0.4997439774441274
8,4,6,17,0,4,8,4,1,2,64,0,1,0,0,6,400,2,7,0,1994,1,4,3,2,7,2,0,1,0,0,0,1,0.5161202598850921
7,5,1,2,1,1,0,2,1,1,43,1,0,0,1,7,400,2,5,0,1995,0,4,3,1,7,0,0,1,0,0,0,0,0.09482536920313019
8,3,0,13,0,1,8,4,1,1,28,1,0,0,0,14,400,3,4,0,1994,0,4,3,1,7,0,0,1,0,0,0,0,0.12969083440451976
3,2,4,13,1,1,3,3,1,1,34,0,2,1,1,13,400,4,4,0,1995,2,4,3,3,7,0,0,1,0,0,0,0,0.028447025824719332
1,4,1,13,1,1,1,4,1,1,37,0,1,0,1,14,400,4,5,0,1995,1,4,3,0,7,2,0,1,0,0,0,1,0.5146141550337121
7,3,2,2,1,0,8,4,1,2,29,0,2,1,0,8,400,3,4,0,1994,2,4,3,3,7,1,0,1,0,0,0,0,0.06475303949231576
5,3,5,0,1,1,1,2,1,1,51,0,6,2,5,5,400,3,6,0,1995,0,4,3,1,8,0,0,1,0,0,0,1,0.6445439058738165
10,5,1,13,1,1,10,5,1,1,48,0,1,0,0,5,400,2,6,0,1994,1,4,3,0,8,0,0,3,0,0,0,0,0.35213713925840223
5,5,1,17,1,6,1,1,1,1,37,0,0,0,5,9,400,1,5,0,1995,0,4,3,0,7,1,0,1,1,0,0,1,0.5398248097060787
0,4,3,17,0,1,0,4,1,2,19,0,0,0,0,4,400,1,2,0,1996,0,4,3,1,3,1,0,1,0,0,0,0,0.44614909708137884
11,3,0,17,1,1,11,3,1,1,46,0,2,1,1,10,400,1,6,0,1996,2,4,3,0,8,3,4,2,0,0,0,0,0.120082265208524
2,1,1,5,1,1,2,1,1,2,74,0,1,0,3,13,400,3,8,0,1995,1,4,3,0,8,0,0,1,0,0,0,0,0.38213391391458074
10,3,6,17,1,6,10,3,1,1,62,0,1,0,0,12,400,1,7,0,1996,1,4,3,2,8,0,0,1,0,0,0,0,0.4199029639033915
5,3,2,6,1,4,5,4,1,2,48,0,2,1,0,4,400,2,6,0,1995,2,4,3,2,7,0,0,3,0,0,0,0,0.05898026555858036
7,2,6,0,1,6,7,4,0,2,26,0,1,0,1,12,400,1,4,0,1994,1,4,3,1,6,0,0,1,0,0,0,1,0.5158086766286084
5,4,3,17,1,5,1,1,1,2,19,0,0,0,4,2,400,3,2,0,1994,0,4,3,1,3,2,0,1,0,0,0,1,0.6069252502953733
8,1,2,17,1,0,8,2,1,1,40,0,1,0,0,6,400,1,5,0,1996,1,4,3,2,8,3,0,1,0,0,0,1,0.5034081758250266
3,4,3,0,1,1,7,3,1,1,41,0,1,0,1,7,400,4,5,0,1994,1,4,3,2,8,0,0,1,0,0,0,1,0.6306849960037183
0,3,3,6,1,6,0,4,1,1,80,0,1,0,0,5,400,3,8,0,1995,1,4,3,2,8,0,0,3,0,0,0,0,0.4271645674353117
3,1,4,9,1,0,3,4,1,2,28,0,2,1,1,6,400,2,4,0,1995,2,4,3,0,6,1,0,1,0,0,0,0,0.02846608675678351
0,1,4,5,1,4,0,1,1,1,48,0,0,0,2,16,400,1,6,0,1996,0,4,3,1,8,3,0,1,1,0,0,0,0.3873501697999167
1,1,5,13,1,4,3,1,1,2,18,0,0,0,4,11,400,2,2,0,1994,0,4,3,1,3,3,0,1,0,0,0,1,0.5219580564711905
5,2,0,5,1,1,5,3,1,1,56,1,0,0,1,7,400,4,7,0,1996,0,4,3,1,8,2,0,1,0,0,0,0,0.045814446155743316
1,1,5,13,1,6,1,1,1,1,59,0,0,0,4,11,400,3,7,0,1995,0,4,3,0,8,0,0,1,0,0,0,1,0.5080204906173603
5,1,5,6,1,4,9,3,1,1,29,0,0,0,4,16,400,2,4,0,1994,0,4,3,0,6,0,0,1,0,0,1,1,0.6738330049905658
6,1,4,9,1,0,6,1,1,2,32,0,0,0,0,16,400,4,4,0,1994,0,4,3,0,7,0,0,1,0,0,1,1,0.6763111506762626
11,4,2,9,1,1,11,4,1,1,61,0,1,0,1,10,400,3,7,0,1995,1,4,3,1,8,2,0,1,0,0,0,0,0.4311593936907657
4,4,2,17,1,5,4,4,1,1,33,1,2,1,1,5,400,3,4,0,1995,2,4,3,1,5,2,0,1,0,0,0,0,0.03502743679361744
6,4,1,17,1,1,6,4,1,1,71,0,2,1,0,15,400,2,8,0,1995,2,4,3,1,8,0,0,1,0,0,0,0,0.057304720108990466
8,3,4,9,1,4,8,3,1,2,44,0,2,1,0,15,400,1,5,0,1995,2,4,3,2,6,0,0,1,0,0,0,0,0.03021846360271717
2,3,3,2,1,1,4,1,0,1,54,1,1,0,0,4,400,1,6,0,1994,1,4,3,0,8,0,0,1,0,0,0,0,0.06613282403636647
7,4,0,6,1,0,7,4,1,1,32,0,1,0,0,10,400,4,4,0,1995,1,4,3,2,6,2,0,1,0,0,0,1,0.6363887443564918
0,4,5,17,1,6,8,1,1,1,65,1,0,0,0,6,400,2,7,0,1994,0,4,3,2,8,2,0,1,0,0,0,0,0.06887368365630211
0,4,2,5,1,1,0,4,1,1,44,0,0,0,0,8,700,3,5,0,1994,0,4,3,2,7,0,0,1,0,0,0,1,0.6152103261530801
8,3,1,9,1,1,8,3,0,2,32,0,2,1,1,16,400,3,4,0,1994,2,4,3,1,6,0,0,1,0,0,0,0,0.0545059175236361
2,4,5,9,1,2,4,1,1,1,26,0,1,0,2,5,400,2,4,0,1996,1,4,3,3,7,0,0,1,0,0,0,0,0.4842570793329499
9,1,4,5,1,4,4,2,1,1,49,0,8,2,5,8,400,3,6,0,1994,2,4,3,2,8,0,0,1,0,0,0,0,0.10990248092709652
11,1,1,6,0,5,11,1,1,2,17,0,4,1,5,13,400,3,1,0,1995,1,4,3,0,3,0,0,1,0,0,1,1,0.554377254862015
6,1,0,9,1,1,5,1,1,1,53,0,1,0,5,15,400,1,6,0,1994,1,4,3,2,7,2,0,1,0,0,1,1,0.5304987426229824
4,3,6,9,1,4,4,3,1,1,43,0,1,0,0,7,400,4,5,0,1996,1,4,3,1,8,2,0,1,0,0,0,1,0.5316360909495008
5,3,5,6,1,6,5,3,1,1,45,0,2,1,0,10,400,4,5,0,1995,2,4,3,3,7,0,0,1,0,0,0,0,0.035176610661106694
2,5,0,9,1,5,4,1,1,1,29,1,4,1,5,12,400,2,4,0,1994,1,4,3,2,7,3,0,1,0,0,0,0,0.043904425800353454
6,1,0,6,1,5,6,1,1,1,35,0,2,1,0,8,400,3,4,0,1996,2,4,3,1,7,3,0,1,0,0,0,0,0.05296664503593338
3,1,0,13,1,0,3,2,1,2,35,0,0,0,0,14,700,3,4,0,1994,0,4,3,0,7,0,0,1,0,0,1,1,0.6020221219715927
7,4,0,13,1,1,7,4,1,1,35,1,0,0,0,8,400,3,4,0,1995,0,4,3,1,5,3,0,1,0,0,0,0,0.10773849001983087
10,5,0,17,1,1,10,5,1,2,29,0,0,0,4,1,400,3,4,0,1995,0,4,3,0,5,3,0,1,0,0,0,1,0.5698633292652407
2,2,5,13,1,5,2,3,0,2,30,1,1,0,0,13,400,3,4,0,1994,1,4,3,2,7,3,0,1,0,0,0,0,0.0857684916439045
1,1,2,17,1,4,1,4,1,1,53,1,1,0,0,14,400,2,6,0,1996,1,4,3,2,8,1,0,1,0,0,0,0,0.0887470789794478
9,4,1,13,1,6,9,5,0,1,28,0,0,0,4,4,400,1,4,0,1995,0,4,3,0,6,1,0,1,0,0,0,1,0.5798019380988086
4,2,4,2,1,1,4,3,1,1,30,1,0,0,0,16,400,3,4,0,1994,0,4,3,1,7,3,0,1,0,0,0,0,0.1267241126171225
8,2,5,9,1,5,8,2,0,2,32,0,2,1,0,7,400,3,4,0,1995,2,4,3,1,7,0,0,1,0,0,0,0,0.04035751372860886
0,1,2,13,1,6,0,1,1,1,37,1,0,0,0,6,400,4,5,0,1994,0,4,3,0,8,0,0,1,0,0,0,0,0.09534201979158022
6,2,0,13,1,6,6,4,1,1,57,0,2,1,0,13,700,1,7,0,1995,2,4,3,3,7,0,0,1,0,0,0,0,0.03583001240236634
2,1,3,13,1,5,2,4,1,1,33,0,0,0,4,5,400,2,4,0,1996,0,0,3,0,7,0,0,1,0,0,0,1,0.6456151997791153
0,3,1,0,1,5,0,3,1,1,48,0,2,1,1,4,400,3,6,0,1994,2,4,3,2,7,3,0,1,0,0,0,0,0.07086937339439428
7,1,5,13,0,6,7,2,1,1,34,0,0,0,1,6,400,4,4,0,1994,0,4,3,0,7,0,0,1,0,0,1,1,0.7492673935242741
10,5,3,9,1,1,10,5,1,1,47,1,1,0,1,14,400,2,6,0,1995,1,4,3,0,8,3,0,1,0,0,0,0,0.05548671016470313
7,3,3,13,1,1,7,4,1,1,53,0,0,0,5,4,400,1,6,0,1995,0,4,3,3,8,0,0,1,0,0,1,0,0.4899886711185006
10,2,4,9,1,0,10,3,1,1,35,1,0,0,0,10,400,1,4,0,1996,0,4,3,3,7,3,0,1,0,0,0,0,0.07295760894483934
4,1,3,9,1,5,4,5,1,2,33,0,1,0,1,7,400,3,4,0,1994,1,4,3,2,6,3,4,2,0,0,0,1,0.555863379258194
10,2,2,17,1,1,10,2,1,2,32,1,1,0,0,12,400,1,4,0,1996,1,4,3,0,7,1,0,1,0,0,0,0,0.07269884673950865
7,1,1,9,1,1,7,4,1,1,49,1,0,0,1,1,400,3,6,0,1994,0,4,3,1,8,0,0,1,0,0,0,0,0.08584325902984866
5,2,0,5,1,5,5,2,1,1,42,0,1,0,3,12,400,1,5,0,1996,1,2,2,0,8,0,0,1,0,0,0,1,0.5520096095219396
0,2,1,17,1,1,8,4,1,2,27,0,2,1,1,1,400,1,4,0,1995,2,4,3,2,6,0,0,1,0,0,0,0,0.06081259252881188
7,4,0,6,1,5,0,1,1,1,27,0,2,1,0,15,400,1,4,0,1994,2,4,3,2,4,2,0,1,0,0,0,0,0.03859042396655064
5,4,0,0,1,0,5,4,1,1,37,0,1,0,1,12,400,1,5,0,1996,1,4,3,3,7,2,0,1,0,0,0,1,0.5052148561173935
11,2,2,1,1,5,10,1,1,1,65,1,1,0,0,4,400,3,7,0,1995,1,4,3,2,8,1,0,1,0,0,0,0,0.07342520076804124
9,1,0,12,1,6,9,2,1,1,47,1,7,2,5,16,700,2,6,0,1994,1,4,3,3,8,3,0,1,0,0,0,0,0.0350092617756588
5,3,1,6,1,5,1,2,1,1,40,1,0,0,0,16,400,1,5,0,1994,0,4,3,2,7,0,0,1,0,0,0,0,0.1347351550770067
6,2,4,17,1,0,6,4,1,1,51,0,0,0,5,8,400,1,6,0,1996,0,4,3,0,8,1,0,1,0,0,0,1,0.5877651502004669
8,4,1,2,0,5,8,4,1,1,60,0,1,0,1,8,400,1,7,0,1995,1,4,3,1,8,0,0,1,0,0,0,1,0.5427157083211926
9,4,3,17,1,6,9,5,1,1,31,0,2,1,0,14,400,3,4,0,1995,2,4,3,2,6,2,0,1,0,0,0,0,0.05619165425429573
5,3,5,17,1,5,5,3,1,2,29,0,1,0,0,6,500,2,4,0,1994,1,4,3,3,6,3,3,1,0,0,0,0,0.4781105283619668
3,2,1,9,1,5,3,2,1,2,26,0,4,1,5,1,400,3,4,0,1994,1,4,3,1,6,0,0,1,0,0,0,1,0.5264059960115198
1,3,2,11,0,1,1,5,1,2,34,0,2,1,0,7,400,4,4,0,1994,2,4,3,0,6,0,0,1,0,0,0,0,0.040996227759847424
11,4,6,6,1,5,11,4,0,1,35,0,2,1,0,11,400,4,4,0,1996,2,4,3,0,6,1,0,1,0,0,0,0,0.08625402605482872
3,2,4,17,1,1,3,3,1,1,26,1,1,0,0,11,400,3,4,0,1996,1,4,3,2,7,3,0,1,0,0,0,0,0.09379577885401492
1,1,5,2,1,4,1,4,1,1,55,0,1,0,1,11,400,2,6,0,1994,1,4,3,2,8,2,0,1,0,0,0,1,0.5408219153652024
8,1,1,6,1,6,6,4,1,1,48,0,2,1,1,4,400,3,6,0,1994,2,4,3,2,7,0,0,1,0,0,0,0,0.09088898502153638
11,1,5,13,1,5,11,1,1,1,49,0,1,0,0,6,400,4,6,0,1994,1,4,3,2,7,0,0,1,0,0,0,0,0.3851680132060282
3,1,2,13,1,6,7,1,0,2,39,1,1,0,0,6,400,3,5,0,1995,1,4,3,0,5,0,0,1,0,0,0,0,0.06446191154725282
11,1,0,6,1,0,11,2,1,1,42,0,1,0,0,2,400,2,5,0,1995,1,4,3,0,8,0,0,3,0,0,0,1,0.5348890279337826
7,4,5,17,1,6,7,4,1,2,33,0,2,1,1,15,400,1,4,0,1995,2,4,3,3,7,3,0,1,0,0,0,0,0.073029824721368
10,1,5,9,0,5,10,1,1,2,27,0,1,0,5,16,400,2,4,0,1996,1,4,3,1,6,0,0,1,0,0,0,0,0.480697941015854
3,1,6,17,1,4,3,1,1,1,47,0,1,0,4,11,700,3,6,0,1994,1,4,3,2,7,0,0,3,0,0,0,0,0.3796274014491195
2,2,0,13,1,0,2,2,1,1,51,0,2,1,0,12,400,1,6,0,1996,2,4,3,3,8,3,0,1,0,0,0,0,0.04988158025704603
9,1,4,17,1,1,2,2,1,1,47,1,1,0,0,14,400,2,6,0,1994,1,4,3,2,7,1,0,1,0,0,0,0,0.07158381016128681
1,4,4,6,1,0,1,4,1,2,32,0,1,0,0,13,400,3,4,0,1995,1,4,3,2,5,0,0,1,0,0,0,1,0.5487137907901787
3,3,0,13,1,0,3,4,1,1,46,0,1,0,0,1,400,3,6,0,1994,1,4,3,3,8,0,0,1,0,0,0,0,0.4845818663806818
6,4,3,17,1,5,6,5,0,1,21,1,0,0,0,15,400,4,3,0,1994,0,4,3,1,2,3,4,2,0,0,0,0,0.09887460279372962
5,2,5,6,0,6,5,3,0,1,47,1,1,0,0,4,500,2,6,0,1996,1,0,2,1,7,0,3,1,0,0,0,0,0.16635345202915203
11,4,2,2,1,5,9,2,1,2,32,0,1,0,1,8,400,1,4,0,1995,1,4,3,2,6,0,0,1,0,0,0,1,0.5729852591559363
9,2,0,17,0,4,9,3,1,2,30,0,1,0,0,5,400,3,4,0,1995,1,4,3,0,7,2,0,1,0,0,0,0,0.48469289015611217
3,3,2,17,0,0,0,1,1,1,65,0,1,0,0,9,400,3,7,0,1994,1,4,3,1,8,3,0,3,0,0,1,0,0.4581042706934862
1,1,2,6,1,4,1,2,1,1,55,1,2,1,1,4,400,1,6,0,1995,2,4,3,1,8,3,0,1,0,0,0,0,0.03045794397688451
2,5,6,9,1,1,4,1,0,1,27,0,2,1,0,8,400,3,4,0,1996,2,4,3,2,6,1,0,1,0,0,0,0,0.02659879975353774
3,4,2,6,1,5,3,5,1,1,46,0,2,1,0,9,400,3,6,0,1994,2,4,3,3,8,0,0,1,0,0,0,0,0.05079422561048344
3,5,5,13,1,4,7,1,1,1,42,1,0,0,1,2,400,2,5,0,1994,0,4,3,0,7,3,0,1,0,0,0,0,0.07127519768399997
1,3,3,6,1,4,1,3,1,1,47,1,0,0,0,16,400,1,6,0,1994,0,4,3,0,8,0,0,1,0,0,0,0,0.08150746285049575
8,2,6,2,1,1,8,4,1,1,34,1,2,1,1,10,400,4,4,0,1996,2,4,3,2,5,2,0,1,0,0,0,0,0.018095213638493115
3,3,0,13,0,6,7,1,1,1,69,1,0,0,4,2,400,3,8,0,1994,0,4,3,0,8,0,0,1,0,0,0,0,0.0808937802393961
2,2,0,13,1,1,2,2,1,2,34,0,2,1,5,7,400,4,4,0,1994,2,4,3,3,5,2,0,1,0,0,0,0,0.033291416621114664
3,3,4,13,1,4,7,1,1,2,36,0,2,1,0,13,400,3,5,0,1994,2,4,3,3,7,0,0,1,0,0,0,0,0.041488631988983525
11,3,0,13,0,0,11,4,1,1,42,0,2,1,0,16,400,2,5,0,1994,2,4,3,2,7,2,0,1,0,0,0,0,0.019878475150723565
1,2,6,17,1,0,1,4,1,2,27,0,1,0,0,15,500,3,4,0,1996,1,4,3,2,6,0,3,1,0,0,1,0,0.4176475136412657
2,4,1,17,1,1,4,1,1,1,26,0,0,0,0,14,400,2,4,0,1996,0,4,3,2,7,3,0,1,0,0,0,1,0.5624715631826017
4,3,1,6,1,0,4,4,1,1,45,1,0,0,0,7,400,2,5,0,1995,0,0,2,0,7,0,0,1,0,0,0,0,0.09288811506517554
8,3,6,3,1,6,8,3,1,2,26,0,2,1,2,13,400,4,4,0,1996,2,4,3,1,5,0,0,1,0,0,0,0,0.06577878495765824
10,5,1,2,1,6,9,4,1,1,33,0,2,1,0,6,400,2,4,0,1995,2,4,3,3,5,0,0,1,0,0,0,0,0.06587503661365066
9,4,4,9,1,0,2,1,1,1,46,0,2,1,1,8,400,3,6,0,1995,2,4,3,3,8,0,0,1,0,0,0,0,0.031126137796367016
5,2,5,2,1,1,5,3,1,1,38,0,0,0,1,1,400,2,5,0,1994,0,4,3,0,8,1,0,1,0,0,0,1,0.642376208350459
5,1,3,13,1,0,10,2,1,1,29,0,1,0,0,2,400,1,4,0,1994,1,4,3,0,6,1,0,1,0,0,0,1,0.5503381640887564
3,2,0,17,1,5,3,3,1,1,29,0,1,0,0,5,400,1,4,0,1996,1,4,3,0,6,0,0,1,0,0,0,1,0.5702580852303094
9,4,6,6,1,6,9,4,0,2,22,0,1,0,0,4,400,2,3,0,1995,1,4,3,3,5,3,0,1,0,0,0,0,0.44560630367078924
4,3,0,5,1,4,4,3,1,1,46,1,1,0,1,5,700,1,6,0,1996,1,4,3,3,7,1,0,1,0,0,0,0,0.11196621152880232
6,3,4,17,1,6,6,4,1,1,55,0,0,0,0,5,400,4,6,0,1996,0,4,3,1,8,0,0,1,0,0,0,1,0.5385542433501764
5,3,5,9,1,4,5,4,0,1,38,0,2,1,0,2,400,1,5,0,1994,2,4,3,2,5,0,0,1,0,0,0,0,0.037867569125771855
6,4,1,2,1,6,5,1,1,2,27,0,2,1,1,4,400,1,4,0,1996,2,4,3,2,6,3,0,1,0,0,0,0,0.062426322775183445
6,3,3,6,1,1,6,3,1,1,37,1,0,0,4,12,400,3,5,0,1995,0,4,3,1,7,0,0,1,0,0,0,0,0.12521984652854778
2,3,6,9,1,0,0,3,1,1,65,1,0,0,1,5,400,1,7,0,1995,0,4,3,2,8,3,0,1,0,0,0,0,0.07202095368246665
7,2,2,9,1,6,7,3,1,1,39,0,2,1,5,16,400,2,5,0,1995,2,4,3,3,6,3,0,1,0,0,0,0,0.03267002181810071
5,2,3,17,1,6,1,5,0,2,28,0,2,1,0,12,400,4,4,0,1994,2,4,3,2,6,1,0,1,0,0,0,0,0.047060065242823954
10,3,2,13,1,1,10,3,1,1,44,0,1,0,1,16,400,4,5,0,1994,1,4,3,2,7,0,0,1,0,0,0,0,0.44214376780625253
9,3,6,6,1,5,9,4,0,2,18,0,1,0,1,1,400,2,2,0,1996,1,4,3,2,2,1,0,1,0,0,0,0,0.3458484579950125
9,1,4,13,1,4,9,1,1,1,27,0,2,1,0,10,400,4,4,1,1995,2,4,3,2,6,2,0,1,0,0,0,0,0.022486304557517246
3,2,5,6,1,6,3,3,1,1,58,1,0,0,1,7,400,2,7,0,1995,0,4,3,2,7,0,0,1,0,0,0,0,0.0911334110233207
7,2,6,13,1,4,7,2,1,2,28,0,2,1,5,8,400,4,4,0,1996,2,4,3,0,6,1,0,1,0,0,0,0,0.051611371221694194
3,2,5,17,1,5,3,4,1,1,30,1,0,0,0,16,400,3,4,0,1995,0,4,3,2,6,0,0,1,0,0,0,0,0.11559613156564184
8,5,2,13,1,1,8,5,1,1,46,0,0,0,0,8,400,4,6,0,1994,0,4,3,2,8,2,0,1,0,0,0,1,0.5931386811147611
6,3,1,13,1,5,6,5,0,1,46,0,2,1,0,8,400,4,6,0,1996,2,4,3,0,7,3,0,1,0,0,0,0,0.10439671264618385
10,2,5,2,0,1,10,3,1,1,33,0,6,2,5,2,400,3,4,0,1994,0,4,3,1,7,0,0,1,0,0,0,1,0.552704902752756
11,2,4,2,1,4,11,4,1,2,33,1,2,1,0,6,400,1,4,0,1996,2,4,3,2,6,0,0,1,0,0,0,0,0.027769041750098845
4,1,0,13,1,1,4,2,1,2,33,0,2,1,0,12,400,4,4,0,1996,2,4,3,3,7,3,0,1,0,0,0,0,0.01918069720272926
10,5,1,9,1,4,9,1,1,2,26,1,2,1,0,12,400,3,4,0,1994,2,4,3,0,6,3,0,1,0,0,0,0,0.01978682104068635
11,1,5,17,1,1,2,3,1,2,28,0,0,0,0,13,400,2,4,0,1996,0,4,3,1,6,3,0,1,0,0,1,1,0.5307702435224538
4,2,5,6,0,5,4,2,1,1,32,0,4,1,5,14,400,3,4,0,1995,1,4,3,0,7,0,4,2,0,0,1,0,0.4887809931828726
9,2,2,9,1,1,9,3,0,1,44,0,0,0,4,15,400,2,5,0,1994,0,4,3,0,7,0,4,2,1,0,0,0,0.2761933786074454
5,4,6,0,1,1,1,1,1,1,54,1,0,0,5,12,400,1,6,0,1994,0,4,3,2,8,3,0,1,0,0,0,0,0.0646372351825027
4,3,5,9,1,4,4,3,1,1,30,0,0,0,0,14,400,2,4,0,1994,0,4,3,2,7,1,0,1,0,0,0,1,0.6967951481518542
4,3,1,17,1,1,4,3,1,1,73,0,0,0,4,10,400,4,8,0,1994,0,4,3,1,8,3,0,1,0,0,0,1,0.5010593606527189
7,3,5,2,1,4,7,3,1,2,33,1,0,0,5,12,400,3,4,0,1994,0,4,3,1,6,2,0,1,0,0,0,0,0.12815721627478166
4,4,0,13,1,5,4,5,0,1,40,0,1,0,0,12,400,1,5,0,1996,1,4,3,1,8,0,0,1,0,0,0,0,0.4442262233955487
11,2,3,17,1,5,11,2,1,1,19,0,1,0,0,9,400,1,2,0,1996,1,4,3,0,3,3,0,1,0,0,0,0,0.45672577618875004
6,4,3,6,1,1,5,1,1,2,31,1,1,0,0,13,400,1,4,0,1996,1,4,3,2,5,0,0,1,0,0,0,0,0.08033186644653276
6,3,1,17,1,5,6,3,1,1,36,0,2,1,1,4,400,1,5,0,1996,2,4,3,3,7,0,0,1,0,0,0,0,0.08970906250057047
5,5,1,0,1,6,1,1,1,1,56,1,0,0,1,8,400,1,7,0,1994,0,4,3,3,8,0,0,1,0,1,0,0,0.07178697673843916
5,1,0,2,1,0,5,2,1,1,51,1,0,0,0,5,400,4,6,0,1995,0,4,3,2,8,2,0,1,0,0,0,0,0.05797657383453508
7,2,5,17,1,6,7,4,1,1,76,0,1,0,1,3,400,3,8,0,1996,1,4,3,2,8,2,0,1,0,0,0,0,0.4547261545562257
4,5,1,6,1,5,3,1,1,2,16,0,2,1,5,8,400,3,0,0,1994,2,4,3,3,0,0,0,1,0,0,0,0,0.08821802377741048
6,4,3,17,1,6,10,1,0,1,33,1,2,1,0,1,400,2,4,0,1995,2,4,3,2,6,0,0,1,0,0,0,0,0.044733563564719435
11,2,2,9,1,0,11,5,1,2,27,0,1,0,0,15,400,4,4,0,1995,1,4,3,2,6,3,4,2,0,0,0,0,0.4409948225657713
10,3,1,13,1,1,10,3,1,1,61,0,6,2,5,5,400,4,7,0,1995,0,4,3,2,8,3,0,1,0,0,0,0,0.3286312826625311
11,3,2,6,1,1,11,3,1,1,62,0,2,1,1,2,400,1,7,0,1996,2,4,3,2,8,3,0,1,0,0,0,0,0.0196662564276806
5,3,5,17,1,6,5,3,1,1,30,0,1,0,1,12,400,3,4,0,1995,1,4,3,2,6,3,0,1,0,0,0,1,0.5488245675039409
6,1,3,17,1,4,6,2,0,1,41,0,1,0,0,9,400,4,5,0,1995,1,4,3,2,7,2,0,1,0,0,0,1,0.5240003694368067
4,1,0,6,1,5,4,4,1,1,52,0,4,1,5,8,400,4,6,0,1995,1,4,3,0,6,0,0,1,0,0,0,1,0.6394530723884368
4,5,0,5,1,1,4,5,1,1,49,0,0,0,4,2,400,2,6,0,1994,0,4,3,1,8,1,0,1,0,0,0,1,0.5605503123637899
1,3,4,6,1,0,1,3,1,1,27,0,2,1,0,3,400,1,4,0,1996,2,4,3,1,4,0,0,1,0,0,0,0,0.020041805051851345
5,1,1,6,1,4,5,5,0,1,47,0,2,1,0,5,400,3,6,0,1996,2,4,3,3,7,0,0,1,0,0,0,0,0.05205603153565432
4,4,5,17,1,6,3,1,1,1,35,0,1,0,1,15,400,4,4,0,1995,1,4,3,2,7,1,0,1,0,0,0,1,0.5233655474917351
4,2,1,2,0,1,4,3,0,2,26,0,2,1,0,2,400,2,4,0,1996,2,4,3,0,6,3,2,1,0,0,0,0,0.02318250393524266
11,2,1,9,1,5,11,2,1,1,37,0,2,1,5,12,400,2,5,0,1996,2,4,3,3,7,3,0,1,0,0,0,0,0.029056443564298852
9,1,2,5,1,6,9,2,1,1,30,1,0,0,2,5,500,4,4,0,1995,0,4,3,2,7,1,3,1,0,0,1,1,0.5710667261346453
2,4,4,17,1,1,4,4,1,1,30,1,0,0,5,10,400,1,4,0,1995,0,4,3,2,7,0,0,1,0,0,0,0,0.1195691971625848
8,3,6,17,0,0,6,1,0,2,31,0,2,1,0,11,400,1,4,0,1994,2,4,3,3,6,3,0,1,0,0,0,0,0.027698887591040146
8,1,6,17,1,4,8,1,1,1,37,0,2,1,0,11,400,2,5,0,1996,2,4,3,2,6,1,0,1,0,0,0,0,0.06065513016945946
9,3,6,6,1,6,9,4,1,1,75,0,4,1,5,4,400,1,8,0,1995,1,4,3,0,8,0,0,1,0,0,0,0,0.4426524720132201
7,2,0,6,1,1,7,2,0,1,41,1,0,0,4,13,400,3,5,0,1995,0,4,3,0,7,0,0,1,1,0,0,0,0.06987382969173453
3,1,4,13,1,1,3,1,1,1,37,1,1,0,0,13,400,4,5,0,1994,1,4,3,1,7,3,0,1,0,0,0,0,0.08969253245918464
2,3,1,0,1,5,2,3,1,1,44,0,8,2,5,14,400,2,5,1,1996,2,4,3,2,7,3,0,1,0,0,0,0,0.10160188272294216
7,2,4,13,1,4,7,2,1,1,30,0,2,1,0,3,400,1,4,0,1996,2,4,3,2,6,0,0,1,0,0,0,0,0.03701335805107255
9,2,2,9,1,0,9,3,0,1,45,1,0,0,0,13,400,2,5,0,1994,0,4,3,0,6,1,0,1,0,0,0,0,0.07151698747397019
3,4,2,17,1,5,7,1,1,1,35,1,0,0,0,10,400,3,4,0,1994,0,4,3,1,6,3,0,3,0,0,0,0,0.12005284155914736
3,4,4,6,1,0,7,1,1,2,16,1,0,0,5,1,400,1,0,0,1994,0,4,3,2,0,0,0,1,0,0,0,0,0.1319526896882615
10,2,2,6,1,5,10,2,1,2,34,1,1,0,0,4,400,4,4,0,1996,1,4,3,3,6,3,0,1,0,0,0,0,0.08715845226309232
6,3,3,13,1,4,6,4,1,1,40,1,1,0,4,14,400,4,5,0,1996,1,4,3,1,7,1,0,1,0,0,0,0,0.10860859803657366
0,2,6,13,1,0,0,4,1,1,43,0,1,0,1,11,400,1,5,0,1994,1,4,3,2,7,2,0,1,0,0,0,1,0.5967081482599226
0,4,4,0,1,6,8,1,1,1,44,0,0,0,0,3,400,4,5,0,1994,0,4,3,2,7,3,0,1,0,0,0,1,0.6254666724354248
10,5,2,5,1,0,9,1,1,2,30,0,0,0,0,1,400,3,4,0,1995,0,4,3,2,7,3,0,1,0,0,1,1,0.5286999654164399
0,2,6,2,1,1,0,3,0,1,43,1,0,0,5,2,400,1,5,0,1995,0,4,3,0,7,0,0,1,0,0,0,0,0.08778905999180697
7,5,1,17,1,1,7,5,1,1,50,0,1,0,4,6,400,3,6,0,1994,1,4,3,2,7,0,0,1,0,0,0,1,0.5259557171886579
10,4,6,13,1,4,9,1,1,2,43,0,2,1,0,1,400,1,5,0,1995,2,4,3,3,7,0,0,1,0,0,0,0,0.01925510651105671
11,4,3,9,0,1,11,4,1,2,40,1,1,0,0,14,400,2,5,0,1994,1,4,3,1,7,3,0,1,1,1,0,0,0.04966065712345667
10,1,3,13,1,1,10,1,1,1,77,0,1,0,5,13,400,2,8,0,1996,1,4,3,0,8,1,0,1,0,0,0,0,0.3384960037264292
4,2,4,9,1,4,4,2,1,1,30,1,4,1,5,13,400,4,4,0,1996,1,4,3,0,7,0,0,1,0,0,0,0,0.09643307257501968
10,1,5,13,1,1,10,2,0,1,22,0,1,0,0,15,400,1,3,0,1995,1,4,3,2,2,2,0,1,0,0,0,0,0.3710582241091037
7,1,5,2,1,4,7,1,1,1,47,0,2,1,0,11,400,4,6,0,1994,2,4,3,2,8,3,0,1,0,0,0,0,0.10516730860817976
7,3,3,13,1,4,7,4,1,1,26,0,1,0,0,16,400,2,4,0,1994,1,4,3,1,6,0,0,1,0,0,0,1,0.5793197279019178
4,1,5,3,1,6,3,1,1,1,60,0,1,0,0,6,400,4,7,0,1994,1,4,3,1,8,2,0,1,0,0,0,0,0.4679452509883035
3,2,2,17,1,6,3,3,0,1,68,0,0,0,0,10,400,1,8,0,1994,0,4,3,0,8,2,0,1,0,0,0,1,0.5115583207109747
6,2,5,17,1,5,6,2,0,2,30,0,1,0,0,10,400,3,4,0,1994,1,4,3,0,6,0,0,1,0,0,0,1,0.5205617076602577
10,4,0,13,1,0,10,4,1,1,35,0,1,0,0,11,400,2,4,0,1995,1,4,3,2,7,2,0,1,0,0,0,1,0.5157867523079491
7,3,0,9,1,5,7,4,1,2,21,1,1,0,0,8,400,2,3,0,1995,1,4,3,1,5,2,0,1,0,0,0,0,0.07642924442689418
6,4,1,17,1,6,6,5,1,1,51,0,2,1,1,6,400,3,6,0,1996,2,4,3,1,8,2,0,1,0,0,0,0,0.15527586511421537
6,4,4,6,1,6,6,5,1,1,49,0,2,1,5,13,400,2,6,0,1996,2,4,3,2,5,0,4,2,0,0,0,0,0.0645139007557762
2,1,2,9,1,1,2,3,0,2,32,0,1,0,1,4,400,3,4,0,1996,1,4,3,0,7,1,0,1,0,0,0,1,0.5223668974871368
10,2,3,17,1,5,10,4,0,2,31,0,2,1,0,7,400,3,4,0,1994,2,4,3,1,4,0,0,1,0,0,0,0,0.11970330220817742
7,2,3,13,1,1,7,3,1,1,48,0,0,0,4,14,400,4,6,0,1994,0,4,3,0,8,0,4,2,0,0,0,1,0.5083929971662359
10,4,6,13,1,6,2,2,1,1,40,0,1,0,0,1,400,1,5,0,1996,1,4,3,2,6,0,0,1,0,0,0,1,0.5112839506862548
10,2,0,6,1,1,10,3,1,1,37,0,1,0,0,16,400,2,5,0,1996,1,4,3,3,7,3,0,1,0,0,0,0,0.4523901324850923
6,4,0,9,1,0,5,1,1,1,60,1,1,0,1,10,400,1,7,0,1995,1,4,3,2,8,2,0,1,0,0,0,0,0.09054073869683052
1,3,1,13,1,0,1,4,0,2,31,0,1,0,0,9,400,2,4,0,1994,1,4,3,1,5,0,0,1,0,0,0,1,0.5182169528701991
8,5,3,2,0,5,8,5,1,2,21,0,2,1,0,6,400,3,3,0,1994,2,4,3,2,5,1,0,1,0,0,0,0,0.15906563305157767
8,4,5,9,1,6,8,4,1,1,40,0,1,0,0,1,400,2,5,0,1995,1,4,3,1,7,2,0,3,0,0,0,1,0.5935465828312354
5,4,0,6,1,0,5,5,1,2,27,1,1,0,0,3,400,1,4,0,1995,1,4,3,1,6,0,0,3,0,0,0,0,0.057710538280524686
9,4,5,18,1,5,9,5,0,1,43,1,0,0,1,8,400,1,5,0,1996,0,4,3,0,7,3,4,2,0,0,0,0,0.07466377447913314
3,1,0,17,1,1,3,1,1,1,62,1,1,0,2,7,400,4,7,0,1995,1,4,3,1,8,0,0,1,0,0,0,0,0.08104243825837415
10,3,1,13,1,0,9,1,1,1,45,0,2,1,0,2,400,4,5,0,1995,2,4,3,3,7,1,0,1,0,0,0,0,0.024570931299026103
7,3,1,6,1,6,0,2,1,1,37,0,2,1,1,12,400,3,5,0,1995,2,4,3,1,8,3,0,1,0,0,0,0,0.07312509194325134
9,2,3,13,1,1,9,3,1,1,66,1,0,0,1,8,400,1,8,0,1995,0,4,3,1,8,0,0,1,0,0,0,0,0.07983401384162844
0,1,6,9,1,6,0,1,1,2,27,0,2,1,0,4,400,4,4,0,1996,2,4,3,3,5,3,0,1,0,0,0,0,0.04883173539410048
5,2,1,17,1,1,5,2,1,1,76,0,1,0,0,3,400,3,8,0,1994,1,4,3,1,8,0,0,1,0,0,0,0,0.41319902233338723
8,4,0,2,1,1,6,2,0,2,32,1,0,0,0,13,400,1,4,0,1996,0,4,3,0,6,3,0,1,0,0,0,0,0.09186281089081678
11,1,3,13,1,1,11,2,1,2,27,0,2,1,0,2,400,3,4,0,1995,2,4,3,1,6,3,0,1,0,0,0,0,0.04053198111718511
10,3,6,9,1,6,10,3,1,1,33,0,2,1,5,10,400,1,4,0,1995,2,4,3,2,7,3,0,1,0,0,0,0,0.04423630960319089
3,1,5,13,1,5,3,1,0,1,31,0,2,1,4,2,400,3,4,0,1994,2,4,3,2,7,1,0,1,0,0,0,0,0.04027674196308519
1,5,5,13,1,1,11,1,1,1,38,1,2,1,0,11,400,4,5,0,1994,2,4,3,2,8,2,0,1,0,0,0,0,0.011687997353940998
4,2,0,17,1,5,4,4,1,2,24,0,2,1,0,16,400,1,3,0,1995,2,4,3,1,5,0,0,1,0,0,0,0,0.051526534802351705
6,3,1,16,0,6,6,5,1,1,31,0,1,0,1,14,400,1,4,0,1995,1,4,3,0,7,3,0,1,0,0,0,0,0.48485659216958205
11,3,2,17,1,1,11,3,1,1,50,0,2,1,1,9,400,1,6,0,1995,2,4,3,1,8,3,0,1,0,0,0,0,0.08945670582163374
9,1,4,2,0,1,9,1,1,1,41,0,0,0,5,7,400,1,5,0,1995,0,4,3,2,7,2,0,1,0,0,0,1,0.5228745507116009
10,5,1,17,1,1,9,2,1,1,48,1,2,1,5,6,400,4,6,0,1995,2,4,3,1,8,3,0,1,0,0,0,0,0.04478497024303458
6,1,6,6,1,1,6,1,1,1,30,0,1,0,5,14,400,4,4,0,1994,1,4,3,2,6,3,4,2,0,0,1,0,0.4578583025187653
4,2,1,9,1,1,4,2,1,1,29,0,2,1,0,13,400,1,4,0,1994,2,4,3,3,7,0,0,1,0,0,0,0,0.03757543140915391
9,3,1,13,1,5,9,3,1,1,28,0,0,0,0,1,400,2,4,0,1996,0,4,3,1,7,0,0,1,0,0,0,1,0.6069493766847182
2,1,1,6,1,6,2,2,1,2,33,1,2,1,1,7,400,1,4,0,1996,2,4,3,2,7,0,0,1,1,0,0,0,0.06227540120666485
7,4,1,17,1,5,7,5,1,1,35,1,0,0,4,16,400,1,4,0,1995,0,4,3,1,7,3,0,1,0,0,0,0,0.10971022267511836
4,3,1,6,1,1,4,3,1,2,16,0,2,1,5,5,400,1,0,0,1996,2,4,3,3,0,0,0,1,0,0,0,0,0.035796310584205064
10,2,0,2,1,5,10,3,1,1,40,0,7,2,5,9,400,2,5,0,1995,1,4,3,3,7,3,0,1,1,0,0,0,0.2277900502715287
6,2,0,13,1,5,6,3,1,2,34,0,1,0,0,12,400,4,4,0,1994,1,4,3,2,6,1,0,1,0,0,1,1,0.5812389955360036
9,3,0,17,1,0,9,3,0,1,44,0,2,1,0,14,400,2,5,0,1994,2,4,3,1,7,2,0,1,0,0,0,0,0.032531273536643195
2,1,5,9,1,6,2,3,1,1,37,0,1,0,0,6,400,1,5,0,1995,1,4,3,0,7,3,0,1,0,0,0,0,0.4920048851211963
3,2,4,9,1,4,3,2,1,1,47,0,2,1,5,10,400,2,6,0,1995,2,4,3,2,8,2,0,1,0,0,0,0,0.08260974184265675
1,1,1,17,1,1,1,1,1,2,33,0,1,0,0,5,400,2,4,0,1996,1,4,3,2,5,1,0,1,0,0,0,1,0.5051094639360472
0,1,5,9,1,0,0,2,0,1,45,0,1,0,0,7,400,3,5,0,1994,1,4,3,2,6,3,0,1,0,0,0,0,0.49738138910931234
5,3,1,2,1,5,5,3,1,2,36,0,2,1,1,16,400,1,5,0,1996,2,4,3,3,7,0,0,1,0,0,0,0,0.07178622201538457
8,2,3,17,0,0,1,4,1,2,30,0,0,0,4,13,400,4,4,0,1996,0,4,3,0,7,3,4,2,0,0,0,0,0.4011854825767783
6,5,5,2,1,6,6,5,0,2,35,0,1,0,0,11,400,1,4,0,1996,1,4,3,2,6,0,0,1,0,0,0,0,0.4618978614085571
5,4,1,9,1,4,5,4,1,2,29,0,1,0,0,4,400,4,4,0,1995,1,4,3,1,6,0,2,1,0,0,0,1,0.534993864866087
7,4,0,9,1,1,7,4,1,1,38,0,0,0,0,1,400,4,5,0,1995,0,4,3,1,6,3,0,1,1,0,0,0,0.4877206795850334
9,1,1,6,1,5,9,2,1,2,16,0,4,1,5,11,400,3,1,0,1994,1,4,3,0,2,1,0,1,0,0,0,0,0.3246285893282019
6,1,2,2,1,0,6,2,0,1,35,0,0,0,0,10,400,2,4,0,1996,0,4,3,2,6,3,0,1,0,0,1,1,0.5549112987941253
4,5,1,9,1,1,4,5,1,2,42,0,2,1,0,12,400,3,5,0,1996,2,4,3,2,7,3,0,1,0,0,0,0,0.02785393706421802
5,1,5,13,1,1,5,3,0,2,26,0,2,1,4,2,400,3,4,0,1994,2,4,3,2,6,2,0,1,0,0,0,0,0.021781782823086765
6,1,2,6,1,6,6,2,1,1,39,0,1,0,0,2,400,2,5,0,1995,1,4,3,2,7,3,0,1,0,0,0,1,0.5381787468194278
8,5,1,17,0,4,6,1,1,1,49,0,0,0,0,2,400,3,6,0,1994,0,4,3,0,8,2,0,3,0,0,0,1,0.5583460923743857
4,5,3,13,0,5,3,1,1,1,27,0,1,0,1,15,400,3,4,0,1994,1,4,3,2,7,0,0,1,0,0,1,1,0.550081755326253
5,5,0,13,1,4,1,3,1,1,32,0,0,0,1,10,400,3,4,0,1994,0,4,3,0,7,2,0,1,0,0,1,1,0.725722787342224
10,2,2,13,1,6,10,2,1,1,27,0,0,0,0,6,400,2,4,0,1996,0,4,3,0,5,2,0,1,0,0,0,1,0.6055789963097806
9,2,5,9,1,5,9,3,1,1,43,1,1,0,0,16,400,3,5,0,1995,1,4,3,2,7,0,0,1,0,0,0,0,0.0855625288317592
6,1,3,6,1,1,6,1,1,2,52,1,1,0,0,4,400,4,6,0,1995,1,4,3,2,8,3,0,1,0,0,0,0,0.06329327839223492
4,1,5,13,1,5,4,1,1,1,31,0,1,0,1,15,400,4,4,0,1994,1,4,3,3,7,2,0,1,0,0,0,0,0.4729635304343189
4,1,2,17,1,5,4,1,1,1,33,1,0,0,0,9,400,4,4,0,1995,0,4,3,0,7,3,0,1,0,0,0,0,0.09414008666119386
3,4,2,17,1,6,7,1,0,2,26,0,2,1,0,1,400,3,4,0,1996,2,4,3,2,6,0,0,1,0,0,0,0,0.16767000261300183
11,1,4,6,1,0,11,1,1,1,31,0,0,0,1,14,400,1,4,0,1994,0,4,3,0,7,0,0,1,0,0,1,0,0.49189374870714503
4,3,0,2,1,1,4,3,1,1,34,0,8,2,5,16,400,1,4,0,1996,2,4,3,0,5,0,0,1,0,0,0,0,0.14539594855296312
7,2,2,9,1,1,7,2,1,1,54,1,2,1,1,16,400,1,6,0,1996,2,4,3,3,8,0,0,1,0,0,0,0,0.013971100543327952
6,3,6,9,0,4,6,3,0,1,43,0,2,1,0,7,400,3,5,0,1994,2,4,3,1,7,3,0,1,0,0,0,0,0.029820091191959098
11,1,0,6,1,4,11,3,1,1,40,0,1,0,0,9,400,1,5,0,1995,1,4,3,2,6,0,0,1,0,0,0,1,0.5342811680522438
1,1,4,17,0,4,10,1,1,1,58,1,2,1,1,3,400,2,7,0,1995,2,4,3,1,8,2,0,1,0,0,0,0,0.0204151879429217
2,3,2,2,1,5,2,3,1,1,34,1,1,0,2,10,400,3,4,0,1994,1,4,3,0,7,3,0,1,0,0,0,0,0.09415096275268897
4,3,0,17,1,5,4,4,1,2,26,1,0,0,0,12,400,1,4,0,1994,0,4,3,1,7,0,0,1,0,0,0,0,0.13208387330654625
1,3,3,17,1,6,1,3,1,1,54,0,0,0,4,15,400,3,6,0,1996,0,4,3,0,8,3,4,2,0,0,0,0,0.38432140257221337
8,2,6,17,0,1,5,1,1,1,60,0,2,1,0,1,400,3,7,0,1995,2,4,3,1,8,1,4,2,0,0,0,0,0.04843160792867014
1,1,5,0,1,1,1,2,1,1,29,0,6,2,5,6,400,3,4,0,1996,0,4,3,0,6,0,4,2,0,0,1,1,0.5048906756046567
4,1,4,6,1,4,4,1,0,1,37,1,1,0,0,2,400,1,5,0,1994,1,4,3,2,6,3,0,1,0,0,0,0,0.07843782932289134
0,4,3,17,0,4,0,5,1,2,21,0,0,0,0,12,400,4,3,0,1995,0,4,3,0,5,0,0,1,0,0,0,0,0.49748567217388867
4,4,2,3,1,1,7,1,1,1,53,0,1,0,1,15,400,2,6,0,1994,1,4,3,0,8,0,4,2,1,0,0,0,0.40675783361590395
4,4,2,17,1,4,3,3,1,2,24,0,0,0,0,4,400,1,3,0,1995,0,4,3,0,5,0,0,1,0,0,0,1,0.6529665280326641
9,1,4,13,1,1,9,3,1,2,34,0,1,0,1,3,400,4,4,0,1994,1,4,3,2,5,1,0,1,0,0,0,0,0.4976585685269383
6,4,3,6,1,5,10,4,0,1,40,0,4,1,5,12,400,2,5,0,1994,1,4,3,2,6,0,0,1,0,0,1,0,0.3974518680810559
4,4,6,2,1,5,3,4,1,1,46,0,0,0,5,13,400,2,6,0,1994,0,4,3,1,7,3,0,1,0,0,0,1,0.528405804972798
6,4,6,13,1,4,6,4,1,1,56,0,2,1,0,5,400,1,7,0,1995,2,4,3,0,8,0,0,1,0,0,0,0,0.03780397983153168
4,1,2,17,1,5,4,1,1,1,50,0,1,0,0,4,400,1,6,0,1996,1,4,3,3,7,0,0,1,0,0,0,0,0.4922559740347111
8,5,1,17,1,4,6,1,1,1,40,1,2,1,1,11,400,1,5,0,1994,2,4,3,1,7,2,0,1,0,0,0,0,0.047727630367618866
0,4,4,17,1,1,8,1,1,1,33,1,1,0,0,14,400,4,4,0,1994,1,4,3,1,7,0,0,1,0,0,0,0,0.1097820225785774
4,4,6,9,1,6,4,4,1,2,55,0,2,1,0,15,400,2,6,0,1994,2,4,3,0,7,0,0,1,0,0,0,0,0.019845791555266067
4,5,3,17,1,6,3,1,1,2,30,0,0,0,5,13,400,2,4,0,1996,0,4,3,1,7,3,0,1,0,0,0,1,0.5519409363100448
2,1,0,17,1,6,4,1,1,1,34,0,0,0,4,7,400,1,4,0,1995,0,4,3,2,7,0,0,1,0,0,0,1,0.6586873445435587
8,3,4,6,1,1,8,4,1,1,57,0,2,1,0,7,400,1,7,0,1994,2,4,3,2,8,3,0,1,0,0,0,0,0.026853993721675472
10,3,4,5,1,6,9,1,1,1,44,0,2,1,1,13,400,3,5,0,1996,2,4,3,3,7,0,0,1,0,0,0,0,0.04692505790204729
4,1,5,6,1,6,4,1,1,1,33,1,1,0,1,15,400,4,4,0,1995,1,4,3,0,7,1,0,1,0,0,0,0,0.08434257988537407
3,2,4,2,0,0,3,2,1,1,31,0,0,0,5,14,400,1,4,0,1995,0,4,3,1,7,2,0,1,0,0,0,1,0.6086363962159606
3,4,2,6,1,1,3,5,1,2,21,1,2,1,0,4,400,4,3,0,1994,2,4,3,1,5,0,0,1,0,0,0,0,0.02533439729000393
11,3,2,17,1,5,10,2,1,2,32,0,0,0,0,15,400,3,4,0,1994,0,4,3,2,6,0,0,1,0,0,0,1,0.5046830440752516
5,2,0,2,1,4,5,3,0,1,27,0,1,0,0,3,400,3,4,0,1994,1,4,3,0,6,0,4,2,0,0,0,0,0.4500360761047892
4,3,1,17,1,5,4,3,1,1,57,0,2,1,0,5,400,2,7,0,1994,2,4,3,2,8,1,0,1,0,0,0,0,0.09229186623771865
7,2,1,6,1,1,7,3,1,1,63,1,1,0,0,11,400,4,7,0,1994,1,4,3,1,7,0,0,1,0,0,0,0,0.0800259373833988
9,3,4,13,1,1,9,3,1,1,50,1,1,0,1,10,400,3,6,0,1994,1,4,3,2,8,2,0,1,0,0,0,0,0.08011090954226084
2,3,0,13,1,5,4,3,1,1,41,1,0,0,4,16,500,3,5,0,1994,0,0,3,2,7,0,3,1,0,0,1,1,0.5232506373901207
11,2,0,2,1,1,11,4,1,1,50,0,0,0,0,11,400,1,6,0,1996,0,4,3,2,8,0,0,1,0,0,0,0,0.4791571118488603
7,1,6,9,1,0,7,1,1,2,35,1,1,0,0,4,400,3,4,0,1996,1,4,3,1,6,0,0,1,0,0,0,0,0.06459447814821409
6,3,5,17,1,5,6,3,0,1,61,0,2,1,1,2,400,1,7,0,1996,2,4,3,0,8,3,0,1,0,0,0,0,0.05228478627738021
4,3,6,6,1,1,4,4,1,2,34,0,4,1,5,15,400,4,4,0,1994,1,4,3,0,6,0,0,1,1,0,0,0,0.4975560587213941
6,2,2,13,1,5,6,3,1,1,41,1,1,0,0,13,400,1,5,0,1994,1,4,3,2,7,0,0,1,0,0,0,0,0.11814172806677016
10,4,6,13,1,0,2,1,1,1,31,0,1,0,1,5,400,3,4,0,1995,1,4,3,3,7,3,0,1,0,0,1,0,0.4779577009433646
8,3,5,17,1,0,8,4,1,1,63,0,1,0,0,2,400,4,7,0,1995,1,4,3,1,8,3,0,1,0,0,0,1,0.5090134616537558
7,3,1,9,1,5,7,4,1,1,27,0,1,0,0,3,400,2,4,0,1995,1,4,3,1,6,2,0,1,0,0,0,1,0.587912842609152
8,3,0,9,1,6,8,4,1,1,33,1,4,1,5,11,500,4,4,0,1994,1,4,3,0,7,2,3,1,0,0,1,0,0.36309297043775457
9,4,3,13,1,6,4,1,1,1,47,0,0,0,0,14,400,4,6,0,1994,0,4,3,2,8,1,0,1,0,0,0,0,0.47565228184209585
1,5,5,13,1,6,1,5,1,1,47,0,1,0,0,15,400,3,6,0,1995,1,4,3,2,6,3,0,1,0,0,0,0,0.42803883865305037
5,1,6,13,1,4,5,2,1,1,49,1,0,0,4,1,400,1,6,0,1995,0,4,3,2,8,0,0,1,0,0,0,0,0.0709296223591986
5,1,0,17,1,1,5,1,0,1,49,1,1,0,0,14,400,1,6,0,1996,1,4,3,2,7,1,0,1,0,0,0,0,0.07144609839618302
6,2,4,6,1,4,6,2,1,2,27,1,1,0,0,15,400,2,4,1,1996,1,4,3,2,7,1,0,1,0,0,0,0,0.07472324522438958
5,2,0,9,1,0,5,2,1,2,31,0,2,1,1,12,400,1,4,0,1996,2,4,3,3,6,0,0,1,0,0,0,0,0.024761732615113337
6,2,5,18,1,5,6,3,1,1,37,0,0,0,1,16,400,4,5,0,1995,0,4,3,0,8,1,0,1,0,0,0,0,0.41136753322973924
0,2,0,13,1,5,0,2,0,2,23,1,0,0,0,15,400,1,3,0,1995,0,4,3,2,3,0,0,1,0,0,0,0,0.07333476215313772
8,1,0,9,1,1,8,2,1,1,57,0,6,2,5,12,400,3,7,0,1995,0,4,3,2,8,0,0,1,0,0,0,0,0.42420511401934385
1,4,1,6,1,4,7,3,1,2,16,0,1,0,5,7,400,1,0,0,1994,1,4,3,0,0,0,0,1,0,0,0,1,0.5700867847073582
11,5,2,17,1,1,10,1,1,2,29,1,0,0,0,6,400,1,4,0,1995,0,4,3,1,5,1,0,1,0,0,0,0,0.08970060513063129
2,1,1,13,1,1,2,2,1,1,27,0,0,0,0,4,400,2,4,0,1994,0,4,3,0,7,0,0,1,0,0,0,1,0.7314508422749539
1,3,4,17,1,4,1,3,1,1,41,0,1,0,1,8,400,4,5,1,1995,1,4,3,2,8,3,0,1,0,0,0,0,0.4140522113378349
4,3,1,6,1,1,4,3,0,1,61,0,1,0,0,2,700,1,7,0,1994,1,4,3,1,7,0,0,1,0,0,0,0,0.32967044792011885
6,2,2,13,1,1,6,4,1,1,64,0,2,1,4,9,400,4,7,0,1995,2,4,3,2,7,1,0,1,0,0,0,0,0.05538765488138533
4,2,3,17,1,5,4,2,1,2,27,0,2,1,0,7,400,1,4,0,1996,2,4,3,3,6,0,0,1,0,0,0,0,0.0387800369763097
9,4,5,6,1,5,9,4,0,2,26,0,2,1,0,7,400,2,4,0,1994,2,4,3,3,6,0,0,1,0,0,0,0,0.0627381327926534
7,2,2,2,1,1,7,3,1,2,33,0,0,0,5,3,500,3,4,0,1995,0,4,3,0,6,3,3,1,0,0,0,1,0.5532211338516527
3,4,6,6,1,4,3,4,1,1,28,1,2,1,0,1,400,3,4,0,1996,2,4,3,2,6,1,0,1,0,0,0,0,0.008540012150439685
9,2,6,2,1,0,9,2,1,1,54,0,1,0,1,11,400,3,6,0,1995,1,4,3,1,8,0,0,1,0,0,0,1,0.507746150483716
2,4,3,6,1,1,2,4,1,2,61,1,0,0,5,15,400,3,7,0,1994,0,4,3,0,0,0,0,1,0,0,0,0,0.06840289567436858
8,2,5,9,1,5,8,2,1,1,80,0,1,0,1,11,400,2,8,0,1995,1,4,3,3,7,0,0,1,0,0,0,1,0.5114056798441677
2,4,4,6,1,5,4,1,1,2,16,0,2,1,5,3,400,4,0,0,1996,2,4,3,2,0,0,0,1,0,0,0,0,0.0687383072471691
5,3,2,9,0,0,5,4,1,1,42,0,2,1,1,13,400,4,5,0,1996,2,4,3,1,7,3,0,3,0,0,0,0,0.023470369463031368
6,2,1,17,1,5,6,3,1,1,52,0,2,1,0,11,400,3,6,0,1996,2,4,3,2,7,3,0,1,0,0,0,0,0.21379657549657
4,2,1,17,1,1,4,4,1,1,57,0,1,0,0,4,400,3,7,0,1996,1,4,3,0,8,0,0,1,0,0,0,0,0.49951796273206817
10,4,6,9,1,4,10,4,1,2,34,1,1,0,0,6,400,2,4,0,1996,1,4,3,0,6,0,0,1,0,0,0,0,0.06897478722315681
9,4,2,2,1,1,9,5,1,1,30,0,2,1,1,3,400,1,4,0,1995,2,4,3,2,7,0,0,3,0,0,0,0,0.05083120850255253
7,3,3,9,1,5,7,4,1,1,41,1,1,0,0,3,400,1,5,0,1995,1,4,3,0,8,2,0,1,0,0,0,0,0.07117910330810319
2,3,0,17,1,0,2,3,1,1,26,0,2,1,1,2,400,1,4,0,1994,2,4,3,3,6,3,0,1,0,0,0,0,0.052440422854505536
4,5,2,13,1,6,3,1,1,2,33,0,0,0,0,4,400,1,4,0,1995,0,4,3,0,7,0,0,1,0,0,0,1,0.6805709698748218
2,1,4,2,1,4,0,4,1,1,80,0,7,2,5,3,400,4,8,0,1994,1,4,3,1,8,0,0,1,0,0,0,0,0.39253949019397083
5,2,6,17,1,6,1,1,1,2,28,0,1,0,0,13,400,1,4,0,1995,1,4,3,2,6,0,0,1,0,0,0,1,0.513652375044707
6,3,2,17,1,5,6,4,1,1,57,0,1,0,0,14,400,4,7,0,1994,1,4,3,2,8,3,0,1,0,0,0,0,0.4827181269315233
3,3,0,9,1,5,7,1,1,1,31,0,2,1,0,7,400,1,4,0,1994,2,4,3,2,7,1,0,1,0,0,0,0,0.06407722222912927
0,1,3,0,1,6,0,1,1,2,53,0,0,0,0,3,400,3,6,0,1996,0,4,3,3,7,2,0,1,0,0,0,0,0.4020746356820662
11,2,0,13,1,5,11,2,1,2,33,0,2,1,1,14,400,4,4,0,1994,2,4,3,2,6,1,0,1,0,0,0,0,0.04233592962456009
9,5,6,9,1,6,2,4,1,2,32,0,2,1,0,7,400,1,4,0,1994,2,4,3,2,6,1,0,1,0,0,0,0,0.0341000902460513
9,1,0,5,1,4,9,2,1,1,31,0,2,1,1,1,400,3,4,0,1994,2,4,3,2,7,0,0,1,1,0,0,0,0.06932675236270329
2,2,6,6,1,0,2,3,1,1,29,1,1,0,0,13,300,1,4,0,1995,1,4,3,0,4,0,3,1,0,0,1,0,0.25419036346636337
1,2,0,9,1,4,1,4,1,1,30,0,1,0,0,10,400,3,4,0,1996,1,4,3,2,6,1,0,1,0,0,0,1,0.5270215991918188
10,5,0,17,1,0,3,1,1,1,34,0,0,0,4,9,400,2,4,0,1994,0,4,3,0,7,1,0,1,0,0,0,1,0.5460127805183527
11,3,5,18,0,4,10,1,1,1,61,0,0,0,0,5,400,4,7,0,1996,0,4,3,0,6,0,0,1,0,0,1,0,0.3961009947022355
1,4,5,13,1,5,1,4,1,1,64,0,1,0,0,5,400,2,7,0,1995,1,4,3,0,7,0,0,1,0,0,0,0,0.48608624248875787
7,1,2,18,1,6,7,5,1,1,51,0,0,0,5,5,400,1,6,0,1996,0,4,3,2,7,1,0,1,0,0,0,0,0.43651189587483935
4,3,0,13,1,6,4,3,1,1,40,0,0,0,1,9,400,1,5,0,1996,0,4,3,2,7,0,0,1,0,0,0,1,0.5854593882158481
11,2,4,18,1,4,11,3,0,2,28,0,1,0,5,7,400,2,4,0,1994,1,4,3,1,6,3,0,1,0,0,0,0,0.27708714351805314
8,1,0,13,1,0,6,1,1,1,43,0,2,1,0,8,400,1,5,0,1995,2,4,3,3,7,2,0,1,0,0,0,0,0.04374137491138728
0,2,6,9,0,6,0,3,1,1,31,1,0,0,0,3,400,2,4,0,1994,0,4,3,0,6,0,0,1,0,0,0,0,0.12169703248544451
7,2,5,17,1,4,7,3,0,0,43,0,0,0,4,3,400,4,5,0,1994,0,4,3,1,7,0,0,1,0,0,0,1,0.627316144727479
3,4,2,2,1,5,3,5,1,1,53,0,2,1,2,10,400,2,6,0,1994,2,4,3,3,8,0,0,1,0,0,0,0,0.10952722049609848
0,2,6,2,1,6,0,2,1,1,63,0,1,0,5,1,400,2,7,0,1994,1,4,3,2,8,3,4,2,0,0,0,0,0.3954157242232293
6,2,0,2,1,0,6,2,1,1,39,0,2,1,1,6,400,1,5,0,1994,2,4,3,1,7,0,0,1,0,0,0,0,0.06476532154789211
2,3,6,18,1,4,4,2,1,1,36,0,0,0,5,10,400,2,5,0,1994,0,4,3,0,7,3,0,1,0,0,0,0,0.46812358227728695
6,2,4,9,1,0,6,2,1,1,31,0,0,0,0,15,400,1,4,0,1994,0,4,3,1,6,0,0,1,0,0,0,1,0.7303865600048625
7,5,6,17,1,6,0,1,1,1,54,0,2,1,1,5,400,2,6,0,1996,2,4,3,1,8,2,0,1,0,0,0,0,0.04542514794369264
9,4,6,13,1,5,2,2,1,1,34,0,0,0,0,14,400,3,4,0,1995,0,4,3,1,7,0,0,1,0,0,0,1,0.5995896373542959
11,1,3,9,0,1,11,1,1,1,42,0,1,0,0,7,400,1,5,0,1994,1,4,3,0,7,1,0,1,0,0,0,0,0.43343969995388887
7,3,4,2,1,5,7,4,0,1,41,0,2,1,1,12,400,3,5,0,1994,2,4,3,2,7,0,0,1,0,0,0,0,0.11078344630536999
4,2,4,0,1,4,4,3,0,1,44,0,1,0,1,9,400,3,5,0,1994,1,4,3,2,7,3,0,1,0,0,0,1,0.5861006680426918
5,3,4,6,1,4,5,3,1,1,51,0,2,1,0,14,400,2,6,0,1996,2,4,3,3,7,0,0,1,0,0,0,0,0.02368344339830264
9,2,0,0,1,1,9,2,1,2,37,0,1,0,5,11,400,3,5,0,1994,1,4,3,2,7,0,0,1,0,0,0,0,0.47464353632139555
3,2,5,17,1,6,3,2,1,1,28,0,2,1,0,8,400,1,4,0,1994,2,4,3,2,5,0,0,1,0,0,0,0,0.05232596339468648
11,2,1,9,1,5,11,2,1,1,53,0,4,1,5,14,400,1,6,0,1994,1,4,3,2,8,3,0,1,0,0,0,0,0.26009450487735947
3,4,1,17,1,6,3,4,1,1,66,1,0,0,0,7,400,2,8,0,1994,0,4,3,1,8,0,0,1,0,0,0,0,0.07957093854916332
0,4,5,6,1,5,0,4,1,1,63,0,2,1,0,10,400,3,7,0,1994,2,4,3,3,8,3,0,1,0,0,0,0,0.03722369066728608
11,3,3,13,1,5,11,4,1,2,27,0,2,1,1,6,400,4,4,0,1994,2,4,3,2,6,1,0,1,0,0,0,0,0.10769282074840891
1,3,4,9,1,0,1,3,1,1,30,1,1,0,0,16,400,4,4,0,1995,1,4,3,1,5,2,0,1,0,0,0,0,0.08654881065872116
6,1,1,9,1,0,6,4,1,1,47,0,1,0,1,11,400,2,6,0,1995,1,4,3,2,7,3,0,1,0,0,0,1,0.5486204723087014
6,4,4,9,1,0,6,4,1,1,34,0,4,1,5,7,400,3,4,0,1995,1,4,3,0,6,0,0,1,0,0,0,1,0.5791763194281175
5,5,4,9,1,0,5,5,1,1,45,1,1,0,5,16,400,3,5,0,1996,1,4,3,0,7,0,0,1,1,0,0,0,0.07829155988210268
5,3,0,5,1,1,5,3,1,1,43,1,0,0,0,11,400,2,5,0,1994,0,4,3,1,7,0,0,1,0,0,0,0,0.11787567420988733
7,2,0,17,1,1,7,2,1,2,26,0,0,0,5,10,400,2,4,0,1996,0,4,3,0,6,3,0,1,0,0,0,1,0.6041204858377247
9,3,1,6,1,6,9,3,1,1,34,1,2,1,0,12,400,4,4,0,1994,2,4,3,2,7,1,0,1,0,0,0,0,0.01801205195268425
8,1,4,2,1,6,8,2,1,1,28,0,6,2,5,1,400,2,4,0,1996,0,4,3,2,7,2,0,1,0,0,0,0,0.4175160822353204
7,2,1,17,1,2,7,4,1,2,31,1,1,0,1,15,400,4,4,1,1994,1,4,3,2,7,0,0,1,0,0,0,0,0.08252947927381683
7,2,0,6,1,4,0,2,1,1,35,0,1,0,0,15,400,4,4,0,1995,1,4,3,1,6,1,0,1,0,0,0,1,0.5472800177004455
4,2,0,13,1,4,4,3,1,1,37,1,0,0,1,7,400,4,5,0,1996,0,4,3,1,7,3,0,1,0,0,0,0,0.0955617929459971
7,4,4,9,1,1,7,5,1,1,61,1,1,0,0,5,400,1,7,0,1996,1,4,3,2,7,3,0,1,0,0,0,0,0.054937595156696925
9,3,5,2,1,6,4,2,1,1,31,0,6,2,5,2,400,1,4,0,1994,0,4,3,3,7,3,0,1,0,0,1,0,0.25178930517877063
0,2,1,17,1,1,8,1,1,1,65,0,1,0,0,10,400,4,7,0,1994,1,4,3,2,8,0,0,1,0,0,0,0,0.45690740703440014
10,4,1,5,1,5,10,4,0,1,62,0,2,1,1,13,700,3,7,0,1996,2,4,3,2,8,3,0,1,0,0,0,0,0.036733268480601905
5,2,6,13,1,0,5,3,1,2,31,0,0,0,0,7,400,3,4,0,1996,0,4,3,0,5,0,0,1,0,0,0,1,0.6685459774792895
6,4,5,13,1,0,9,1,0,1,46,0,1,0,0,14,400,4,6,0,1996,1,4,3,2,7,0,0,1,0,0,0,0,0.42576837235616344
6,5,5,9,1,5,6,5,0,1,49,0,1,0,0,2,400,3,6,0,1994,1,4,3,0,8,0,0,1,0,0,1,0,0.4280108336949837
4,2,4,6,1,1,4,4,1,1,41,0,0,0,1,16,400,1,5,0,1994,0,4,3,2,7,0,0,1,0,0,0,1,0.687949512434616
1,5,1,6,1,0,11,2,0,3,46,0,1,0,0,13,400,2,6,0,1996,1,4,3,2,5,0,0,1,1,0,0,0,0.3975505138855259
5,3,2,0,1,1,5,3,1,1,28,0,2,1,1,5,400,3,4,0,1994,2,4,3,2,6,2,0,1,0,0,0,0,0.04675139317464011
7,3,4,17,0,5,7,5,1,1,43,0,0,0,5,10,400,4,5,0,1995,0,4,3,1,8,3,0,1,0,0,0,1,0.5376610271955059
1,4,5,6,1,4,11,2,1,1,48,1,2,1,0,8,400,4,6,0,1996,2,4,3,0,6,0,0,1,0,0,0,0,0.009522980521905563
1,1,2,2,1,4,1,3,1,1,58,0,2,1,2,11,400,2,7,0,1995,2,4,3,3,8,0,4,2,0,0,0,0,0.059614459477967424
4,1,6,0,1,1,4,3,1,1,54,0,0,0,5,7,400,4,6,0,1994,0,4,3,3,8,2,0,1,0,0,1,0,0.419703910752037
1,1,5,17,1,5,1,1,0,1,43,1,2,1,0,12,400,1,5,0,1994,2,4,3,0,7,2,0,1,0,0,0,0,0.012130131935459254
9,1,3,13,1,1,9,2,1,1,46,0,2,1,0,16,400,1,6,0,1996,2,4,3,1,8,0,0,1,0,0,0,0,0.0346335755306744
9,2,5,13,1,4,9,3,1,2,28,1,1,0,1,12,400,4,4,0,1994,1,4,3,1,7,3,0,1,0,0,0,0,0.07729298433832926
1,3,4,13,1,1,1,4,1,1,51,0,1,0,5,9,400,4,6,0,1996,1,4,3,0,8,0,0,3,0,0,0,1,0.5262561904608379
10,3,2,17,1,4,3,1,1,1,63,0,0,0,0,15,400,4,7,0,1994,0,4,3,0,7,0,0,1,0,0,0,0,0.4891840082524006
6,2,3,13,1,1,6,2,1,2,24,0,2,1,0,12,400,2,3,0,1994,2,4,3,2,5,3,0,1,0,0,0,0,0.04693759876321305
11,1,1,3,1,1,11,1,1,2,30,0,2,1,1,13,400,2,4,0,1996,2,4,3,1,6,0,0,1,0,0,0,0,0.043538296912730916
8,3,6,6,1,4,8,3,1,2,43,0,2,1,1,14,400,2,5,0,1995,2,4,3,2,8,2,0,3,0,0,0,0,0.02960248498354733
7,3,1,0,1,6,7,3,1,2,28,0,2,1,1,2,400,1,4,0,1995,2,4,3,2,5,2,0,1,0,0,0,0,0.0720178552902006
3,4,6,17,1,5,7,1,0,2,45,0,2,1,1,1,400,2,5,0,1994,2,4,3,3,7,0,0,1,0,0,0,0,0.07105695897196275
4,4,3,1,1,5,4,4,1,1,63,0,1,0,0,12,400,1,7,0,1996,1,4,3,2,8,1,2,2,0,0,0,0,0.4321472087195082
5,2,3,2,1,6,5,2,1,1,39,0,1,0,1,1,400,1,5,0,1996,1,4,3,0,8,1,0,1,0,0,0,1,0.5748743879906502
9,5,6,17,1,0,2,1,1,1,38,1,0,0,0,8,400,1,5,0,1995,0,4,3,1,8,1,0,1,0,0,0,0,0.050328868000829544
0,3,1,17,1,5,0,3,0,2,29,1,0,0,0,4,400,1,4,0,1994,0,4,3,0,5,2,0,1,0,0,0,0,0.10196012325420875
7,2,3,17,1,5,7,5,1,1,38,0,1,0,0,14,400,1,5,0,1994,1,4,3,0,7,3,0,1,1,0,0,0,0.4352331676713043
7,2,1,6,1,6,7,3,1,2,16,0,1,0,5,15,400,3,0,0,1995,1,4,3,2,0,0,0,1,0,0,0,0,0.42264946737133485
2,4,5,13,1,1,4,2,1,1,34,0,1,0,5,1,400,4,4,0,1994,1,4,3,3,7,1,0,1,0,0,0,0,0.41257148785893394
4,3,4,3,1,0,4,4,1,1,49,0,2,1,5,16,400,2,6,0,1994,2,4,3,2,5,2,0,1,0,0,0,0,0.07487459409709615
6,3,1,9,0,6,6,4,1,2,39,0,2,1,1,12,400,1,5,0,1994,2,4,3,0,7,2,4,2,0,0,0,0,0.052664062281924766
5,2,5,6,1,5,5,2,1,1,54,0,2,1,1,12,400,3,6,0,1995,2,4,3,2,7,3,0,1,0,0,0,0,0.04068162373432428
7,2,4,17,1,6,7,4,0,1,34,1,1,0,0,3,400,4,4,0,1995,1,4,3,1,7,1,0,1,0,0,0,0,0.08045892866871016
6,2,5,17,1,4,6,3,1,1,39,1,0,0,0,5,400,1,5,0,1995,0,4,3,0,7,1,0,1,0,0,0,0,0.09570334719668862
6,2,5,13,1,5,6,2,0,1,26,0,2,1,0,12,400,3,4,0,1996,2,4,3,3,7,0,0,1,0,0,0,0,0.04891678454993189
10,4,3,13,1,1,10,4,1,1,35,1,2,1,0,7,400,3,4,0,1994,2,4,3,2,6,0,4,2,0,0,0,0,0.028103439697206314
1,5,5,2,1,6,1,5,1,1,42,0,2,1,1,11,400,2,5,0,1994,2,4,3,2,8,3,0,1,0,0,0,0,0.07426382187443376
4,5,2,6,1,6,3,1,1,2,31,0,2,1,0,11,400,4,4,0,1994,2,4,3,2,6,2,0,1,0,0,0,0,0.03735276159157884
8,2,1,6,1,6,8,2,1,2,42,0,2,1,0,14,400,1,5,0,1994,2,4,3,2,7,0,0,1,0,0,0,0,0.040390699535056834
6,4,1,17,0,1,5,3,1,1,62,0,2,1,0,3,400,2,7,0,1994,2,4,3,2,8,3,0,1,0,0,0,0,0.05771347110951246
0,4,0,9,1,5,8,3,1,2,42,0,2,1,0,14,400,4,5,0,1995,2,4,3,1,7,0,0,1,0,0,0,0,0.038309762958865075
7,1,6,9,1,6,7,1,0,2,38,0,2,1,0,4,400,4,5,0,1995,2,4,3,2,6,1,0,1,0,0,0,0,0.025093789169444772
9,3,6,17,1,0,9,3,0,2,34,0,1,0,0,3,400,4,4,0,1994,1,4,3,0,6,0,0,1,0,0,0,0,0.42626926665695025
3,4,1,13,1,5,7,2,1,1,44,0,1,0,1,2,400,1,5,0,1994,1,4,3,2,7,1,0,1,0,0,0,1,0.5725002068156695
8,3,2,13,1,5,8,3,1,1,61,0,0,0,4,9,400,3,7,0,1994,0,4,3,1,8,2,0,1,0,0,0,1,0.6661909476232541
4,1,1,2,1,6,4,3,1,2,45,0,2,1,0,14,400,1,5,0,1995,2,4,3,3,6,1,0,1,0,0,0,0,0.04825040680544437
11,1,0,2,1,0,11,2,1,1,55,0,0,0,0,9,400,1,6,0,1996,0,4,3,1,8,3,0,1,0,0,0,0,0.41814362244451053
9,2,5,6,1,5,9,3,0,2,27,0,1,0,0,13,400,2,4,0,1996,1,4,3,1,6,0,0,1,0,0,0,1,0.5070158351368439
11,2,5,13,1,0,11,3,0,2,24,0,1,0,0,7,400,2,3,0,1995,1,4,3,2,5,1,0,1,0,0,0,1,0.5382630850464707
11,1,4,9,1,0,11,1,1,1,32,0,1,0,0,15,400,1,4,0,1996,1,4,3,2,7,2,0,1,0,0,0,0,0.4331803259643949
11,1,6,17,1,6,11,1,1,1,65,0,2,1,0,2,400,2,7,0,1995,2,4,3,2,8,2,0,1,0,0,0,0,0.041986491121693434
5,3,2,6,1,4,5,4,1,1,52,0,2,1,0,13,400,2,6,0,1994,2,4,3,3,7,0,0,1,0,0,0,0,0.03039781568464576
4,4,5,17,1,6,4,4,0,2,29,1,2,1,0,12,400,4,4,0,1994,2,4,3,2,5,0,0,1,0,0,0,0,0.048393819661734616
11,4,3,9,1,6,10,4,0,1,55,0,0,0,0,9,400,1,6,0,1994,0,4,3,0,8,3,4,2,0,0,0,0,0.2884843545483451
0,4,2,13,1,1,0,4,1,1,42,0,1,0,1,6,400,2,5,0,1995,1,4,3,2,7,2,0,1,0,0,0,1,0.5824610521391768
10,2,6,6,1,0,10,2,0,1,40,0,2,1,4,7,400,1,5,0,1995,2,4,3,3,7,1,0,1,0,0,0,0,0.017719909644057927
6,2,0,9,1,1,6,3,1,1,36,1,1,0,0,7,400,3,5,0,1996,1,4,3,2,7,3,0,1,0,0,0,0,0.08803532609637772
7,2,5,2,1,5,7,2,1,1,29,0,2,1,0,3,400,4,4,0,1996,2,4,3,2,6,0,0,1,0,0,0,0,0.03400720321530665
3,5,1,17,1,5,7,1,1,1,26,0,2,1,0,13,400,3,4,0,1994,2,4,3,2,7,3,4,2,0,0,0,0,0.07625628770736456
4,1,6,13,0,4,4,1,1,1,61,0,1,0,1,4,400,2,7,0,1994,1,4,3,1,8,3,0,1,0,0,0,0,0.4625969551571306
5,4,4,17,1,0,5,4,0,2,57,1,0,0,0,1,400,3,7,0,1994,0,4,3,0,8,0,0,1,0,0,0,0,0.06624781354146628
2,1,1,17,1,6,2,2,0,2,43,0,1,0,1,16,400,4,5,0,1995,1,4,3,2,7,3,0,1,0,0,0,0,0.42860626056989887
8,3,1,9,1,5,8,3,1,1,34,1,1,0,0,6,400,3,4,0,1996,1,4,3,0,7,0,2,1,0,0,0,0,0.111306795745344
4,4,6,6,1,4,4,4,1,1,34,1,1,0,0,9,400,2,4,0,1994,1,4,3,1,7,1,4,2,0,0,0,0,0.09765486595263292
2,2,4,9,1,1,4,1,1,2,30,0,1,0,0,4,400,2,4,1,1994,1,4,3,0,3,0,0,1,0,0,0,0,0.36770026151539503
3,4,2,17,1,0,7,1,0,1,60,0,1,0,0,12,400,3,7,1,1995,1,4,3,0,8,2,0,1,0,0,0,0,0.35333491538806455
4,5,2,6,1,5,4,5,1,1,32,0,2,1,5,16,400,4,4,0,1994,2,4,3,3,0,0,0,1,0,0,0,0,0.058521382377730954
9,1,0,17,1,6,2,3,1,1,39,0,1,0,0,6,400,2,5,0,1994,1,4,3,0,7,1,0,1,1,0,0,0,0.40295437199453715
3,2,0,6,1,0,6,1,1,1,50,1,4,1,5,14,400,2,6,0,1995,1,4,3,2,8,0,0,1,0,0,0,0,0.08925395124968208
10,2,6,17,1,4,10,2,0,1,49,0,2,1,1,3,400,2,6,0,1994,2,4,3,2,8,0,0,1,0,0,0,0,0.03835807846152722
10,4,4,9,1,4,9,1,1,1,60,0,1,0,0,6,700,1,7,0,1996,1,4,3,0,8,0,0,1,0,0,0,0,0.3556811803553029
1,4,0,17,1,1,1,5,1,1,39,1,1,0,1,14,400,2,5,0,1996,1,4,3,3,7,1,0,1,1,0,0,0,0.07047943197234006
3,4,1,9,0,6,7,1,1,2,30,0,1,0,0,2,400,3,4,0,1995,1,4,3,2,7,0,0,1,0,0,1,1,0.5203260417752091
7,3,3,13,1,1,7,4,0,2,26,0,0,0,4,10,500,3,4,0,1995,0,4,3,2,7,2,3,1,0,0,0,0,0.49937838726930167
6,5,4,9,1,6,5,2,1,1,35,0,1,0,1,14,400,3,4,0,1994,1,4,3,2,6,2,0,1,0,0,0,1,0.5821042136481257
6,3,2,17,1,5,6,4,1,1,54,0,1,0,0,12,400,2,6,0,1995,1,4,3,2,8,2,0,1,0,0,0,1,0.5265433735890427
10,4,2,6,1,0,9,3,1,1,43,0,1,0,1,14,500,4,5,0,1994,1,4,3,2,8,3,3,1,0,0,0,0,0.36893419479702955
6,1,0,2,1,1,6,3,0,1,30,0,2,1,1,12,400,1,4,0,1994,2,4,3,2,6,0,0,1,0,0,0,0,0.054639153883055756
9,3,3,2,0,0,9,4,1,1,28,0,1,0,1,6,400,1,4,0,1995,1,4,3,1,7,0,0,1,0,0,0,1,0.549593970156987
1,1,3,13,1,1,1,2,1,1,54,1,1,0,0,12,400,4,6,0,1995,1,4,3,2,8,0,0,1,0,0,0,0,0.09132310471228731
3,1,5,2,1,0,3,1,0,1,42,0,1,0,1,9,400,2,5,0,1996,1,4,3,0,7,2,0,1,0,0,0,1,0.5181423419690663
2,5,0,6,1,1,4,2,1,2,16,0,6,2,5,14,400,1,0,0,1994,0,4,3,1,0,0,4,2,0,0,1,0,0.3794367304694248
10,4,4,6,1,1,9,2,1,1,33,0,2,1,5,13,400,3,4,0,1994,2,4,3,2,0,0,0,1,0,0,0,0,0.02679816320217455
6,3,3,13,1,1,6,4,1,1,56,1,2,1,0,2,500,2,7,0,1995,2,4,3,0,8,0,3,2,0,0,0,0,0.03037172860565565
7,4,4,16,0,0,0,1,1,1,37,0,1,0,0,7,400,2,5,0,1996,1,4,3,1,7,0,0,1,0,0,0,1,0.6003221195190501
10,4,6,2,1,4,10,4,1,1,57,0,2,1,1,2,400,1,7,0,1995,2,4,3,1,8,0,0,1,0,0,0,0,0.03203364941885566
1,3,6,6,1,4,1,3,1,2,28,0,1,0,0,14,400,4,4,0,1994,1,4,3,2,6,3,0,1,0,0,0,0,0.48439450135311324
3,1,6,5,1,5,3,2,1,1,43,0,0,0,0,15,400,3,5,0,1996,0,4,3,0,7,0,0,1,0,0,0,1,0.5289556002117857
11,3,0,9,1,6,11,4,1,2,34,1,4,1,5,5,400,4,4,0,1995,1,4,3,0,6,0,2,1,0,0,0,0,0.1073172439496269
10,4,0,9,1,5,9,2,1,2,31,1,1,0,0,2,400,4,4,0,1995,1,4,3,0,6,0,4,2,0,0,0,0,0.11158138872946247
11,3,2,9,1,5,11,3,1,2,33,1,2,1,1,10,400,1,4,0,1994,2,4,3,0,6,0,0,1,0,0,0,0,0.03967450795077006
3,3,5,16,1,1,3,4,1,1,57,1,0,0,0,9,400,2,7,0,1995,0,4,3,0,8,0,0,1,0,0,0,0,0.07034293208975108
9,3,1,17,1,6,9,3,1,1,49,0,0,0,0,1,400,3,6,0,1994,0,4,3,1,8,0,0,1,0,0,0,0,0.45561386410458865
5,4,4,9,1,4,1,1,1,1,52,0,0,0,0,7,400,4,6,0,1996,0,4,3,2,8,2,0,1,1,0,1,0,0.39525344320819544
8,2,1,9,1,1,6,1,1,1,30,0,0,0,0,14,500,1,4,0,1996,0,4,3,0,6,0,3,1,0,0,1,1,0.5807212575372288
6,3,2,2,1,5,6,4,1,1,59,0,6,2,5,13,400,3,7,0,1995,0,4,3,3,8,0,0,1,0,0,0,0,0.352117946837538
0,2,3,6,1,1,0,2,1,1,30,1,2,1,0,9,400,4,4,0,1995,2,4,3,3,7,3,0,1,0,0,0,0,0.017546081735918654
10,2,2,6,0,4,10,3,1,1,37,0,1,0,1,7,400,4,5,0,1994,1,4,3,0,7,0,0,1,0,0,0,0,0.4780416707740152
11,3,1,13,0,5,10,1,1,2,29,0,2,1,0,2,400,1,4,0,1994,2,4,3,2,7,2,0,1,0,0,0,0,0.06432032734023568
1,4,1,13,1,1,1,4,1,1,48,0,2,1,1,10,400,4,6,0,1994,2,4,3,2,8,3,0,1,0,0,0,0,0.05375925838075404
8,5,6,13,1,5,6,1,1,1,45,1,1,0,0,9,400,2,5,0,1996,1,4,3,1,8,0,0,1,0,0,0,0,0.06624133197465558
6,3,0,13,1,1,6,3,1,2,31,1,0,0,4,5,400,1,4,0,1994,0,4,3,0,6,2,0,1,0,0,0,0,0.11216387482513042
4,5,1,13,1,1,4,5,1,1,42,0,2,1,1,14,400,2,5,0,1996,2,4,3,3,7,3,0,1,0,0,0,0,0.04278544563196324
8,4,3,9,1,4,8,4,1,1,51,1,0,0,3,15,400,4,6,0,1996,0,4,3,1,6,0,0,1,0,0,0,0,0.10234710833414935
10,2,4,15,1,5,9,2,1,1,28,0,0,0,1,11,400,3,4,0,1996,0,4,3,0,6,0,0,1,0,0,0,1,0.6503370028578941
9,5,6,13,1,4,2,1,0,1,43,0,1,0,0,8,400,3,5,0,1994,1,4,3,0,7,1,0,1,0,0,0,0,0.42968535195648877
11,3,0,2,1,5,11,4,1,1,38,0,2,1,0,12,400,4,5,0,1994,2,4,3,3,7,2,0,1,0,0,0,0,0.03818275503724074
10,1,6,17,1,0,10,2,1,1,44,0,2,1,0,8,400,2,5,0,1994,2,4,3,2,7,0,0,1,0,0,0,0,0.0429663232062228
5,4,3,13,1,5,5,4,1,1,72,1,0,0,4,12,400,3,8,0,1994,0,4,3,0,7,2,0,1,0,0,0,0,0.09306996988045688
1,3,5,9,1,4,1,3,1,1,41,1,2,1,2,15,400,4,5,0,1995,2,4,3,2,7,0,0,1,0,0,0,0,0.00761736916998541
5,3,0,2,1,1,5,3,1,1,41,0,2,1,0,6,400,3,5,0,1994,2,4,3,3,5,0,0,1,0,0,0,0,0.05723065947735078
9,4,4,2,0,4,9,4,1,2,27,0,1,0,0,3,400,3,4,0,1995,1,4,3,0,6,0,0,1,0,0,0,1,0.5488400447869484
6,3,0,13,1,1,6,3,1,1,58,1,0,0,5,12,400,4,7,0,1995,0,4,3,0,8,1,0,1,0,0,0,0,0.06759342332564156
3,4,4,0,1,4,3,4,1,1,47,1,2,1,0,11,400,4,6,0,1995,2,4,3,0,8,1,0,1,0,0,0,0,0.016810484825177458
8,5,2,13,1,1,8,5,1,1,72,0,1,0,0,4,400,4,8,0,1996,1,4,3,2,8,1,0,1,0,0,0,0,0.42493057286396835
7,5,6,9,1,6,7,5,1,1,72,0,1,0,0,3,400,2,8,0,1996,1,4,3,0,8,1,0,1,0,0,0,0,0.40343195608847293
3,1,3,13,1,1,3,1,1,1,34,0,0,0,1,7,400,2,4,0,1994,0,4,3,0,7,3,0,1,0,0,0,1,0.6893266041631747
5,3,0,13,1,6,5,4,1,2,48,0,2,1,0,10,400,3,6,0,1996,2,4,3,0,7,3,0,1,1,0,0,0,0.1146478843260733
9,3,0,13,1,6,9,4,1,2,32,1,1,0,0,7,400,1,4,0,1995,1,4,3,2,7,2,0,1,0,0,0,0,0.07724332554298231
2,5,0,6,1,5,4,1,0,2,21,0,1,0,0,2,400,2,3,0,1994,1,4,3,2,5,0,0,1,0,0,0,0,0.36046025898651135
1,4,2,6,1,0,10,2,1,1,29,0,2,1,1,9,400,2,4,0,1995,2,4,3,2,6,3,0,1,0,0,0,0,0.03858688939798909
5,3,4,6,1,5,5,3,1,2,31,0,2,1,1,10,400,4,4,0,1995,2,4,3,2,6,0,0,1,0,0,0,0,0.058888019479506906
0,1,2,2,1,1,0,1,0,2,21,1,0,0,0,9,400,2,3,0,1996,0,4,3,0,5,0,0,1,0,0,0,0,0.04911515695432566
4,2,0,9,1,5,4,3,0,2,31,0,2,1,1,15,400,3,4,0,1995,2,4,3,1,7,0,0,1,0,0,0,0,0.04810343584695143
5,2,0,6,1,5,5,2,0,1,43,0,1,0,0,6,400,2,5,0,1995,1,4,3,2,7,3,0,1,0,0,0,1,0.5409436884300645
3,3,5,13,1,4,7,1,1,2,49,1,6,2,5,9,400,4,6,0,1996,0,4,3,3,7,2,0,1,0,0,0,0,0.06273243924397208
0,2,2,11,1,1,0,2,1,1,62,0,0,0,0,13,400,3,7,0,1996,0,4,3,0,8,0,0,1,0,0,0,0,0.4645966810610885
4,1,5,9,1,6,4,1,0,1,43,1,1,0,5,5,700,1,5,0,1994,1,4,3,1,7,0,0,1,0,0,0,0,0.10394385133431334
5,2,1,6,1,6,2,5,1,2,16,0,0,0,5,14,400,1,0,0,1995,0,4,3,0,0,0,0,1,0,0,0,1,0.5093879893907147
6,2,6,13,1,4,6,2,1,1,48,0,2,1,0,2,400,4,6,0,1996,2,4,3,2,7,3,0,1,0,0,0,0,0.06154916610849239
6,3,5,13,1,6,6,3,1,2,27,1,0,0,0,10,400,2,4,0,1996,0,4,3,0,6,0,0,1,0,0,0,0,0.07924131391815893
7,3,4,13,1,0,7,3,1,1,33,1,1,0,1,6,400,4,4,0,1994,1,4,3,2,6,2,0,1,0,0,0,0,0.12142224867583
2,3,5,13,1,4,2,4,1,1,72,0,2,1,4,7,400,1,8,0,1995,2,4,3,2,8,3,0,1,0,0,0,0,0.05249727789625318
5,1,5,9,1,1,5,2,1,1,63,1,1,0,1,6,400,2,7,0,1996,1,4,3,2,7,0,0,1,0,0,0,0,0.06592492697129824
11,1,1,2,1,5,11,3,1,1,31,0,6,2,5,8,400,2,4,0,1996,0,4,3,2,6,0,0,1,0,0,0,1,0.570939061669594
11,4,2,2,1,1,10,2,1,2,24,0,2,1,1,16,400,3,3,1,1996,2,4,3,1,5,0,0,1,0,0,0,0,0.05436586432692664
0,1,3,13,1,4,0,1,1,2,35,1,0,0,1,15,400,2,4,0,1996,0,4,3,0,6,0,0,1,0,0,0,0,0.061558631257754196
9,1,1,6,1,5,9,2,1,1,39,1,4,1,5,4,400,1,5,0,1996,1,3,3,0,2,0,0,1,0,0,0,0,0.0861277612985554
2,1,2,6,1,1,2,1,1,2,23,1,1,0,0,14,400,1,3,0,1995,1,4,3,1,5,0,0,1,0,0,0,0,0.06285560776934851
11,5,0,5,1,4,10,1,1,1,37,0,0,0,0,10,400,2,5,0,1996,0,4,3,2,8,0,0,1,0,0,0,1,0.5424667966416873
10,5,2,9,1,1,9,1,1,1,63,0,2,1,0,1,400,1,7,0,1994,2,4,3,2,8,0,0,1,0,0,0,0,0.01706540369652149
9,3,2,6,1,1,9,4,1,1,36,1,2,1,1,11,400,2,5,0,1994,2,4,3,3,7,0,0,1,0,0,0,0,0.023005413557728126
7,2,6,6,1,4,7,2,1,2,16,0,2,1,5,13,400,4,0,0,1994,2,4,3,2,0,0,0,1,0,0,0,0,0.03217198337449545
10,3,1,17,1,5,10,3,1,1,64,0,2,1,5,12,400,1,7,0,1994,2,4,3,1,6,0,0,1,0,0,0,0,0.08013303140254718
10,4,6,9,1,6,10,4,1,1,64,0,1,0,0,12,400,3,7,0,1994,1,4,3,0,8,3,0,1,0,0,0,0,0.3299154127942447
5,3,2,17,1,1,5,3,0,2,27,0,0,0,4,13,400,4,4,0,1994,0,4,3,1,6,3,0,1,0,0,1,1,0.6097685204257293
11,4,0,9,0,0,11,4,0,2,36,0,2,1,0,8,500,2,5,0,1996,2,4,3,1,7,3,3,2,0,0,0,0,0.034311885289864265
4,2,6,2,1,5,4,3,0,2,41,0,2,1,5,11,400,1,5,0,1994,2,4,3,3,7,3,0,1,0,0,0,0,0.05559839109324766
7,4,5,17,1,5,7,4,1,2,29,1,1,0,0,7,400,4,4,0,1996,1,4,3,0,6,1,0,1,0,0,0,0,0.06657617648425657
10,2,1,2,1,1,10,2,1,1,36,0,0,0,0,1,400,1,5,0,1995,0,4,3,0,8,0,0,1,0,0,0,1,0.6127854205196008
7,5,1,17,1,0,0,1,0,2,29,0,0,0,0,10,400,2,4,0,1995,0,4,3,2,7,0,0,1,0,0,0,1,0.6455080255917587
6,4,5,9,1,5,6,4,0,1,54,0,2,1,0,6,400,4,6,0,1994,2,4,3,0,8,3,0,1,0,0,0,0,0.03557257096233003
7,4,5,3,1,0,0,1,1,2,32,1,0,0,1,9,400,3,4,0,1996,0,4,3,1,7,0,0,1,0,0,0,0,0.0651763574103247
11,3,1,2,1,4,11,4,1,2,43,0,6,2,5,13,400,3,5,0,1994,0,4,3,2,6,1,0,1,0,0,0,0,0.4133470013070131
0,1,5,6,1,0,0,2,1,2,29,0,1,0,0,16,400,4,4,0,1994,1,4,3,1,6,1,0,1,0,0,0,0,0.4998301406057748
0,3,4,5,1,5,0,4,1,1,26,0,6,2,5,5,400,4,4,0,1994,0,4,3,0,7,1,0,1,0,0,0,1,0.5837541925466615
3,2,1,6,1,1,3,3,1,2,16,0,0,0,5,5,400,3,0,0,1994,0,4,3,1,0,0,0,1,0,0,0,1,0.7577604108900686
5,1,3,9,1,1,5,1,1,2,32,0,2,1,0,11,400,4,4,0,1995,2,4,3,2,5,1,0,1,0,0,0,0,0.03375385066634374
9,2,3,13,1,6,2,2,1,2,32,0,1,0,0,15,400,1,4,0,1996,1,4,3,0,7,0,0,1,0,0,0,0,0.49881861363389157
4,4,3,5,1,5,4,5,1,1,28,0,1,0,0,2,400,2,4,0,1996,1,4,3,0,7,0,0,1,1,0,0,0,0.470253811226282
3,4,0,13,1,0,3,4,1,2,31,0,2,1,1,12,400,3,4,0,1994,2,4,3,2,7,3,0,1,0,0,0,0,0.030775403640324342
7,1,5,13,1,1,7,4,1,1,30,0,1,0,1,9,400,1,4,0,1995,1,4,3,2,5,0,0,1,0,0,0,1,0.6105242077811801
2,1,0,2,1,0,2,1,1,2,34,1,1,0,5,2,400,3,4,0,1996,1,4,3,3,5,1,0,1,0,0,0,0,0.06333601684674163
11,4,0,9,1,0,10,3,1,1,33,1,2,1,1,3,400,2,4,0,1995,2,4,3,2,7,2,0,1,0,0,0,0,0.009520255326951443
1,1,4,13,1,5,11,2,0,1,36,0,1,0,1,5,400,1,5,0,1994,1,4,3,1,8,3,0,1,0,0,0,0,0.43571323464442474
11,2,2,0,1,1,11,2,1,1,42,0,1,0,0,15,500,2,5,0,1994,1,4,3,1,7,3,3,1,0,0,0,0,0.31578864018561265
4,5,2,2,1,6,3,2,1,1,79,1,0,0,1,1,400,3,8,0,1995,0,4,3,0,8,3,0,1,0,0,0,0,0.03966448055664586
1,3,5,17,1,5,11,1,1,1,52,0,1,0,1,7,500,2,6,0,1995,1,4,3,0,8,0,3,1,0,0,0,0,0.32409491673921
8,1,5,13,1,0,8,1,1,1,78,0,0,0,0,1,700,3,8,0,1995,0,4,2,0,8,0,0,1,0,0,0,0,0.402891948860918
9,2,5,17,1,5,9,2,1,1,32,0,1,0,0,13,400,1,4,0,1994,1,4,3,2,6,1,0,1,0,0,0,0,0.4078907341051903
11,3,6,13,0,1,11,4,1,1,55,0,1,0,1,12,400,2,6,0,1996,1,4,3,2,8,3,0,1,0,0,0,0,0.432908118765736
8,3,4,2,1,0,6,4,1,1,26,0,1,0,0,12,400,2,4,0,1994,1,4,3,2,6,1,0,1,0,0,0,1,0.6387679610768213
7,2,3,17,1,4,0,2,1,1,55,0,0,0,0,12,400,3,6,0,1995,0,4,3,0,7,3,0,1,0,0,0,1,0.5604839871712551
0,4,2,13,1,5,8,1,1,1,64,0,1,0,0,15,400,3,7,0,1994,1,4,3,1,8,0,0,3,0,0,0,0,0.46200838023257035
7,4,5,15,1,5,0,2,1,1,28,0,1,0,1,4,400,2,4,0,1996,1,4,3,0,7,1,0,1,0,0,0,1,0.5431078942109985
0,2,5,6,1,4,0,3,1,1,33,0,2,1,0,13,400,1,4,0,1995,2,4,3,3,5,0,0,1,0,0,0,0,0.020078052924856583
3,2,1,9,1,1,3,2,1,1,55,0,2,1,1,10,400,4,6,0,1996,2,4,3,2,7,3,0,1,0,0,0,0,0.03882301540499233
10,3,0,13,1,5,9,4,1,1,29,0,0,0,1,5,400,3,4,0,1996,0,4,3,2,7,3,0,1,0,0,0,1,0.5510289021346773
10,5,2,17,1,6,9,1,1,1,55,0,0,0,0,1,400,2,6,0,1996,0,4,3,0,8,2,0,1,0,0,0,0,0.45648229787053707
1,5,6,9,1,0,11,1,1,2,32,0,2,1,1,13,400,1,4,0,1996,2,4,3,1,6,0,0,1,0,0,0,0,0.02733176973010541
1,4,6,9,1,6,1,5,1,1,59,0,2,1,0,11,400,4,7,0,1994,2,4,3,2,7,0,0,1,0,0,0,0,0.03524912387866107
11,3,1,9,1,5,11,3,1,2,32,0,2,1,0,2,400,2,4,0,1995,2,4,3,0,7,0,0,1,0,0,0,0,0.12644711117042884
1,2,2,6,1,6,1,3,0,0,46,0,4,1,5,7,400,2,6,0,1996,1,4,3,1,6,2,0,1,0,0,0,0,0.4479189688013179
1,3,3,6,1,6,1,3,0,2,35,0,2,1,1,3,400,2,4,0,1994,2,4,3,0,6,1,0,3,0,0,0,0,0.05555606061529059
6,3,2,17,1,1,6,3,1,1,59,1,2,1,0,16,400,1,7,0,1995,2,4,3,3,8,0,0,1,0,0,0,0,0.026849994214642407
2,4,5,13,1,6,4,4,1,1,32,0,0,0,0,9,400,2,4,0,1994,0,4,3,2,7,1,0,1,0,0,0,1,0.7290587429378829
2,2,5,13,1,6,2,2,1,2,30,1,0,0,0,3,400,4,4,0,1996,0,4,3,0,6,1,0,1,0,0,0,0,0.0823094186967594
3,2,4,5,1,0,3,3,1,1,43,0,6,2,5,13,400,3,5,0,1994,0,4,3,0,7,3,0,1,0,0,0,0,0.4465011811315404
3,1,4,2,1,2,0,1,1,1,36,1,0,0,0,6,400,1,5,0,1994,0,4,3,2,7,1,0,1,0,0,0,0,0.13015123970998987
2,1,1,6,1,1,2,1,1,1,41,0,1,0,0,11,400,1,5,0,1996,1,4,3,2,7,0,0,1,0,0,0,1,0.5456820807139904
5,1,2,18,1,1,5,1,1,1,42,0,2,1,2,1,400,1,5,0,1995,2,4,3,1,7,0,0,1,0,0,0,0,0.08153628051833009
0,3,0,5,1,4,0,4,0,1,44,0,2,1,2,7,400,2,5,1,1996,2,4,3,2,8,3,0,1,0,0,0,0,0.13713263606468393
1,3,2,9,1,1,1,4,1,1,79,0,2,1,0,12,400,3,8,0,1996,2,4,3,2,7,0,0,1,0,0,0,0,0.03626716509099156
11,1,1,17,1,6,11,2,1,1,57,0,2,1,1,14,400,2,7,0,1994,2,4,3,1,8,0,0,1,0,0,0,0,0.09476102750089536
11,3,0,9,1,0,11,3,1,1,31,0,2,1,1,14,400,3,4,0,1994,2,4,3,2,6,0,0,1,0,0,0,0,0.024094559155802574
2,2,6,9,1,5,2,3,0,1,47,1,1,0,5,15,400,1,6,0,1994,1,4,3,1,7,1,0,1,0,0,0,0,0.06601084482905333
10,1,4,13,1,1,10,2,1,2,31,0,1,0,0,2,400,1,4,0,1995,1,4,3,2,6,3,0,1,0,0,0,1,0.5345066529485906
1,1,0,13,1,4,1,2,1,1,37,1,2,1,0,6,400,3,5,0,1995,2,4,3,2,7,0,0,1,0,1,0,0,0.027920325586722118
5,1,6,13,1,0,5,2,1,1,33,0,1,0,0,2,400,1,4,0,1995,1,4,3,2,6,0,0,1,0,0,0,1,0.5748687993186969
3,4,0,13,1,0,3,4,1,1,34,0,1,0,0,2,400,4,4,0,1996,1,4,3,1,7,1,0,1,0,0,0,1,0.5483403184207386
10,3,2,6,1,5,10,3,0,2,31,0,1,0,0,3,400,3,4,0,1996,1,4,3,2,5,3,0,1,0,0,0,1,0.552946441034295
7,1,4,9,1,4,7,1,1,1,41,1,0,0,0,7,400,1,5,0,1994,0,4,3,0,7,0,0,1,0,0,0,0,0.09685191563483554
10,4,2,6,1,6,10,4,1,2,32,0,0,0,0,7,400,3,4,0,1995,0,4,3,2,7,3,0,1,0,0,0,1,0.601486793598338
5,2,2,13,1,5,5,2,0,2,31,0,2,1,0,11,400,2,4,0,1995,2,4,3,0,5,1,0,1,0,0,0,0,0.07106688442013552
1,2,4,17,1,4,1,2,1,1,56,0,1,0,1,13,400,3,7,0,1995,1,4,3,1,8,1,0,1,0,0,0,1,0.5217919452983096
4,3,1,6,1,1,4,3,1,1,33,1,1,0,0,11,400,3,4,0,1995,1,4,3,2,7,2,0,1,0,0,0,0,0.10547225960894525
2,4,2,17,1,4,3,2,1,1,46,0,0,0,5,8,400,4,6,0,1995,0,4,3,0,8,3,0,1,0,0,1,1,0.5119139139184427
3,2,6,9,1,6,3,2,0,1,49,0,1,0,0,4,400,4,6,0,1994,1,4,3,0,8,3,0,1,0,0,0,0,0.4033397165169553
8,1,3,6,1,5,8,3,1,2,16,0,0,0,5,1,400,4,0,0,1994,0,4,3,0,0,0,0,1,0,0,1,1,0.7841620823378439
10,2,5,13,1,1,10,3,1,1,46,0,2,1,0,5,400,1,6,0,1996,2,4,3,2,7,2,0,1,0,0,0,0,0.02281728240865648
8,5,5,9,1,0,6,1,1,2,33,1,2,1,1,7,400,4,4,0,1996,2,4,3,0,6,3,0,1,0,0,0,0,0.019620605650744766
4,4,4,17,1,0,9,1,1,1,41,0,0,0,5,7,400,3,5,0,1996,0,4,3,2,8,2,0,1,0,0,0,1,0.5226989790205709
0,4,0,9,1,5,0,4,1,1,30,0,2,1,1,13,400,1,4,0,1994,2,4,3,2,6,0,0,1,0,0,0,0,0.06968143632063611
10,1,2,9,0,6,10,1,1,1,50,1,1,0,1,14,400,1,6,0,1995,1,4,3,1,8,1,0,1,0,0,0,0,0.07434926786371478
2,1,2,13,1,1,2,1,1,1,61,0,1,0,0,7,400,4,7,0,1996,1,4,3,1,8,1,0,1,0,0,0,0,0.4640728019347899
9,5,4,9,0,0,2,1,0,2,27,0,1,0,0,4,400,1,4,0,1995,1,4,3,3,6,1,0,1,0,0,0,1,0.5349977229417723
3,2,6,9,1,0,3,2,1,2,28,0,0,0,2,4,400,2,4,0,1994,0,4,3,2,7,1,0,1,1,0,0,1,0.5879049710936713
0,2,1,6,1,6,0,2,0,1,45,0,2,1,0,5,400,4,5,0,1995,2,4,3,2,7,3,0,1,0,0,0,0,0.04115718766387756
1,2,0,17,1,0,1,2,1,2,26,0,1,0,0,1,400,1,4,0,1994,1,4,3,2,6,1,0,1,0,0,0,1,0.5311945532569914
2,2,4,13,1,5,2,2,1,2,41,0,2,1,0,1,400,4,5,0,1994,2,4,3,1,8,3,0,1,0,0,0,0,0.029178374315409376
3,2,1,9,1,1,3,2,1,1,42,0,2,1,1,5,400,4,5,0,1995,2,4,3,2,8,3,0,1,0,0,0,0,0.04614492465383209
7,3,3,9,1,1,7,4,1,1,38,0,1,0,0,15,400,2,5,0,1994,1,4,3,2,7,3,0,1,0,0,0,1,0.5862370582318861
0,3,2,9,1,1,0,3,1,1,37,1,1,0,0,13,400,1,5,0,1994,1,4,3,3,7,0,0,1,0,0,0,0,0.10447329618240966
7,5,6,17,1,5,0,2,0,2,33,0,0,0,0,3,400,1,4,0,1996,0,4,3,1,7,0,0,1,0,0,0,1,0.5704968721527454
7,1,0,6,1,1,7,1,1,1,57,0,2,1,0,8,400,4,7,0,1995,2,4,3,1,8,3,0,1,0,0,0,0,0.06133443933508124
5,3,5,2,1,5,1,5,1,2,27,0,2,1,2,8,500,2,4,0,1996,2,4,3,3,7,3,3,1,0,0,0,0,0.053943763879686184
1,5,5,9,1,1,11,1,0,1,53,0,2,1,1,13,400,2,6,0,1995,2,4,3,2,7,0,0,1,0,0,0,0,0.028428831209481534
3,4,2,2,0,6,7,1,1,2,39,0,2,1,1,11,400,3,5,0,1995,2,4,3,0,6,3,0,1,0,0,0,0,0.08063110032241572
8,2,3,9,1,5,8,2,1,1,35,1,2,1,0,2,400,3,4,0,1995,2,4,3,2,7,3,0,1,0,0,0,0,0.019180078330317353
9,3,4,0,1,0,9,3,1,1,55,0,1,0,1,2,400,2,6,0,1994,1,4,3,2,8,0,0,1,0,0,0,0,0.4982620894949492
0,2,4,13,0,5,0,2,1,1,35,0,1,0,0,5,400,4,4,0,1994,1,4,3,1,7,0,0,1,0,0,0,1,0.5814773477683953
3,2,6,9,1,6,3,2,1,1,76,0,2,1,0,6,400,4,8,0,1996,2,4,3,1,8,1,0,1,0,0,0,0,0.04954473364324301
6,4,3,13,1,1,6,4,1,2,33,1,0,0,0,11,400,2,4,0,1996,0,4,3,0,7,1,0,1,0,0,0,0,0.08729195359776844
7,5,5,17,1,5,0,1,1,1,58,0,0,0,4,2,400,2,7,0,1994,0,4,3,0,8,3,0,1,0,0,1,1,0.5775944205789834
6,2,6,13,1,2,6,2,1,1,50,0,0,0,0,1,700,1,6,0,1995,0,4,3,1,8,1,0,1,1,1,0,0,0.3485878380875655
0,2,1,17,1,6,0,3,1,1,26,0,1,0,1,13,400,4,4,0,1994,1,4,3,2,6,0,0,1,0,0,0,0,0.49826748284835626
5,1,1,13,1,1,5,1,1,2,24,1,0,0,0,9,400,4,3,0,1995,0,4,3,0,5,2,0,1,0,0,0,0,0.07784623176773109
8,1,1,6,0,6,8,4,1,2,16,0,2,1,5,15,400,4,0,0,1994,2,4,3,0,0,0,0,1,0,0,0,0,0.04720694637001035
11,4,1,2,1,1,10,1,1,1,35,0,0,0,0,8,400,4,4,0,1995,0,4,3,1,6,0,0,1,0,0,0,1,0.6728637280369534
6,3,2,17,1,6,6,4,1,1,28,0,1,0,4,2,500,1,4,0,1995,1,4,3,2,6,2,3,1,0,0,0,1,0.524588990240176
9,4,0,18,1,4,2,1,1,1,37,0,1,0,1,11,400,4,5,0,1994,1,4,3,0,7,0,0,1,0,0,0,0,0.35806870841682353
6,5,6,2,1,2,5,1,1,2,21,0,2,1,0,14,400,2,3,0,1995,2,4,3,2,5,2,0,1,0,0,0,0,0.02850339664884316
4,4,1,17,1,6,4,4,1,1,65,0,0,0,0,14,400,4,7,0,1995,0,4,3,3,8,3,0,1,0,0,1,0,0.4688961538304692
3,1,4,2,1,4,3,4,1,1,26,0,1,0,1,9,400,4,4,0,1995,1,4,3,1,6,0,0,1,0,0,1,1,0.6041982989777533
0,1,1,13,1,5,0,1,1,1,72,0,1,0,1,9,400,2,8,0,1994,1,4,3,1,8,0,0,1,0,0,0,0,0.4505162704242106
5,3,5,9,1,5,5,3,1,1,36,0,2,1,0,1,400,2,5,0,1995,2,4,3,2,7,1,0,1,0,0,0,0,0.034985352045574285
6,4,3,13,0,1,5,2,1,1,44,0,2,1,0,5,400,3,5,0,1996,2,4,3,0,7,0,0,1,0,0,0,0,0.04916186673021976
5,4,5,9,1,1,1,1,1,1,43,1,4,1,5,15,400,2,5,0,1995,1,4,3,0,7,2,0,1,0,0,0,0,0.09435249479174114
7,1,0,17,1,0,7,1,0,1,45,0,2,1,1,5,400,3,5,0,1994,2,4,3,1,7,3,0,1,0,0,0,0,0.11257453753596286
9,4,2,6,1,4,3,1,1,2,17,0,4,1,5,10,400,3,1,0,1994,1,4,3,2,2,0,0,1,0,0,0,0,0.40900066963056575
11,1,1,13,0,6,11,2,1,2,27,0,1,0,0,4,400,3,4,0,1995,1,4,3,1,6,0,0,1,0,0,0,1,0.6046848141272405
7,1,3,6,1,1,7,1,1,2,30,0,2,1,0,15,400,3,4,1,1995,2,4,3,1,7,3,0,1,0,0,0,0,0.020930373051788517
7,3,6,17,1,0,7,3,1,1,78,0,2,1,0,16,400,4,8,0,1995,2,4,3,0,8,0,0,1,0,0,0,0,0.02649721151893412
6,3,0,13,1,5,6,3,1,1,43,0,1,0,1,12,400,2,5,0,1995,1,4,3,1,7,0,0,1,0,0,0,1,0.6028345799954824
2,4,6,13,1,6,2,5,1,1,32,1,2,1,1,9,400,1,4,0,1996,2,4,3,3,7,2,0,1,0,0,0,0,0.029084377382797857
2,4,5,6,1,6,4,1,1,1,28,1,4,1,5,9,400,3,4,0,1994,1,4,3,0,5,1,0,1,0,0,0,0,0.07532622882740803
6,3,4,2,0,4,6,3,1,1,41,1,1,0,5,10,500,4,5,0,1994,1,4,3,0,7,1,3,1,0,0,1,1,0.5654846644886643
6,1,6,9,1,4,6,1,1,1,70,0,1,0,5,15,400,2,8,0,1996,1,4,3,2,8,3,0,1,0,0,0,0,0.384233996164914
8,5,1,13,1,4,6,1,1,1,59,0,1,0,1,2,400,3,7,0,1994,1,4,3,0,8,0,0,1,0,0,0,0,0.4829297654400984
3,4,0,2,1,0,3,4,1,1,55,0,1,0,1,4,400,3,6,0,1994,1,4,3,2,7,1,0,1,0,0,0,1,0.6392529276495051
7,1,3,9,1,6,7,2,1,1,35,1,4,1,5,4,400,1,4,0,1995,1,4,3,1,7,3,0,1,0,0,0,0,0.06956118166361541
8,1,1,13,1,4,8,1,0,1,62,0,1,0,0,2,400,4,7,0,1994,1,4,3,3,8,0,4,2,0,0,0,0,0.2808847226761426
9,3,4,17,1,4,9,3,1,2,32,0,1,0,0,3,400,1,4,0,1994,1,4,3,0,5,0,0,1,0,0,0,0,0.45686495301710983
0,4,1,17,1,6,0,4,1,1,63,0,2,1,0,10,400,2,7,0,1995,2,4,3,2,8,2,0,1,0,0,0,0,0.07288731928733315
6,5,5,9,1,6,6,5,1,1,52,0,2,1,0,1,400,2,6,0,1994,2,4,3,3,8,2,2,2,0,0,0,0,0.02849445613597947
2,4,5,13,1,5,2,4,1,1,36,0,2,1,1,10,400,2,5,0,1995,2,4,3,3,7,3,0,1,1,0,0,0,0.08968283464740083
8,3,1,2,1,5,8,4,1,2,30,0,0,0,0,14,400,3,4,0,1994,0,4,3,0,6,0,0,1,0,0,1,1,0.724596377592874
9,3,0,6,1,0,2,2,1,2,31,1,1,0,1,2,400,1,4,0,1995,1,4,3,2,5,3,0,1,0,0,0,0,0.1074989703941519
10,1,6,2,1,0,10,2,1,2,34,0,2,1,0,13,400,2,4,0,1995,2,4,3,3,6,0,0,1,0,0,0,0,0.013056341461059445
10,3,5,2,1,1,10,4,1,1,41,0,6,2,5,6,400,3,5,0,1996,0,4,3,2,8,3,4,2,0,0,0,0,0.3493369292630281
9,4,5,14,1,4,9,4,1,1,50,0,2,1,5,8,400,1,6,0,1994,2,4,3,1,8,0,0,1,0,0,0,0,0.07367935417077165
11,3,6,9,1,4,11,3,1,1,53,0,2,1,1,4,400,1,6,0,1995,2,4,3,2,8,3,0,1,0,0,0,0,0.01982870754881846
1,1,5,13,1,5,1,1,0,1,59,0,2,1,1,2,700,2,7,0,1995,2,4,3,3,8,0,0,3,0,0,0,0,0.027208390640506175
6,2,0,9,1,0,6,2,1,1,73,1,4,1,5,14,400,1,8,0,1996,1,4,3,0,8,3,0,1,0,0,0,0,0.06740795204851488
10,1,5,9,1,5,10,1,0,2,37,1,1,0,0,6,400,2,5,0,1995,1,4,3,3,7,1,0,1,0,0,0,0,0.052726448588991365
10,1,3,6,1,1,10,1,1,1,48,0,2,1,0,14,400,3,6,0,1994,2,4,3,2,7,3,0,1,0,0,0,0,0.019726613551290382
3,2,2,13,1,5,3,3,1,1,45,0,2,1,0,7,400,4,5,0,1995,2,4,3,0,7,1,0,1,0,0,0,0,0.06250078372929148
0,3,6,13,1,6,0,4,1,1,50,0,1,0,1,13,400,3,6,0,1994,1,4,3,2,8,1,0,1,0,0,0,1,0.5341134287126323
3,3,6,2,1,5,3,5,1,1,49,1,0,0,1,5,700,4,6,0,1995,0,4,3,2,8,0,0,1,0,0,0,0,0.08477035908894112
5,1,3,9,1,4,1,3,1,1,42,0,2,1,1,4,400,4,5,0,1996,2,4,3,1,7,0,0,1,0,0,0,0,0.041424322878487276
3,1,4,2,0,1,0,2,1,2,32,0,0,0,0,2,400,2,4,0,1995,0,4,3,0,6,0,0,1,0,0,0,1,0.6722598986907586
9,4,3,0,1,5,9,5,1,1,37,1,0,0,1,7,400,1,5,0,1995,0,4,3,2,7,3,0,1,0,0,0,0,0.07408898619069869
5,1,5,17,1,1,5,2,1,1,44,0,0,0,5,5,400,1,5,0,1994,0,4,3,3,7,1,0,1,0,0,0,1,0.5559700553986567
10,5,2,17,1,6,3,4,1,2,28,0,0,0,0,6,400,2,4,0,1996,0,4,3,3,6,3,0,1,0,0,0,1,0.517959679750687
9,2,0,17,1,5,9,4,1,2,27,1,2,1,0,13,400,4,4,0,1995,2,4,3,2,6,0,0,1,0,0,0,0,0.014862483993514707
5,2,6,13,1,1,5,4,1,1,36,1,1,0,0,8,400,3,5,0,1995,1,4,3,0,7,0,0,1,0,1,0,0,0.08421902031655576
8,4,0,13,0,0,8,4,0,1,31,0,0,0,0,5,400,1,4,0,1996,0,4,3,2,6,0,0,1,0,0,0,1,0.609713794102505
3,1,5,9,1,4,3,2,1,1,51,0,1,0,1,6,400,4,6,0,1995,1,4,3,0,7,1,0,1,0,0,0,1,0.5573286159457838
6,1,5,9,1,1,6,2,1,1,35,1,0,0,0,9,400,1,4,0,1996,0,4,3,2,7,3,4,2,0,0,0,0,0.08111216422796867
11,5,0,17,1,1,10,1,1,1,64,1,2,1,0,12,400,1,7,0,1996,2,4,3,1,7,3,0,1,0,0,0,0,0.013166078318296777
11,1,2,9,1,1,11,1,1,2,31,0,1,0,0,12,400,3,4,0,1994,1,4,3,0,5,0,0,1,1,0,1,0,0.43797270229940644
4,2,2,9,1,4,4,2,1,1,66,1,2,1,1,15,400,3,8,0,1994,2,4,3,0,7,3,0,1,0,0,0,0,0.014293204804354443
7,3,1,6,0,0,7,4,1,1,51,0,0,0,1,2,400,1,6,0,1995,0,4,3,0,3,0,0,1,0,0,1,1,0.6046430836108686
10,4,5,6,1,6,10,4,1,2,29,1,4,1,5,12,400,2,4,0,1996,1,4,3,0,3,3,0,1,0,0,0,0,0.050454197213778904
2,3,2,13,1,1,2,3,0,1,38,1,1,0,0,14,400,1,5,0,1996,1,4,3,0,7,0,0,1,0,0,0,0,0.09385362894664612
8,1,1,18,1,0,8,2,1,1,33,0,2,1,5,14,400,4,4,0,1995,2,4,3,3,6,0,0,1,0,0,0,0,0.033507559042570086
9,5,6,13,1,6,9,5,1,1,45,0,1,0,0,15,400,2,5,0,1995,1,4,3,1,4,2,0,1,0,0,1,0,0.41018698045308194
11,5,0,9,0,5,9,3,1,1,39,0,1,0,1,13,400,1,5,0,1994,1,4,3,2,7,2,0,1,0,0,0,0,0.3939043945957503
8,5,1,13,1,4,6,1,1,2,30,1,0,0,0,11,700,3,4,0,1994,0,4,3,0,7,3,0,1,0,0,0,0,0.19552839325077503
5,4,6,9,1,1,1,1,0,2,39,0,2,1,0,4,400,3,5,0,1996,2,4,3,0,6,2,0,1,0,0,0,0,0.008194046549353563
6,4,5,6,1,6,6,5,1,1,37,0,2,1,0,13,400,4,5,0,1996,2,4,3,0,7,3,0,1,0,0,0,0,0.04524274024394295
2,3,2,17,1,5,2,3,1,1,58,0,2,1,0,6,700,1,7,0,1994,2,4,3,1,8,3,0,1,0,0,0,0,0.06064810803444783
11,1,5,5,1,5,11,1,1,1,67,0,1,0,1,9,400,4,8,0,1994,1,4,3,0,8,3,4,2,0,0,0,0,0.22444419570122995
7,4,1,17,1,0,0,2,1,1,57,0,1,0,0,16,400,1,7,0,1994,1,4,3,0,8,0,0,1,0,0,1,1,0.5211008426998744
2,4,1,6,1,5,2,4,1,1,30,0,2,1,1,11,400,1,4,0,1994,2,4,3,3,5,2,0,1,0,0,0,0,0.03978240896063285
10,2,4,13,1,4,9,1,0,1,27,0,1,0,1,1,400,2,4,0,1995,1,4,3,2,5,0,0,1,0,0,0,1,0.5060834980455633
3,3,0,2,0,6,3,4,1,1,41,0,2,1,0,8,400,1,5,0,1994,2,4,3,3,7,2,0,1,0,0,0,0,0.07480490859438753
4,2,6,13,1,1,4,3,1,1,35,0,2,1,2,3,400,2,4,0,1994,2,4,3,2,7,0,0,1,0,0,0,0,0.035519701561919595
3,2,4,2,0,1,3,3,1,2,35,1,0,0,5,14,400,2,4,0,1994,0,4,3,2,3,1,0,1,0,0,0,0,0.11897960442994006
4,5,1,6,1,5,3,2,0,2,27,1,4,1,5,3,400,1,4,0,1994,1,4,3,0,5,0,0,1,0,0,0,0,0.09452643761150553
1,2,3,2,1,1,1,2,1,1,47,0,1,0,1,12,400,3,6,0,1994,1,4,3,0,6,3,0,1,0,0,0,1,0.5417807038537512
8,3,3,13,1,5,8,3,1,1,72,0,1,0,0,9,400,3,8,0,1994,1,4,3,0,8,1,0,1,0,0,0,1,0.501362624462112
6,1,2,13,1,0,6,2,1,1,61,1,0,0,4,3,400,3,7,0,1994,0,4,3,0,8,1,0,1,0,0,0,0,0.08247680937661402
8,5,2,13,1,1,6,2,1,2,39,0,2,1,1,2,400,2,5,0,1995,2,4,3,0,7,3,0,1,0,0,0,0,0.045154015147758034
5,5,0,13,1,1,1,1,0,2,44,0,1,0,0,15,400,1,5,0,1994,1,4,3,2,6,3,0,1,0,0,0,0,0.4361577529518936
11,3,5,6,1,6,11,3,1,1,33,0,2,1,1,2,400,1,4,0,1994,2,4,3,1,6,3,0,1,0,0,0,0,0.054158256530770464
9,3,3,17,1,1,9,4,0,1,24,1,1,0,0,13,400,2,3,0,1995,1,4,3,0,5,0,0,1,0,0,0,0,0.06623656642254407
10,1,0,9,1,1,9,2,1,1,34,0,0,0,0,15,400,1,4,0,1995,0,4,3,2,7,3,0,1,0,0,0,1,0.5592016966747169
1,1,5,9,1,6,1,1,0,1,36,0,1,0,0,6,400,1,5,0,1996,1,4,3,2,7,3,0,1,0,0,0,0,0.4643206496903336
8,1,6,17,1,0,8,1,1,1,34,0,0,0,4,4,400,3,4,0,1994,0,4,3,0,7,3,0,1,0,0,0,1,0.6696035626181353
8,4,1,2,1,6,8,4,1,1,43,1,0,0,1,8,400,2,5,0,1996,0,4,3,1,7,0,0,1,0,0,0,0,0.09028875531340558
5,5,1,2,1,5,1,1,0,1,30,0,2,1,0,15,400,2,4,0,1995,2,4,3,0,5,0,0,1,0,0,0,0,0.042535872275101826
8,3,5,17,1,6,8,3,1,1,65,1,0,0,0,1,700,4,7,0,1994,0,4,3,2,7,1,0,1,0,0,0,0,0.09713702485543511
10,4,6,13,1,5,9,2,1,1,63,0,1,0,0,3,400,1,7,0,1994,1,4,3,2,6,1,0,1,0,0,0,0,0.4119385605021818
9,2,1,5,1,6,7,1,1,1,64,0,0,0,2,16,400,4,7,0,1995,0,4,3,2,6,3,0,1,0,0,1,0,0.4948773297389738
9,4,4,6,0,0,7,2,1,2,16,0,0,0,5,3,400,4,0,0,1994,0,4,3,0,0,0,0,1,0,0,0,0,0.48035328670027316
6,2,4,13,1,5,6,2,1,2,26,0,1,0,1,15,400,3,4,0,1995,1,4,3,1,6,0,0,1,0,0,0,1,0.5771535635790205
11,2,6,13,1,1,11,3,1,1,40,0,1,0,0,1,400,2,5,0,1996,1,4,3,0,6,0,0,1,0,0,1,1,0.5995670381030653
0,4,4,13,1,5,8,2,1,1,36,0,6,2,2,7,400,1,5,0,1994,0,4,3,3,6,0,0,1,0,0,0,0,0.3082849930755711
5,2,4,17,1,0,5,2,1,2,34,0,0,0,4,3,400,1,4,0,1994,0,4,3,1,7,3,0,1,0,0,0,1,0.6699188577865202
9,2,1,6,1,1,9,4,1,1,34,0,2,1,0,7,400,2,4,0,1994,2,4,3,3,5,0,0,1,0,0,0,0,0.015901566946086465
1,1,2,2,1,4,1,4,1,1,43,0,1,0,5,1,400,4,5,0,1994,1,4,3,1,7,2,4,2,0,0,0,0,0.47750149089327915
8,5,1,17,1,1,8,5,1,1,26,0,1,0,0,15,400,4,4,0,1995,1,4,3,2,6,2,0,1,0,0,0,1,0.5440016984084548
7,1,4,9,1,5,7,3,1,1,43,0,1,0,0,15,500,2,5,0,1994,1,4,3,0,8,3,3,1,0,0,0,0,0.47070727605852475
2,3,1,0,0,1,2,3,0,1,39,0,0,0,0,7,400,2,5,0,1996,0,4,3,2,6,3,0,1,0,0,0,1,0.5353710893326101
7,3,5,9,1,4,0,2,1,2,28,0,1,0,1,12,400,2,4,0,1995,1,4,3,1,6,0,0,1,0,0,0,1,0.5816847332328409
3,4,1,9,1,6,7,1,1,2,34,0,1,0,0,10,400,2,4,0,1995,1,0,1,0,5,0,0,3,0,0,1,1,0.5189979722154269
4,2,6,17,1,0,4,5,0,1,52,0,1,0,0,9,400,4,6,0,1996,1,4,3,2,8,2,0,1,0,0,0,0,0.41370640226224464
3,3,1,2,1,5,3,4,1,1,64,0,0,0,0,7,400,4,7,0,1994,0,2,2,0,8,0,0,1,0,0,0,1,0.5575154297448897
3,2,0,17,0,0,3,2,0,1,45,1,1,0,0,8,400,3,5,0,1994,1,4,3,2,6,0,0,1,0,0,0,0,0.11230894690249928
7,4,3,13,1,6,0,2,1,2,61,0,0,0,1,13,400,3,7,0,1995,0,4,3,3,8,3,0,1,0,0,0,1,0.5315100472560067
10,2,1,2,1,6,10,3,1,1,45,0,2,1,0,2,400,3,5,0,1994,2,4,3,2,7,2,0,1,0,0,0,0,0.06894662136066061
2,1,6,2,0,5,2,2,1,1,51,1,2,1,1,8,400,1,6,1,1994,2,4,3,0,8,1,0,1,0,0,0,0,0.02425352890236291
6,2,6,13,0,4,6,2,1,1,42,0,2,1,1,3,400,4,5,0,1994,2,4,3,2,8,3,0,1,0,0,0,0,0.060423076151586506
8,5,1,17,1,0,5,4,1,2,29,0,1,0,1,13,400,2,4,0,1994,1,4,3,1,7,3,0,1,0,0,0,1,0.5084465608613672
9,1,6,0,1,4,9,1,1,1,50,0,1,0,0,7,400,1,6,0,1995,1,4,3,0,8,0,0,1,0,0,0,0,0.4454212403545678
8,1,6,17,0,1,8,5,1,1,49,1,1,0,0,9,400,3,6,0,1994,1,4,3,2,8,3,0,1,0,0,0,0,0.07242966782576898
11,4,1,9,0,4,11,5,1,1,42,0,1,0,0,15,400,4,5,0,1994,1,4,3,3,6,1,0,1,1,0,0,0,0.29681620675051007
10,1,2,18,1,1,10,1,1,1,55,0,0,0,0,1,400,1,6,0,1995,0,4,3,2,8,1,0,3,0,0,1,0,0.44315785120898304
4,2,0,13,1,0,4,5,1,1,40,0,2,1,0,5,400,3,5,0,1995,2,4,3,2,7,0,0,1,0,0,0,0,0.04915648958873371
5,3,4,9,1,1,5,3,1,1,50,0,2,1,0,9,400,2,6,0,1994,2,4,3,1,7,0,0,1,0,0,0,0,0.03326481030628768
7,4,0,13,1,1,7,4,1,1,36,0,1,0,0,11,400,2,5,0,1996,1,4,3,0,7,3,4,2,0,0,0,0,0.4857793524051587
10,4,2,9,1,5,10,4,1,2,32,1,2,1,1,15,400,1,4,0,1995,2,4,3,2,5,1,0,1,0,0,0,0,0.024612412317812287
11,4,2,9,1,1,11,4,1,2,32,1,1,0,1,13,400,3,4,0,1995,1,4,3,2,7,3,0,1,0,0,0,0,0.09332883586538207
8,2,0,17,1,0,8,2,1,1,50,0,2,1,0,5,400,1,6,0,1994,2,4,3,2,7,3,0,1,0,0,0,0,0.10909010126227789
3,4,4,2,1,1,3,5,1,2,37,0,2,1,0,14,400,1,5,0,1995,2,4,3,2,7,0,0,1,0,0,0,0,0.03717279610332962
0,3,5,13,0,6,0,4,1,1,33,0,1,0,2,1,400,4,4,0,1995,1,4,3,2,5,2,0,1,0,0,0,1,0.5021079982402384
4,4,6,13,1,0,4,5,0,1,28,0,1,0,0,9,400,4,4,0,1994,1,4,3,3,5,3,0,1,0,0,0,0,0.4158603901128807
9,4,4,17,1,4,9,4,1,1,30,0,1,0,0,5,400,4,4,0,1994,1,4,3,0,7,0,0,1,0,0,0,0,0.433094235649543
8,2,5,13,1,1,8,3,1,1,28,1,1,0,1,14,400,2,4,0,1994,1,4,3,2,7,2,0,1,0,0,0,0,0.11886357676301
7,3,0,6,1,1,7,4,1,1,42,1,1,0,4,14,700,2,5,0,1995,1,4,3,0,7,0,0,1,0,0,0,0,0.2565928808206295
6,3,0,9,1,1,6,3,1,1,30,0,1,0,0,10,400,4,4,0,1994,1,4,3,1,6,1,0,1,0,0,0,1,0.5999432354212588
3,4,4,13,1,6,7,1,1,1,31,0,2,1,0,10,400,3,4,0,1995,2,4,3,2,6,0,0,1,0,0,0,0,0.08724146696571074
5,4,5,6,0,6,5,4,1,1,31,0,1,0,1,5,400,1,4,0,1996,1,4,3,3,7,0,0,1,0,0,0,1,0.5000265293283966
11,2,6,9,1,4,11,3,1,1,50,0,2,1,1,6,400,1,6,0,1996,2,4,3,3,8,0,0,1,0,0,0,0,0.023713509577697203
9,2,2,5,1,4,9,3,0,2,25,1,2,1,1,16,400,4,3,0,1996,2,4,3,1,4,2,0,1,0,0,0,0,0.01910943904954335
1,5,4,13,0,0,11,1,1,1,29,0,2,1,0,10,400,2,4,0,1995,2,4,3,1,7,0,0,1,0,0,0,0,0.039421112124700626
0,4,1,17,1,6,0,4,1,1,73,0,0,0,5,11,400,1,8,0,1995,0,4,3,2,8,3,0,1,0,0,0,0,0.4186773762805585
1,1,0,9,1,5,1,2,0,2,27,0,2,1,1,1,400,1,4,0,1994,2,4,3,1,7,3,0,1,0,0,0,0,0.04620257498722143
3,2,6,13,1,6,3,2,1,1,37,0,2,1,0,9,400,4,5,0,1994,2,4,3,3,7,0,0,1,0,0,0,0,0.0397773462438824
10,1,1,17,0,5,10,1,1,2,32,0,0,0,4,9,400,1,4,0,1996,0,4,3,1,6,0,0,1,0,0,0,1,0.6324636059658947
11,4,1,2,1,1,11,4,1,2,24,0,2,1,0,6,400,2,3,0,1995,2,4,3,2,5,0,0,1,0,0,0,0,0.11970489200119423
1,5,4,6,1,0,11,1,1,1,49,1,0,0,0,2,400,2,6,0,1995,0,4,3,0,8,0,0,1,0,0,0,0,0.04390030187591713
8,4,6,6,1,5,6,3,1,2,41,0,2,1,5,14,400,1,5,0,1994,2,4,3,3,7,1,0,1,0,0,0,0,0.030683710517254492
3,5,5,17,1,6,7,1,0,1,33,1,1,0,0,10,400,2,4,0,1996,1,4,3,2,6,0,0,1,0,0,0,0,0.08257608334227934
0,1,6,6,1,4,0,2,1,1,61,0,2,1,4,8,400,2,7,0,1995,2,4,3,1,7,0,0,1,0,0,0,0,0.06028537317590368
3,4,2,17,1,1,7,3,1,2,29,0,0,0,0,4,400,1,4,0,1996,0,4,3,0,6,1,0,1,0,0,0,1,0.6638055693534792
3,2,2,13,1,4,7,1,1,1,42,0,1,0,0,1,400,2,5,0,1996,1,4,3,2,7,3,0,1,0,0,0,1,0.5413604084701196
2,3,1,6,1,6,2,3,1,1,40,1,1,0,0,6,400,3,5,0,1995,1,4,3,0,8,3,0,1,1,0,0,0,0.06700835913261863
2,4,1,13,1,5,2,4,1,2,39,0,0,0,4,3,400,2,5,0,1995,0,4,3,0,7,2,0,1,0,0,0,1,0.6489448969914186
3,5,1,13,1,6,7,1,1,1,65,1,0,0,0,8,400,1,7,0,1995,0,4,3,0,8,2,0,1,0,0,0,0,0.04948599531916131
5,5,2,6,1,5,9,4,1,1,27,0,1,0,0,12,400,1,4,0,1996,1,4,3,2,7,3,0,1,0,0,0,1,0.5106199169183557
0,4,4,5,1,6,8,1,1,1,41,0,0,0,5,15,400,4,5,0,1994,0,4,3,0,7,0,0,1,0,0,0,1,0.6850491769399387
4,3,3,17,1,4,4,3,1,2,22,0,1,0,1,15,400,4,3,0,1994,1,4,3,2,5,0,0,1,0,0,0,1,0.5316409055101957
6,2,3,13,1,6,6,4,1,1,39,0,2,1,1,16,400,2,5,0,1995,2,4,3,3,7,0,0,1,0,0,0,0,0.051377801873465835
1,3,0,6,1,4,11,1,1,1,78,0,2,1,4,7,400,3,8,0,1996,2,4,3,2,8,3,0,1,0,0,0,0,0.1140829971753689
11,3,2,6,1,5,11,3,1,2,24,0,0,0,0,16,400,1,3,0,1995,0,4,3,1,5,1,0,1,0,0,0,1,0.62727260339844
6,5,6,9,1,0,5,1,1,1,50,0,0,0,0,3,400,1,6,0,1994,0,4,3,2,8,3,0,1,0,0,0,1,0.5559459508986785
11,3,3,13,1,5,11,3,1,1,35,0,1,0,0,7,400,3,4,0,1996,1,4,3,2,6,0,4,2,0,0,0,1,0.539354425300745
4,4,4,17,1,5,4,5,1,2,18,0,2,1,0,5,400,3,2,0,1994,2,4,3,2,3,3,0,1,0,0,0,0,0.22566499529536507
8,4,3,13,1,1,8,4,1,1,78,0,2,1,0,8,400,2,8,0,1994,2,4,3,1,7,2,0,1,0,0,0,0,0.033988263071171095
2,2,6,17,1,5,2,2,1,1,27,0,1,0,0,12,700,4,4,0,1996,1,4,3,1,7,3,0,1,0,0,0,0,0.4021247449205533
0,3,0,17,1,6,8,2,1,1,41,1,0,0,0,9,400,4,5,0,1994,0,4,3,0,7,3,4,2,0,0,0,0,0.12376027968829009
0,3,4,17,1,0,0,4,1,1,34,0,1,0,1,14,400,1,4,0,1995,1,4,3,1,6,3,0,1,0,0,0,1,0.5655906463085384
2,1,0,13,1,0,2,2,1,1,49,1,0,0,0,7,400,4,6,0,1995,0,4,3,0,8,1,0,1,0,0,0,0,0.0656465031029688
0,1,6,2,1,1,0,2,1,1,30,0,6,2,5,14,400,1,4,0,1994,0,4,3,2,5,0,0,1,0,0,0,1,0.5314397276562062
5,4,6,17,0,0,1,1,1,1,29,0,0,0,0,7,400,1,4,0,1996,0,4,3,2,5,1,0,1,0,0,1,1,0.6336930799409919
5,4,6,17,1,0,1,1,1,1,60,1,0,0,4,14,500,4,7,0,1996,0,4,3,0,8,0,3,1,0,0,0,0,0.14408492377455265
10,3,3,13,1,6,10,3,0,1,49,0,2,1,0,4,400,4,6,0,1995,2,4,3,1,7,2,0,1,0,0,0,0,0.05511201591168616
6,2,1,13,1,4,6,4,1,1,33,0,1,0,0,13,400,1,4,0,1994,1,4,3,0,6,0,0,1,0,0,0,1,0.606441344986044
8,5,2,2,1,5,6,3,1,1,60,1,0,0,0,14,500,1,7,0,1994,0,4,3,1,8,0,3,1,0,0,0,0,0.13740293692548003
6,3,2,13,1,1,6,3,0,1,30,0,1,0,0,3,400,3,4,0,1996,1,4,3,0,6,0,0,1,0,0,0,1,0.5730624661960775
2,3,1,17,1,1,4,4,1,2,24,0,0,0,0,10,400,3,3,0,1995,0,4,3,0,5,2,4,2,0,0,0,0,0.47214551286898315
8,1,5,13,1,4,8,1,0,1,36,1,2,1,0,9,400,4,5,0,1996,2,4,3,3,7,0,0,1,0,0,0,0,0.01284672523572599
3,3,2,9,1,4,3,4,1,2,31,0,1,0,0,16,400,3,4,0,1994,1,4,3,2,6,1,0,1,0,0,0,1,0.5807689087637642
3,4,2,2,1,5,7,1,1,1,68,0,2,1,5,14,400,1,8,0,1996,2,4,3,3,8,3,0,1,0,0,0,0,0.048820820549185885
8,2,0,17,1,5,8,3,1,1,48,0,0,0,4,15,400,3,6,0,1996,0,4,3,0,8,0,0,1,0,0,0,1,0.591214536327674
5,3,1,17,1,0,5,5,1,1,44,0,2,1,0,7,400,4,5,0,1996,2,4,3,0,5,0,0,1,0,0,0,0,0.09818795429512338
5,1,5,13,0,5,5,1,1,1,38,0,1,0,1,7,400,3,5,0,1994,1,4,3,2,7,0,0,1,0,0,0,1,0.6120452983839793
2,4,0,5,1,0,2,5,1,1,46,1,1,0,1,4,400,2,6,0,1994,1,4,3,0,8,0,0,1,0,0,0,0,0.07539064073136571
9,5,5,17,1,6,2,4,1,1,47,1,2,1,0,7,400,4,6,0,1995,2,4,3,2,8,0,4,2,0,0,0,0,0.01962492119863855
1,1,4,2,1,0,1,1,1,2,37,0,7,2,5,14,400,4,5,0,1995,1,4,3,3,7,3,0,1,0,0,0,0,0.24126565611253661
4,3,5,17,1,6,4,4,1,2,35,1,0,0,0,5,400,4,4,0,1994,0,4,3,2,5,0,0,1,0,0,0,0,0.1542975868806651
10,3,6,6,1,1,10,4,1,2,29,1,1,0,0,8,400,3,4,0,1996,1,4,3,2,6,0,0,1,0,0,0,0,0.08288401216154058
11,1,5,13,1,4,11,2,1,1,26,0,1,0,0,2,400,2,4,0,1995,1,4,3,1,7,3,0,1,0,0,0,0,0.48931383809059553
8,3,6,13,0,6,8,4,1,1,38,0,2,1,0,10,400,4,5,0,1996,2,4,3,0,7,3,0,1,0,0,0,0,0.094317153921659
1,2,5,17,0,4,1,2,1,2,29,1,0,0,0,2,400,4,4,0,1995,0,4,3,1,7,0,0,1,0,0,0,0,0.09067143510617118
4,4,4,13,1,0,3,2,1,1,50,1,0,0,4,13,400,4,6,0,1994,0,4,3,0,8,0,0,1,0,0,0,0,0.06740395547428882
10,1,4,13,1,5,10,2,1,2,30,0,2,1,0,12,400,3,4,0,1995,2,4,3,2,6,3,0,1,0,0,0,0,0.03401459800534511
11,2,0,9,1,1,11,2,1,1,54,1,1,0,0,4,400,4,6,0,1996,1,4,3,0,8,0,0,1,0,0,0,0,0.06984345444247748
4,2,6,17,1,4,4,2,1,1,36,0,2,1,0,1,400,3,5,0,1996,2,4,3,3,6,0,0,1,0,0,0,0,0.040470467816150706
8,5,5,6,1,6,6,1,1,1,33,1,2,1,1,6,400,1,4,0,1995,2,4,3,1,7,0,0,1,0,0,0,0,0.02591056708966536
6,2,3,17,1,1,6,2,1,1,27,1,0,0,0,11,400,2,4,0,1994,0,4,3,0,5,0,0,1,1,1,0,0,0.08723570643431251
4,4,2,2,1,1,4,4,0,2,53,1,2,1,1,2,400,2,6,0,1995,2,4,3,2,8,0,0,1,0,0,0,0,0.030031307425146637
7,1,4,9,1,5,7,2,1,1,42,0,6,2,5,3,400,4,5,0,1994,0,4,3,1,7,3,0,1,0,0,0,0,0.4046043382415363
3,3,1,18,1,5,3,4,1,1,54,0,2,1,2,15,400,3,6,0,1994,2,4,3,2,7,0,0,1,0,0,0,0,0.07826633103536895
4,3,4,17,1,5,4,4,1,1,39,0,2,1,0,11,400,3,5,0,1995,2,4,3,3,7,3,0,1,0,0,0,0,0.07874594834999096
8,4,0,13,0,5,6,2,1,1,62,1,1,0,0,9,500,3,7,0,1994,1,4,3,2,8,0,3,1,0,0,0,0,0.12348599413809869
9,4,6,9,1,1,9,4,0,2,31,1,1,0,0,5,400,4,4,0,1994,1,4,3,0,6,1,0,1,0,0,0,0,0.06281579243882533
3,5,1,6,1,1,3,5,1,1,29,1,0,0,0,7,400,2,4,0,1994,0,4,3,0,7,0,0,1,0,0,0,0,0.12050079309578235
9,2,3,2,1,1,9,3,1,2,33,0,1,0,0,16,400,4,4,0,1995,1,4,3,0,5,0,0,1,0,0,0,1,0.5495184535291309
3,1,6,13,1,6,3,1,0,2,32,1,2,1,1,1,400,4,4,0,1995,2,4,3,2,7,3,4,2,0,0,0,0,0.02030060187051348
10,2,6,9,1,6,10,3,1,1,41,0,2,1,0,8,400,3,5,0,1995,2,4,3,1,8,0,0,1,0,0,0,0,0.05299248505861289
7,1,1,13,1,5,7,2,1,2,30,0,1,0,0,3,400,4,4,0,1996,1,4,3,0,6,0,0,1,0,0,0,1,0.6005539645734275
1,1,5,13,1,6,1,3,1,1,27,0,0,0,4,8,400,3,4,0,1994,0,4,3,0,7,1,0,1,0,0,0,1,0.760684656311482
6,5,6,6,1,6,6,5,1,1,55,0,2,1,0,7,400,2,6,0,1996,2,4,3,2,7,3,0,3,0,0,0,0,0.037083696361040204
9,4,4,6,1,1,9,4,1,2,29,0,1,0,1,11,400,4,4,0,1996,1,4,3,0,6,1,0,1,0,0,0,1,0.5805399354920241
8,3,0,13,1,4,8,4,1,1,47,1,0,0,0,14,400,2,6,0,1994,0,4,3,0,8,0,0,1,0,0,0,0,0.08743236954348335
9,3,5,17,0,1,2,3,1,2,25,0,1,0,0,15,400,2,3,0,1995,1,4,3,3,5,0,0,1,0,0,0,0,0.48671042786938196
10,4,0,2,1,4,10,4,1,1,57,0,2,1,1,9,400,4,7,0,1995,2,4,3,2,8,0,0,1,0,0,0,0,0.04935970127098619
6,5,4,17,1,6,5,2,1,1,39,1,2,1,0,15,400,3,5,0,1995,2,4,3,0,7,3,0,1,0,0,0,0,0.016931566281795905
10,3,1,13,1,1,10,5,1,1,50,1,0,0,0,14,400,3,6,0,1996,0,4,3,0,8,3,0,1,0,0,0,0,0.053596372838062054
11,2,3,17,1,1,11,2,1,1,37,0,2,1,0,14,400,1,5,0,1995,2,4,3,0,7,3,4,2,0,0,1,0,0.04051108160061517
0,3,1,6,1,6,8,2,1,1,30,0,4,1,5,6,400,4,4,0,1994,1,4,3,0,6,0,0,1,0,0,1,1,0.5595145036503625
10,2,1,2,1,5,10,3,1,1,51,1,1,0,0,15,500,4,6,0,1995,1,4,3,2,8,3,3,1,0,0,0,0,0.1334772936655452
8,2,0,2,1,0,8,3,1,2,38,0,2,1,0,10,400,1,5,0,1995,2,4,3,2,7,3,0,1,0,0,0,0,0.03618526540332543
8,3,5,6,0,5,8,3,1,1,43,0,2,1,0,2,400,1,5,0,1995,2,4,3,2,7,0,0,1,0,0,0,0,0.04696991780612061
4,5,2,13,1,1,4,5,1,1,53,0,1,0,0,15,400,2,6,0,1995,1,4,3,1,8,0,0,1,0,0,0,0,0.4551605409606425
2,2,6,9,1,0,2,2,1,1,37,1,0,0,4,12,400,1,5,0,1996,0,4,3,2,7,3,0,1,0,0,0,0,0.08479840746641366
5,3,4,6,1,4,5,3,1,1,38,0,1,0,0,7,400,2,5,0,1995,1,4,3,2,7,0,0,1,0,0,0,1,0.6302928217631697
1,1,0,9,0,4,1,2,1,1,56,0,0,0,0,10,400,4,7,0,1995,0,4,3,0,8,1,0,1,0,0,0,0,0.4851131137207548
10,5,0,0,1,1,10,5,1,1,36,0,0,0,5,12,400,2,5,0,1995,0,4,3,2,8,0,0,1,0,0,0,1,0.5096547984400306
5,3,1,9,1,1,5,3,0,1,28,0,1,0,1,6,400,3,4,0,1994,1,4,3,2,7,0,0,1,0,0,0,1,0.5744189166307886
6,2,1,13,1,4,6,3,1,1,37,0,0,0,4,13,400,3,5,0,1994,0,4,3,2,6,3,0,1,0,0,1,1,0.7125623486728213
7,1,6,17,1,4,7,1,1,3,37,0,2,1,1,15,400,1,5,0,1996,2,4,3,3,7,3,0,1,0,0,0,0,0.024009263713305248
3,3,5,6,1,0,3,3,1,1,54,0,1,0,0,1,400,2,6,0,1994,1,4,3,1,8,0,0,1,0,0,0,1,0.5822196507716889
11,1,1,5,1,6,11,1,1,1,60,0,2,1,1,6,400,4,7,0,1996,2,4,3,1,7,0,0,1,0,0,0,0,0.06549334677958832
3,4,1,18,1,0,6,4,1,1,39,0,0,0,0,10,400,1,5,0,1995,0,4,3,0,7,0,0,1,0,0,0,0,0.4935316566550791
0,4,5,17,1,6,8,1,0,1,37,0,1,0,0,9,400,3,5,0,1996,1,4,3,0,7,1,0,1,0,0,0,1,0.512327605728394
8,3,1,6,1,6,8,3,1,1,40,0,1,0,1,10,400,1,5,0,1994,1,4,3,2,8,3,0,1,0,0,1,1,0.6021634135787237
11,2,5,2,1,5,11,2,1,1,40,1,1,0,2,5,400,1,5,0,1994,1,4,3,0,8,1,0,1,0,0,0,0,0.05787114480752816
7,5,4,13,1,1,0,1,1,1,41,0,1,0,0,8,400,2,5,0,1994,1,4,3,0,7,1,0,1,0,0,0,1,0.6094414959215451
4,1,3,6,1,1,4,2,0,1,56,0,2,1,0,15,400,4,7,0,1995,2,4,3,1,8,1,0,1,0,0,0,0,0.019585569203115077
4,1,2,13,1,5,4,2,1,1,30,0,2,1,1,5,400,1,4,0,1996,2,4,3,2,7,0,0,1,0,0,0,0,0.06958753986307242
4,5,5,6,1,4,3,2,1,1,67,0,1,0,0,11,400,1,8,0,1994,1,4,3,1,8,1,0,1,0,0,0,0,0.48361757597097976
4,1,5,2,1,1,4,2,1,1,40,0,1,0,0,10,400,4,5,0,1996,1,4,3,1,8,1,0,1,0,0,0,1,0.5583225814782332
11,2,5,13,1,1,11,3,1,1,64,0,0,0,4,6,400,4,7,0,1995,0,2,3,0,7,1,0,1,0,0,0,1,0.5412730463268275
0,5,2,13,1,1,8,2,1,2,24,0,0,0,0,2,400,3,3,0,1994,0,4,3,1,5,0,0,1,0,0,0,1,0.6874610981838767
11,3,4,9,1,6,10,1,1,2,42,1,1,0,1,2,400,3,5,0,1996,1,4,3,0,7,3,0,1,0,0,0,0,0.06720172246177764
11,5,4,17,1,5,10,1,0,2,39,1,2,1,0,12,700,3,5,1,1995,2,4,3,0,7,1,0,1,0,0,0,0,0.03373201657871306
11,1,1,2,1,4,11,2,0,1,31,1,1,0,0,16,400,4,4,0,1996,1,4,3,1,6,0,0,1,0,0,0,0,0.08977160473672323
2,1,5,17,1,0,2,2,1,1,24,0,2,1,0,15,400,3,3,0,1994,2,4,3,2,5,2,0,1,0,0,0,0,0.07040512201829217
3,1,5,6,0,4,3,1,0,2,35,0,1,0,0,6,400,4,4,0,1996,1,4,3,2,6,3,0,1,0,0,0,0,0.48243040979036983
10,2,2,13,1,5,10,2,1,2,29,0,1,0,1,11,400,4,4,0,1994,1,4,3,1,7,1,0,1,1,0,0,0,0.405778829058913
8,4,1,17,1,6,8,4,1,1,43,1,1,0,0,8,400,4,5,0,1994,1,4,3,1,6,0,0,1,1,1,0,0,0.06971426294264246
11,3,6,17,1,0,11,3,1,1,28,1,1,0,0,11,400,1,4,0,1995,1,4,3,1,6,2,0,1,0,0,0,0,0.0712677514943833
9,2,5,6,1,1,9,3,1,1,29,0,1,0,0,5,400,2,4,0,1995,1,4,3,2,5,0,0,1,0,0,0,1,0.5700246713417866
9,4,0,13,1,6,3,2,1,1,28,0,0,0,0,1,400,2,4,0,1994,0,4,3,1,6,0,0,1,0,0,0,1,0.6190966903429439
7,5,6,13,1,4,7,5,1,1,39,0,1,0,0,5,400,3,5,0,1995,1,4,3,3,8,3,0,1,0,0,1,0,0.4711248619099305
11,3,3,13,1,1,11,3,1,1,55,0,2,1,1,3,400,3,6,0,1995,2,4,3,3,8,3,0,1,0,0,0,0,0.025447929809674516
8,3,0,17,0,1,8,4,1,1,34,1,2,1,1,16,400,1,4,0,1994,2,4,3,2,7,0,0,1,0,0,0,0,0.03068211921466143
0,1,2,6,1,1,0,1,1,1,46,1,2,1,0,14,400,1,6,0,1994,2,4,3,3,7,1,0,1,0,0,0,0,0.009676196216151905
7,2,4,13,1,5,7,5,0,1,36,0,1,0,1,10,400,4,5,1,1995,1,4,3,2,6,1,0,1,0,0,1,0,0.3966744151496337
10,2,6,9,1,4,10,2,1,1,30,0,2,1,0,10,400,4,4,0,1996,2,4,3,2,4,0,0,1,0,0,0,0,0.03268899544174411
0,1,3,2,1,4,0,2,1,1,61,0,2,1,1,2,400,2,7,0,1995,2,4,3,2,8,3,2,1,0,0,0,0,0.0597099366432834
7,1,3,9,1,1,7,2,1,1,28,0,2,1,0,3,400,4,4,0,1995,2,4,3,2,6,0,4,2,0,0,0,0,0.044861934716332624
3,3,1,6,0,5,3,4,1,1,26,0,2,1,1,1,400,1,4,0,1995,2,4,3,2,6,0,0,1,0,0,0,0,0.12140355545348214
4,2,1,9,1,1,4,2,0,1,35,0,1,0,0,2,400,2,4,0,1995,1,4,3,1,7,0,0,1,0,0,0,1,0.5329268140508807
9,3,6,9,1,1,9,3,1,1,66,0,2,1,4,11,400,2,8,0,1996,2,4,3,2,8,1,0,1,0,0,0,0,0.0478071010755673
5,3,6,17,1,4,5,4,1,1,31,1,1,0,1,12,400,4,4,0,1995,1,4,3,2,7,2,0,1,0,0,0,0,0.09434485172430734
7,1,0,9,1,1,7,1,1,1,40,1,1,0,0,15,400,1,5,0,1995,1,4,3,0,8,3,0,1,0,0,0,0,0.07878049020347275
4,4,6,2,1,6,0,3,1,2,28,0,6,2,5,11,400,1,4,0,1994,0,4,3,3,6,0,4,2,0,0,0,0,0.3362022688191903
2,4,0,0,1,0,2,4,1,1,62,1,1,0,1,6,400,3,7,0,1996,1,4,3,2,8,2,0,1,0,0,0,0,0.07894630358852837
2,1,0,13,1,0,2,2,1,1,63,0,6,2,2,10,400,1,7,0,1996,0,4,3,3,8,3,0,1,0,0,0,0,0.17045282206650178
1,1,6,2,1,4,1,1,1,2,32,0,1,0,5,11,400,1,4,0,1994,1,4,3,0,6,3,0,1,0,0,1,0,0.49986393714431154
0,2,3,9,1,5,0,2,1,1,30,0,4,1,5,8,400,3,4,0,1994,1,4,3,2,5,0,0,1,0,0,0,0,0.4386444945367563
2,5,6,0,1,5,4,1,1,1,46,1,0,0,1,10,400,2,6,0,1995,0,4,3,1,7,0,0,1,0,0,0,0,0.08611788932132709
0,2,6,9,1,4,0,3,1,1,43,0,1,0,5,13,400,4,5,0,1996,1,4,3,2,7,3,0,1,0,0,0,1,0.5031901674417589
1,1,1,17,1,1,1,1,1,1,39,0,2,1,0,10,400,1,5,0,1995,2,4,3,3,7,2,0,1,0,0,0,0,0.058190825479015114
10,4,4,6,1,1,9,2,1,1,32,0,2,1,0,9,400,2,4,0,1996,2,4,3,2,7,0,0,1,0,0,0,0,0.0373609255260586
2,2,3,6,1,1,2,2,1,1,39,1,1,0,0,3,400,3,5,0,1994,1,4,3,1,8,3,0,1,0,0,0,0,0.07989364915967248
2,4,6,2,1,6,4,1,1,1,32,0,2,1,0,11,400,4,4,0,1995,2,4,3,0,5,0,0,1,0,0,0,0,0.05368031470723092
3,3,0,5,1,4,3,4,1,2,35,1,1,0,5,11,400,2,4,0,1996,1,4,3,3,7,0,0,1,0,0,0,0,0.07682835761120255
10,3,1,6,1,6,2,3,1,1,47,0,0,0,1,9,400,4,6,0,1996,0,4,3,3,8,0,0,1,1,0,0,0,0.3496125852323313
7,5,5,6,1,4,7,5,1,2,31,0,0,0,1,14,400,3,4,0,1996,0,4,3,2,6,3,0,1,0,0,0,1,0.5595679281681215
4,3,0,13,1,5,4,3,1,1,54,0,2,1,1,3,400,1,6,0,1994,2,4,3,2,8,3,0,1,0,0,0,0,0.0852314661702828
2,2,1,13,1,1,2,2,1,1,51,0,2,1,1,10,400,1,6,0,1994,2,4,3,3,8,0,0,1,0,0,0,0,0.05744182768709443
0,1,5,11,1,6,0,2,1,1,26,0,0,0,4,12,400,2,4,0,1996,0,4,3,2,6,3,0,1,0,0,0,1,0.5225633947991258
4,5,2,17,1,1,3,1,1,1,29,0,2,1,1,6,400,1,4,0,1994,2,4,3,3,7,0,0,1,0,0,0,0,0.057895646443668555
1,4,4,5,1,5,10,2,1,2,27,0,1,0,1,3,400,3,4,0,1995,1,4,3,2,6,0,0,1,0,0,0,1,0.5419999459845852
3,4,2,13,0,4,7,1,0,1,52,1,2,1,1,11,400,4,6,0,1996,2,4,3,0,7,3,0,1,0,0,0,0,0.031115467923882187
10,1,5,6,1,6,9,3,1,2,27,1,0,0,0,14,400,4,4,0,1994,0,4,3,2,6,0,0,3,0,0,0,0,0.08597948343787953
2,4,0,17,1,5,2,4,1,1,30,0,0,0,1,14,400,4,4,0,1996,0,4,3,0,6,1,0,1,0,0,0,1,0.6297071359963927
2,5,6,9,1,4,2,5,1,1,28,1,4,1,5,7,400,2,4,0,1994,1,4,3,0,5,0,0,1,0,0,0,0,0.04408539047240896
11,5,6,6,1,4,11,5,1,1,42,1,1,0,1,11,400,2,5,0,1995,1,4,3,1,7,0,0,1,0,0,0,0,0.05921657254401868
11,2,0,13,1,4,10,1,1,2,27,0,1,0,0,3,400,1,4,0,1995,1,4,3,1,6,0,0,1,0,0,0,1,0.6011691565023807
11,4,1,17,1,5,11,4,1,1,63,1,0,0,0,15,400,2,7,0,1996,0,4,3,1,7,0,4,2,0,0,0,0,0.06525710849146392
1,2,1,2,1,5,1,2,0,2,55,0,2,1,0,15,400,3,6,0,1996,2,4,3,2,6,0,0,1,0,0,0,0,0.046509793008993314
0,1,0,17,1,1,0,1,1,1,57,0,2,1,1,8,400,1,7,0,1995,2,4,3,3,8,3,0,1,0,0,0,0,0.06527978153479888
6,4,3,9,1,1,6,4,1,1,31,0,1,0,1,6,400,1,4,0,1994,1,4,3,0,7,0,0,1,0,0,0,1,0.6311288530404926
9,2,4,17,1,4,9,2,1,2,24,0,2,1,1,4,400,2,3,0,1994,2,4,3,2,4,3,0,1,0,0,0,0,0.06752038239998498
4,5,2,17,0,4,3,1,0,1,53,0,2,1,0,12,400,4,6,0,1995,2,4,3,0,7,0,0,1,0,0,0,0,0.0366846037510475
8,2,0,6,1,0,8,2,1,1,26,0,1,0,1,6,400,3,4,0,1995,1,4,3,3,6,1,0,1,0,0,0,1,0.6212441313579998
11,4,5,9,1,5,11,4,1,1,51,1,0,0,1,2,400,1,6,0,1994,0,4,3,2,8,2,0,1,0,0,0,0,0.05212557794464557
0,2,0,13,1,1,0,4,1,2,30,1,2,1,1,10,400,4,4,0,1994,2,4,3,2,6,0,0,1,0,0,0,0,0.012840876031273712
11,3,0,9,0,5,11,3,1,2,59,0,2,1,0,9,400,1,7,0,1994,2,4,3,0,8,0,0,1,0,0,0,0,0.05431739032672406
2,4,5,13,1,5,2,4,1,1,58,1,0,0,0,5,400,1,7,0,1994,0,4,3,0,8,1,0,1,0,0,0,0,0.07383926211239404
1,2,6,9,0,6,7,1,1,2,27,0,4,1,5,3,400,3,4,0,1994,1,4,3,2,7,0,0,1,0,0,0,0,0.4574799826574737
7,5,4,13,0,5,0,2,1,2,37,0,1,0,0,4,400,4,5,0,1994,1,4,3,2,6,1,0,1,0,0,0,1,0.5155484839906158
10,3,3,13,1,4,10,3,1,1,44,1,0,0,0,6,400,3,5,0,1995,0,4,3,3,7,3,0,1,0,0,0,0,0.07703144577214795
0,5,2,0,1,5,8,2,1,1,40,0,1,0,5,12,400,1,5,0,1996,1,4,3,2,8,2,0,1,0,0,0,0,0.48146112110802347
4,3,3,13,1,1,4,3,0,1,44,0,1,0,0,4,400,1,5,0,1995,1,4,3,2,7,1,0,1,0,0,0,1,0.5572947617112815
9,2,2,13,1,5,9,3,1,1,29,0,2,1,5,10,400,1,4,0,1996,2,4,3,0,7,2,2,1,0,0,0,0,0.0854405159937233
3,4,4,6,1,1,7,1,1,1,33,0,0,0,0,9,400,4,4,0,1995,0,4,3,0,7,0,0,1,0,0,1,1,0.6709280635526572
3,4,3,13,1,4,7,1,0,2,18,0,1,0,1,15,400,3,2,0,1994,1,4,3,2,3,3,0,1,0,0,0,0,0.36467393389037234
4,2,5,17,1,5,4,3,0,1,39,1,2,1,0,3,400,4,5,0,1994,2,4,3,2,7,3,0,1,0,0,0,0,0.010244067005424457
11,1,4,13,1,0,10,2,1,2,28,0,2,1,1,16,400,1,4,0,1996,2,4,3,2,6,3,0,1,0,0,0,0,0.01738889040299705
3,2,1,13,1,1,3,2,1,1,42,0,1,0,0,2,400,4,5,0,1995,1,4,3,1,8,3,0,1,0,0,0,0,0.4667322093534012
1,4,0,6,1,4,10,1,1,1,35,0,0,0,4,2,400,1,4,0,1996,0,4,3,0,7,0,0,1,0,0,0,1,0.6267550290884107
2,4,1,9,1,6,2,5,0,1,32,0,2,1,0,5,400,4,4,0,1994,2,4,3,0,4,1,0,1,0,0,0,0,0.04678184962790955
0,4,0,3,1,5,0,4,1,1,49,0,2,1,0,14,400,1,6,0,1994,2,4,3,2,8,0,0,1,0,0,0,0,0.0565608097563837
8,4,2,9,1,5,8,5,1,2,22,0,2,1,1,9,400,1,3,0,1996,2,4,3,2,6,3,0,1,0,0,0,0,0.06751833935910447
11,3,3,17,1,6,11,5,1,1,39,0,2,1,0,5,400,4,5,0,1994,2,4,3,2,7,1,0,3,0,0,0,0,0.0706735676812387
10,2,4,9,1,6,10,3,0,1,50,0,2,1,1,4,400,1,6,0,1994,2,4,3,0,7,0,0,1,0,0,0,0,0.04709421054788735
4,2,4,17,1,0,4,2,1,1,47,1,2,1,0,1,400,1,6,0,1995,2,4,3,3,7,3,0,1,0,0,0,0,0.009005198216826708
3,2,5,13,1,0,3,2,1,1,52,0,0,0,4,3,400,3,6,0,1996,0,4,3,0,8,0,0,1,0,0,0,1,0.5527602752502874
11,4,2,13,1,6,11,5,1,1,42,1,2,1,0,3,400,3,5,0,1995,2,4,3,2,7,0,0,1,0,0,0,0,0.04467074518278958
7,4,5,5,1,5,7,4,1,1,54,1,2,1,1,2,400,3,6,0,1995,2,4,3,2,8,3,0,1,0,0,0,0,0.03220978563029755
4,2,6,13,1,6,4,3,1,1,45,0,0,0,4,6,400,2,5,0,1996,0,4,3,2,7,0,0,1,0,0,0,1,0.6004240915361727
9,2,2,13,1,1,9,2,1,2,36,0,2,1,0,8,400,4,5,0,1994,2,4,3,3,7,3,0,1,0,0,0,0,0.021462033295676065
11,4,3,9,1,6,11,5,1,2,30,0,1,0,0,9,400,1,4,0,1995,1,4,3,1,7,2,0,1,0,0,0,1,0.5017028025033223
1,1,1,17,1,4,1,1,1,1,53,0,2,1,1,16,400,3,6,0,1996,2,4,3,2,7,0,0,1,0,0,0,0,0.10658709565620109
9,4,5,18,1,6,9,4,0,0,46,0,2,1,5,2,400,2,6,0,1996,2,4,3,2,6,0,0,1,0,0,0,0,0.059008624602638206
0,4,2,13,1,1,8,1,1,2,26,0,1,0,1,12,400,1,4,0,1995,1,4,3,0,6,0,0,1,1,0,0,1,0.5189496386680712
11,5,2,6,1,6,10,3,0,1,45,0,4,1,5,6,400,2,5,0,1996,1,0,3,0,7,0,0,1,0,0,0,0,0.4537552170963093
4,3,5,17,1,5,4,3,1,1,55,1,0,0,0,8,500,1,6,0,1994,0,4,3,1,8,0,3,1,0,0,0,0,0.14373043880089265
9,1,0,6,1,4,9,3,1,1,51,0,0,0,1,16,500,3,6,0,1994,0,4,3,0,8,0,3,1,0,0,0,0,0.3304037944064482
2,4,0,6,1,4,2,5,0,2,41,1,2,1,0,14,400,3,5,0,1994,2,4,3,2,7,0,0,1,0,0,0,0,0.008109792991746616
11,4,1,17,1,6,11,5,1,1,63,0,2,1,1,6,400,3,7,0,1995,2,4,3,0,8,2,0,1,0,0,0,0,0.14032104720648408
11,3,5,13,1,5,9,1,0,1,67,0,2,1,0,1,500,4,8,0,1994,2,4,3,0,8,0,3,1,0,0,0,0,0.028621734559688635
4,3,5,6,1,1,4,4,1,2,40,1,2,1,0,15,400,1,5,0,1994,2,4,3,1,7,0,0,1,0,0,0,0,0.014003241073012923
1,2,3,13,0,0,1,3,0,1,42,0,0,0,4,5,400,3,5,0,1996,0,4,3,0,6,0,0,1,0,0,1,1,0.5594665276438742
5,1,4,9,1,6,5,3,1,2,32,0,2,1,0,13,400,4,4,0,1994,2,4,3,3,7,0,0,1,0,0,0,0,0.032604767805832574
3,3,5,9,1,4,3,3,1,1,44,0,1,0,1,1,400,3,5,0,1995,1,4,3,1,7,3,0,1,0,0,0,1,0.5432701580544457
1,3,5,17,1,6,1,3,1,1,32,0,2,1,0,3,400,4,4,0,1994,2,4,3,3,7,1,0,1,0,0,0,0,0.053224573647338354
4,2,4,18,0,4,4,2,1,2,43,0,0,0,5,10,400,2,5,0,1996,0,4,3,0,7,2,0,1,0,0,0,0,0.43344263947162565
5,3,0,13,1,1,5,3,1,1,48,0,0,0,1,2,400,4,6,0,1994,0,4,3,3,8,1,0,1,0,0,0,1,0.526240283564552
11,4,5,9,1,1,10,1,1,1,54,1,0,0,0,14,400,1,6,0,1995,0,4,3,0,8,2,0,1,0,0,0,0,0.04612770992358908
7,2,2,9,0,5,7,3,1,1,40,1,0,0,0,1,400,1,5,0,1995,0,4,3,0,8,2,0,1,0,0,0,0,0.06125534795016398
8,1,5,13,1,5,8,1,1,1,27,0,2,1,0,3,400,4,4,0,1995,2,4,3,3,6,1,0,1,0,0,0,0,0.041263205384203513
9,2,0,6,0,5,9,3,0,1,46,0,1,0,1,7,400,2,6,0,1994,1,4,3,0,7,2,0,1,0,0,0,0,0.40541672790013306
11,1,1,18,0,6,11,2,1,1,50,0,1,0,2,16,400,4,6,0,1995,1,4,3,0,8,1,0,1,0,0,0,0,0.34633762819668973
1,4,4,13,1,5,11,4,0,1,60,1,2,1,0,10,400,1,7,0,1995,2,4,3,3,8,0,0,1,0,0,0,0,0.00905865985161788
2,2,0,17,1,4,2,4,1,2,27,0,1,0,0,7,400,3,4,0,1995,1,4,3,1,6,2,0,1,0,0,0,1,0.5596407138517676
6,4,4,6,1,5,5,1,1,1,32,0,1,0,0,11,400,1,4,0,1994,1,4,3,2,7,3,2,2,0,0,0,1,0.597342747891021
5,2,4,2,1,4,5,2,1,1,62,0,2,1,1,3,400,1,7,0,1994,2,4,3,3,8,0,0,1,0,0,0,0,0.07299840449944056
1,2,1,2,1,4,1,2,1,1,52,1,1,0,5,12,400,4,6,0,1996,1,4,3,3,8,2,0,1,0,0,0,0,0.05705694216716727
7,1,2,13,1,6,7,2,1,2,32,0,2,1,0,6,400,1,4,1,1994,2,4,3,3,6,3,0,1,0,0,0,0,0.0515935618846949
6,3,2,18,1,0,6,4,1,1,34,0,1,0,1,2,400,2,4,0,1996,1,4,3,2,6,2,0,1,0,0,0,0,0.47064935445138717
10,4,1,12,0,4,10,4,1,1,43,0,7,2,5,5,400,2,5,0,1994,1,4,3,2,7,2,0,1,0,0,0,0,0.26602939585389
8,4,1,17,1,5,8,4,1,1,65,0,0,0,0,15,400,2,7,0,1994,0,4,3,1,8,3,0,1,0,0,1,1,0.5724671204141767
9,4,5,13,1,6,9,4,1,1,35,0,2,1,0,14,400,1,4,0,1994,2,4,3,2,6,1,0,1,0,0,0,0,0.04736502378118149
4,2,1,13,1,0,4,2,0,1,31,1,1,0,0,8,400,1,4,0,1994,1,4,3,2,7,3,0,1,0,0,0,0,0.08229407535833518
1,4,0,16,1,0,11,5,1,1,75,0,0,0,3,1,400,2,8,0,1995,0,4,3,1,8,0,0,1,0,0,0,0,0.39601442687642135
7,4,4,13,1,6,0,1,1,1,63,1,0,0,0,6,400,1,7,0,1995,0,4,3,0,8,3,0,1,0,0,0,0,0.0400929365205665
9,4,1,9,1,1,9,4,1,1,63,0,1,0,0,4,400,3,7,0,1995,1,4,3,2,8,0,0,1,0,0,0,0,0.4631736026182466
8,4,4,13,1,5,8,5,1,1,31,0,1,0,0,5,400,3,4,0,1995,1,4,3,2,7,3,0,1,0,0,0,1,0.5401713770059332
3,1,0,6,1,5,0,1,1,1,37,0,0,0,0,4,400,2,5,0,1996,0,4,3,1,6,0,0,1,0,0,0,1,0.6290752673225114
2,3,1,6,1,4,2,5,1,1,29,1,4,1,5,13,400,3,4,0,1995,1,4,3,0,6,0,0,3,0,0,0,0,0.09965656902727307
5,1,2,13,1,5,5,1,1,1,62,0,1,0,0,16,400,2,7,0,1994,1,4,3,1,7,3,0,1,1,0,0,0,0.39476756163776977
4,2,1,11,1,6,4,3,1,1,53,0,0,0,0,14,400,4,6,0,1994,0,4,3,2,7,0,4,2,0,0,0,1,0.5281891258879096
8,3,1,17,1,4,8,3,1,1,47,1,2,1,1,10,400,1,6,0,1995,2,4,3,2,7,0,0,1,0,0,0,0,0.05171792047469899
11,3,0,6,1,5,10,1,1,2,28,0,2,1,1,2,400,2,4,0,1996,2,4,3,2,7,0,0,1,0,0,0,0,0.07008239530634644
6,2,0,9,1,2,5,1,1,1,77,0,0,0,0,4,400,3,8,0,1994,0,4,3,2,8,3,0,1,0,0,0,1,0.5267880043330129
6,2,1,6,1,5,6,4,1,1,26,0,2,1,1,11,400,4,4,0,1996,2,4,3,2,7,0,0,1,0,0,0,0,0.10167168714827543
2,4,0,13,1,1,2,4,1,1,29,0,1,0,0,8,400,2,4,0,1995,1,4,3,1,6,3,0,1,0,0,0,1,0.5151044215747597
7,2,3,9,1,1,7,2,1,1,45,0,1,0,0,2,400,4,5,0,1994,1,4,3,1,6,0,0,1,0,0,0,1,0.6025881636173488
2,3,3,9,1,1,2,3,1,2,21,0,2,1,1,1,400,4,3,1,1994,2,4,3,2,6,0,0,1,0,0,0,0,0.09823376303877238
10,4,4,2,1,1,9,1,0,2,65,0,1,0,0,10,400,4,7,0,1995,1,4,3,2,8,3,0,1,0,0,0,0,0.428137448552463
8,2,5,9,1,0,8,2,1,1,47,0,2,1,1,2,400,3,6,0,1994,2,4,3,2,7,1,0,1,0,0,0,0,0.03542526846849867
11,4,6,13,1,5,10,1,1,1,29,0,1,0,5,11,400,1,4,0,1994,1,4,3,2,7,0,0,1,0,0,0,0,0.39582191809656403
3,4,5,17,1,4,3,4,1,1,44,1,2,1,0,16,400,1,5,0,1995,2,4,3,2,7,3,0,1,0,0,0,0,0.017838099146849137
3,2,3,2,1,1,3,3,1,1,37,0,2,1,1,13,400,4,5,0,1996,2,4,3,2,8,0,0,1,0,0,0,0,0.04898998340102981
5,2,6,17,1,5,5,3,1,1,61,1,0,0,4,6,400,2,7,0,1995,0,4,3,0,8,0,0,1,0,0,0,0,0.057090069586197736
5,4,2,0,1,5,1,4,1,1,55,0,0,0,1,1,400,1,6,0,1994,0,4,3,2,8,3,0,1,0,0,1,1,0.5414274104612931
6,2,0,17,1,5,6,2,0,1,40,0,2,1,0,10,400,2,5,0,1995,2,4,3,3,7,3,0,1,0,0,0,0,0.08414287147344457
8,1,6,13,1,4,8,1,0,1,43,0,2,1,0,9,400,2,5,0,1994,2,4,3,2,8,3,0,1,0,0,0,0,0.03970908472833992
9,4,0,5,1,1,9,5,1,1,51,0,0,0,3,1,400,2,6,0,1995,0,4,3,1,8,2,0,1,0,0,0,0,0.45348412471076216
9,2,4,6,1,0,9,2,1,2,36,0,1,0,0,13,400,1,5,0,1995,1,4,3,0,7,3,0,1,0,0,1,0,0.4766180990748749
7,5,1,6,1,1,7,5,1,1,52,0,2,1,0,13,400,1,6,0,1994,2,4,3,2,8,0,0,1,0,0,0,0,0.052895071042319976
8,5,3,9,1,5,8,5,1,1,41,0,1,0,0,1,400,1,5,0,1995,1,4,3,2,7,1,0,1,0,0,0,1,0.5265034995412943
3,4,1,2,1,5,3,4,0,1,51,0,0,0,5,1,400,1,6,0,1994,0,4,3,1,8,0,0,1,0,0,0,1,0.5299804363932821
7,3,4,15,0,6,7,4,1,2,44,0,0,0,5,1,400,3,5,0,1995,0,4,3,2,7,3,0,1,0,0,0,1,0.6051771530855239
2,4,5,6,1,5,4,3,1,2,22,0,1,0,0,5,400,1,3,0,1995,1,2,3,1,4,0,0,1,0,0,0,0,0.4455888951398455
10,5,0,13,1,1,10,5,1,1,22,1,1,0,0,5,400,3,3,0,1995,1,4,3,2,5,3,0,1,0,0,0,0,0.07836298462708548
6,5,0,17,1,1,5,1,0,2,23,0,1,0,4,2,400,1,3,0,1994,1,4,3,0,5,0,0,1,0,0,0,0,0.45354691274711584
6,3,3,17,0,6,5,2,1,1,50,0,1,0,0,2,400,2,6,0,1994,1,4,3,0,8,0,0,1,0,0,0,1,0.53222514935158
6,4,0,6,1,6,6,5,1,2,18,0,1,0,0,1,400,3,2,0,1995,1,4,3,2,3,1,0,1,0,0,0,0,0.3939963732975375
7,1,0,13,1,1,7,3,1,1,32,0,0,0,0,3,400,4,4,0,1996,0,3,3,1,5,0,0,1,0,0,0,1,0.6638919705986949
9,2,1,6,1,1,9,3,1,2,24,0,2,1,0,11,400,3,3,0,1994,2,4,3,1,5,2,0,1,0,0,0,0,0.041846183721207006
6,5,5,6,1,4,6,5,0,1,28,0,2,1,0,16,400,1,4,0,1994,2,4,3,2,6,3,0,1,0,0,0,0,0.031231301548196786
6,2,0,17,1,1,6,2,1,2,31,1,0,0,0,8,400,3,4,0,1994,0,4,3,2,7,0,0,1,0,0,0,0,0.12207475991663432
2,1,2,13,1,1,2,1,1,2,34,0,2,1,0,8,400,2,4,0,1994,2,4,3,3,6,3,0,1,0,0,0,0,0.013060722024433693
6,4,5,17,1,5,6,4,1,1,41,1,1,0,5,10,400,2,5,0,1996,1,4,3,1,6,3,0,1,0,0,0,0,0.08249576617321014
9,4,3,6,1,0,2,1,1,1,55,0,1,0,0,10,400,1,6,0,1996,1,4,3,2,8,1,0,1,0,0,0,1,0.5176587575091655
3,1,5,5,1,0,3,1,1,1,64,0,6,2,5,1,400,1,7,0,1994,0,4,3,1,8,0,0,1,0,0,0,0,0.49564990004563425
6,1,2,9,1,1,6,1,1,1,40,0,1,0,0,9,400,4,5,0,1994,1,4,3,0,7,3,0,1,0,0,0,1,0.5332483238261709
7,1,6,17,1,6,7,1,1,1,60,0,0,0,4,10,400,1,7,0,1995,0,4,3,1,6,3,0,1,0,0,1,0,0.4909463948384446
4,3,4,9,1,4,4,3,0,2,33,0,2,1,0,8,400,3,4,0,1996,2,4,3,3,6,1,0,1,0,0,0,0,0.025037601503352033
5,2,1,6,1,0,5,3,1,2,34,1,1,0,2,2,400,1,4,1,1995,1,4,3,1,6,0,0,1,0,0,0,0,0.08206962055870967
2,2,5,13,1,4,2,3,1,1,50,1,0,0,0,12,700,3,6,0,1996,0,4,3,2,8,0,4,2,0,0,0,0,0.08513857912465507
3,3,1,13,1,4,3,4,1,1,65,0,1,0,0,15,400,3,7,0,1996,1,4,3,1,8,0,0,1,0,0,0,0,0.42665208942120925
1,4,1,9,1,5,1,4,1,2,23,0,0,0,0,3,400,4,3,0,1996,0,4,3,0,5,2,0,1,0,0,1,1,0.6041918204293937
8,1,4,2,1,4,8,1,1,1,65,0,1,0,0,15,400,1,7,0,1994,1,4,3,0,8,0,0,1,0,0,0,0,0.46777946336870113
11,3,4,17,1,1,10,1,1,2,28,1,1,0,0,5,400,3,4,0,1994,1,4,3,1,6,0,0,1,0,0,0,0,0.0617889543037003
11,3,2,6,1,5,10,5,1,2,22,1,0,0,5,16,400,4,3,0,1996,0,4,3,1,0,0,0,1,0,0,0,0,0.08599772675990738
5,2,6,13,1,0,5,3,1,1,52,0,2,1,0,9,400,3,6,0,1996,2,4,3,3,8,0,0,1,0,0,0,0,0.02349732481851628
2,3,0,2,1,5,2,4,1,1,51,1,1,0,1,15,400,2,6,0,1996,1,4,3,3,8,3,0,1,1,0,0,0,0.06665128518234949
8,3,6,17,1,4,8,3,1,1,35,0,2,1,1,16,400,1,4,0,1995,2,4,3,2,6,0,0,1,0,0,0,0,0.0331612641478853
2,2,1,9,1,6,2,2,1,2,26,0,2,1,1,2,700,3,4,0,1994,2,4,3,3,7,0,0,1,0,0,0,0,0.08489099996431314
8,3,4,17,1,1,8,4,1,2,23,1,1,0,0,7,400,2,3,0,1994,1,4,3,0,5,3,0,1,0,0,0,0,0.070110191680917
3,2,6,5,1,0,3,2,1,1,62,0,0,0,1,15,400,3,7,0,1995,0,4,3,0,8,0,0,1,0,0,0,0,0.4917912320181824
1,5,6,2,1,0,11,2,0,2,46,1,0,0,0,9,400,3,6,0,1996,0,4,3,0,5,0,0,1,0,0,0,0,0.06403667395406196
0,3,6,9,1,5,8,3,0,1,37,0,2,1,0,2,400,1,5,0,1994,2,4,3,2,7,0,0,1,0,0,0,0,0.040029399568275836
10,4,6,17,1,6,10,4,0,1,48,1,1,0,4,14,400,4,6,0,1995,1,4,3,0,7,2,0,1,0,0,0,0,0.0658760900493968
8,2,2,6,1,1,8,2,1,2,31,0,2,1,0,2,400,2,4,0,1994,2,4,3,2,7,3,0,1,0,0,0,0,0.025988793211922937
5,3,0,5,0,6,5,4,1,1,60,0,2,1,3,16,400,1,7,0,1995,2,4,3,2,8,3,4,2,0,0,0,0,0.03803360080948668
2,4,0,9,0,1,4,1,1,1,29,0,0,0,0,6,400,4,4,0,1994,0,4,3,2,5,0,0,1,0,0,0,1,0.7509242973834929
0,2,2,9,1,6,0,2,1,1,46,1,2,1,0,5,400,2,6,0,1995,2,4,3,3,7,0,0,1,0,0,0,0,0.0232950555334904
7,3,4,13,1,0,8,2,1,1,36,0,0,0,4,16,400,1,5,0,1996,0,4,3,0,7,0,0,1,0,0,0,1,0.6350082944564741
8,4,0,17,0,1,6,1,1,2,27,0,0,0,0,7,400,1,4,0,1996,0,4,3,2,5,1,0,1,0,0,0,1,0.6310835911409547
8,2,2,6,0,5,8,2,1,2,69,0,0,0,0,6,400,3,8,0,1994,0,4,3,2,8,1,0,1,0,0,0,1,0.6303604297110104
2,1,2,13,1,1,2,1,1,1,47,0,0,0,4,6,400,2,6,0,1995,0,4,3,0,8,0,0,1,0,0,0,1,0.6294875539049055
0,1,0,6,0,5,0,1,1,2,16,0,2,1,5,3,400,2,0,0,1996,2,4,3,0,0,0,0,1,0,0,0,0,0.10017274415693754
6,4,0,6,1,5,6,5,1,2,25,1,4,1,5,3,400,2,3,0,1994,1,4,3,0,5,2,0,1,0,0,0,0,0.11188011551224042
8,3,4,17,0,1,8,4,1,1,33,0,2,1,1,7,400,2,4,0,1994,2,4,3,3,6,1,0,1,0,0,0,0,0.04535693056733514
10,1,1,13,1,6,10,2,1,1,37,0,2,1,1,2,400,2,5,0,1995,2,4,3,3,7,1,0,1,0,0,0,0,0.04548415755433956
4,5,2,9,1,1,3,1,1,2,34,1,1,0,0,4,400,2,4,0,1996,1,4,3,2,6,0,0,1,0,0,0,0,0.07599145992462683
10,1,4,18,1,6,10,4,1,1,47,1,2,1,1,9,400,2,6,0,1994,2,4,3,2,8,3,0,1,0,0,0,0,0.035718919607398855
11,1,6,18,1,0,10,1,1,1,76,0,1,0,0,7,400,4,8,0,1994,1,4,3,0,8,2,0,1,0,0,0,0,0.273048213423997
6,2,6,5,1,0,6,2,1,2,28,1,1,0,2,3,400,4,4,0,1994,1,4,3,0,7,3,0,1,0,0,0,0,0.08864668120908696
1,4,5,6,1,0,1,4,1,1,44,0,2,1,0,9,400,4,5,0,1995,2,4,3,0,8,0,4,2,0,0,0,0,0.01787815115834175
1,1,3,13,1,5,1,2,1,2,32,1,0,0,4,5,400,4,4,0,1994,0,4,3,0,7,0,0,1,0,0,0,0,0.12497598049787037
9,1,6,17,1,1,9,1,1,1,27,0,0,0,0,8,400,2,4,0,1994,0,4,3,0,6,1,0,1,0,0,0,1,0.5008035725404671
7,5,5,6,1,1,0,2,0,1,28,1,2,1,0,8,400,3,4,0,1995,2,4,3,2,7,1,0,1,0,0,0,0,0.011878277579033673
10,5,1,9,1,1,10,5,1,1,65,0,2,1,5,1,400,2,7,0,1995,2,4,3,3,8,0,0,1,0,0,0,0,0.026331280390028265
2,2,6,5,1,0,2,2,1,1,49,0,2,1,1,1,400,4,6,0,1994,2,4,3,2,8,1,0,1,0,0,0,0,0.030233261917437644
6,4,4,13,1,4,6,4,0,2,30,0,2,1,1,2,400,1,4,0,1994,2,4,3,1,5,0,0,1,0,0,0,0,0.05643454521179882
11,4,1,2,1,5,11,4,0,2,32,0,1,0,0,7,400,2,4,0,1996,1,4,3,0,3,0,0,1,1,0,0,0,0.42701870973422684
3,4,4,2,1,6,7,1,1,1,37,0,2,1,1,2,400,2,5,0,1994,2,4,3,2,6,0,0,1,0,0,0,0,0.11070625249035436
7,5,4,17,1,4,0,2,1,1,44,0,0,0,0,7,400,2,5,0,1996,0,4,3,2,6,3,0,1,0,0,0,1,0.6149710234191575
3,3,1,9,0,6,3,4,0,1,37,0,1,0,0,15,400,4,5,0,1996,1,4,3,0,7,2,0,1,0,0,0,0,0.41536313519690377
2,2,2,9,1,1,2,2,0,1,50,0,2,1,0,8,400,3,6,0,1995,2,4,3,2,7,3,0,1,0,0,0,0,0.04866406596059575
8,3,4,9,0,4,8,3,1,1,36,1,2,1,5,4,400,1,5,0,1995,2,4,3,1,7,3,4,2,0,0,0,0,0.016346915553715934
8,5,5,5,1,6,6,2,1,1,74,0,0,0,2,10,400,2,8,0,1995,0,4,3,0,8,1,0,1,0,0,0,0,0.49517399866364215
9,2,2,13,1,1,9,4,0,2,33,0,1,0,0,3,400,4,4,0,1996,1,4,3,0,5,0,0,3,0,0,1,1,0.5336809527258982
5,5,2,6,1,5,1,1,1,1,41,0,1,0,1,7,400,1,5,0,1996,1,4,3,2,5,0,0,1,0,0,1,1,0.5591530858972367
2,4,2,12,1,1,2,4,1,1,49,0,2,1,1,8,500,2,6,0,1996,2,4,3,2,8,2,3,1,0,0,0,0,0.03216034225757608
0,4,0,9,1,5,8,4,0,2,27,0,0,0,4,11,700,3,4,0,1995,0,4,3,1,7,1,3,1,0,0,0,0,0.43979706960179193
6,2,4,9,1,1,6,3,1,2,29,0,6,2,5,4,400,3,4,0,1994,0,4,3,2,7,1,0,1,0,0,0,1,0.5552432983416173
0,3,2,2,1,4,8,3,1,1,35,0,1,0,0,13,400,3,4,0,1994,1,4,3,2,7,1,0,1,0,0,0,1,0.5885744246086001
2,4,0,2,1,5,2,4,1,1,63,1,2,1,5,12,400,4,7,0,1995,2,4,3,2,6,0,0,1,0,0,0,0,0.02408534588642089
4,3,3,6,1,1,4,3,1,2,31,0,0,0,0,1,400,1,4,0,1995,0,4,3,0,5,0,4,2,0,0,0,1,0.5462417713490203
8,4,3,2,1,5,6,3,1,1,38,0,1,0,1,14,400,2,5,0,1996,1,4,3,2,6,1,0,1,0,0,1,1,0.610587879100092
9,3,6,0,1,4,9,4,1,1,46,1,0,0,0,7,400,2,6,0,1994,0,4,3,0,8,1,0,1,0,0,0,0,0.04924296672326269
1,1,5,13,1,1,1,2,1,2,38,1,1,0,1,13,400,3,5,0,1996,1,4,3,0,7,3,0,1,0,0,0,0,0.08409685039840915
10,4,4,13,1,1,10,5,0,2,29,0,2,1,0,12,400,4,4,0,1995,2,4,3,2,6,0,0,1,0,0,0,0,0.02319664928311778
0,4,0,17,1,4,0,4,1,1,27,0,0,0,0,15,400,3,4,0,1996,0,4,3,0,6,3,0,1,0,0,0,1,0.6467225510430632
10,1,6,6,1,1,10,2,1,2,20,0,4,1,5,10,400,3,2,0,1994,1,4,3,0,3,0,0,1,0,0,0,0,0.4456622663032983
5,4,5,9,1,6,11,1,1,1,46,0,2,1,0,3,400,3,6,0,1995,2,4,3,3,7,0,0,1,0,0,0,0,0.043433830661518104
10,4,4,17,1,0,10,4,0,1,54,1,1,0,0,6,400,2,6,0,1996,1,4,3,1,6,0,0,1,0,0,0,0,0.06925313128674349
4,2,0,9,1,0,4,3,1,1,39,1,1,0,5,4,400,4,5,0,1995,1,4,3,2,6,3,0,1,0,0,0,0,0.08168236828551911
4,3,6,13,1,6,4,3,1,1,38,0,2,1,0,13,400,4,5,0,1994,2,4,3,2,6,0,0,1,0,0,0,0,0.0636729138348
3,4,1,2,1,4,7,1,1,1,45,1,2,1,1,8,400,3,5,1,1996,2,4,3,1,7,2,0,1,0,0,0,0,0.0352736252191
0,1,4,6,0,6,0,3,1,1,32,1,1,0,0,3,400,4,4,0,1994,1,4,3,2,4,1,0,1,0,0,0,0,0.08803730942324223
8,3,2,9,0,1,8,3,1,1,50,0,2,1,0,11,400,4,6,0,1996,2,4,3,2,8,2,0,1,0,0,0,0,0.06314377414269966
1,1,2,9,1,5,1,2,1,2,21,0,1,0,0,9,400,1,3,0,1994,1,4,3,1,6,3,0,1,0,0,0,0,0.47193629564707196
1,1,3,6,0,5,1,3,1,2,16,0,2,1,5,6,400,3,0,0,1995,2,4,3,1,0,0,0,1,0,0,0,0,0.08959420259201493
6,2,0,9,1,4,4,1,1,1,38,0,1,0,0,6,400,2,5,0,1994,1,4,3,2,8,1,4,2,0,1,0,1,0.5733944084425745
10,1,1,13,1,5,10,1,1,1,45,0,1,0,0,7,400,1,5,0,1994,1,4,3,2,6,0,0,1,0,0,0,0,0.44301143627867867
4,1,1,13,1,1,4,1,1,2,26,0,2,1,1,14,400,2,4,0,1995,2,4,3,2,7,0,0,1,0,0,0,0,0.03704948471693353
9,1,5,13,0,4,2,1,1,1,50,0,2,1,0,3,400,1,6,0,1994,2,4,3,2,8,3,0,1,0,0,0,0,0.034353678943326145
8,5,1,2,1,5,8,5,1,1,33,1,1,0,1,10,400,1,4,0,1995,1,4,3,2,7,3,0,1,0,0,0,0,0.09085077341139773
2,1,5,17,1,6,2,4,0,2,32,0,0,0,4,12,400,3,4,0,1994,0,4,3,0,6,0,0,1,0,0,0,1,0.6519530693081663
9,1,4,6,1,5,9,2,0,1,44,0,2,1,0,5,400,2,5,0,1994,2,4,3,2,7,0,0,1,0,0,0,0,0.01610540347289424
5,3,1,6,1,1,5,3,1,1,31,0,1,0,5,3,400,4,4,0,1996,1,4,3,1,6,0,0,1,0,0,1,1,0.5671445265032091
3,1,2,2,0,6,3,2,1,1,50,0,1,0,0,5,400,4,6,0,1994,1,4,3,0,8,0,0,1,0,0,0,1,0.5142488213421579
11,2,1,9,1,3,10,1,1,1,29,0,1,0,1,13,400,3,4,0,1994,1,4,3,0,6,3,0,1,0,0,0,0,0.4190277863067451
2,1,0,6,0,0,2,3,1,2,16,0,0,0,5,7,400,3,0,0,1994,0,4,3,0,0,0,0,1,0,0,1,1,0.6506267764119638
10,4,5,17,1,4,10,4,1,2,30,0,1,0,0,5,400,1,4,0,1994,1,4,3,1,6,0,0,1,0,0,0,0,0.4312379702037736
9,4,2,5,0,1,9,5,1,2,30,0,2,1,1,8,400,1,4,0,1996,2,4,3,3,5,0,0,1,0,0,0,0,0.05093248470234096
9,4,2,17,1,4,2,3,1,1,31,0,1,0,4,3,400,3,4,0,1996,1,4,3,0,7,3,0,1,0,0,0,0,0.4369042121736028
7,1,1,13,1,6,7,2,1,1,64,1,0,0,1,2,400,3,7,0,1995,0,4,3,1,7,2,0,1,0,0,0,0,0.08795697493183616
11,3,6,13,0,1,11,4,1,1,27,1,0,0,0,1,400,2,4,0,1994,0,4,3,0,7,1,0,1,0,0,0,0,0.06144342713227372
4,1,6,13,1,4,4,2,1,1,27,1,2,1,1,2,400,4,4,0,1994,2,4,3,0,7,2,0,1,0,0,0,0,0.012557826463859558
5,4,4,17,0,1,1,1,1,2,33,0,0,0,0,12,400,3,4,0,1994,0,4,3,0,6,0,0,1,0,0,1,1,0.7254198037392622
2,2,5,2,1,6,2,3,0,2,30,1,1,0,0,8,400,4,4,0,1994,1,4,3,2,5,0,0,1,0,0,0,0,0.077068768357491
1,1,5,9,1,4,1,1,1,1,41,0,1,0,0,5,400,3,5,0,1995,1,4,3,1,7,1,0,1,0,0,0,1,0.5644040838014022
11,3,0,2,0,0,11,3,1,1,46,0,2,1,0,11,400,4,6,0,1995,2,4,3,1,8,3,0,1,0,0,0,0,0.04504618253255373
1,4,5,2,1,5,1,4,1,2,26,0,2,1,0,16,400,3,4,0,1996,2,4,3,3,7,3,0,1,0,0,0,0,0.02747899548446948
8,5,6,0,1,0,6,1,1,1,52,0,0,0,1,9,400,2,6,0,1995,0,4,3,3,8,3,0,1,0,0,0,0,0.438391917504499
5,1,6,17,0,1,5,5,1,2,48,0,1,0,1,12,400,3,6,0,1994,1,4,3,1,8,1,0,1,0,0,0,0,0.4777883325721389
11,5,2,2,1,1,10,1,0,1,54,0,2,1,0,8,400,2,6,0,1995,2,4,3,3,7,0,0,1,0,0,0,0,0.03532297143131063
4,5,3,9,1,1,4,5,1,1,46,1,1,0,0,3,400,1,6,0,1995,1,4,3,1,8,3,0,1,0,0,0,0,0.054545826868117944
4,4,2,9,0,1,4,4,1,1,36,0,2,1,0,13,400,1,5,0,1996,2,4,3,2,7,0,0,1,0,0,0,0,0.057126060548702985
6,5,6,6,1,1,5,2,1,2,33,0,2,1,0,15,400,3,4,0,1994,2,4,3,2,6,2,0,1,0,0,0,0,0.015264421963158734
5,1,5,17,1,4,5,2,1,1,52,1,1,0,0,8,400,1,6,0,1996,1,4,3,0,8,0,0,1,0,0,0,0,0.0729391255223907
1,2,5,13,1,5,1,3,1,1,28,0,0,0,1,10,400,2,4,0,1995,0,4,3,1,7,3,0,1,0,0,0,1,0.6806125901350576
9,3,4,6,0,0,9,3,1,2,22,1,2,1,0,11,400,3,3,0,1995,2,4,3,2,5,0,4,2,1,1,0,0,0.015935343195714016
6,3,0,17,1,5,6,4,1,1,66,0,0,0,4,13,700,3,8,0,1995,0,4,3,1,7,0,0,1,0,0,0,0,0.41452634531537697
8,2,0,9,1,1,8,3,0,1,48,0,2,1,1,9,500,1,6,0,1995,2,4,3,2,7,0,3,1,0,0,0,0,0.020952951488125152
10,1,5,2,1,1,10,2,1,1,54,1,1,0,0,4,400,1,6,0,1995,1,4,3,1,5,1,0,1,0,0,0,0,0.07007083651711028
8,2,0,9,1,1,6,2,1,1,48,0,1,0,1,8,400,3,6,0,1995,1,4,3,3,7,2,4,2,0,0,0,0,0.49340766699256855
2,3,4,6,1,1,4,1,1,1,39,0,4,1,5,13,400,3,5,0,1994,1,4,3,0,8,0,0,1,0,0,1,1,0.6260140157843831
3,5,5,13,1,4,7,1,0,1,50,0,2,1,0,13,400,3,6,0,1996,2,4,3,1,8,0,0,1,0,0,0,0,0.029691298413188544
10,3,1,17,0,1,10,3,1,1,41,0,1,0,0,7,400,1,5,0,1995,1,4,3,0,8,1,0,1,0,0,0,1,0.5482593792563598
5,5,6,2,1,4,7,2,1,1,28,0,1,0,0,1,400,1,4,0,1995,1,4,3,2,6,1,0,1,0,0,0,1,0.5228268671167807
8,2,0,13,1,4,8,3,1,2,29,1,2,1,1,3,400,1,4,0,1995,2,4,3,1,6,2,0,1,0,0,0,0,0.021288247377111574
5,3,1,15,0,6,5,4,1,1,27,0,1,0,1,1,400,2,4,0,1994,1,4,3,0,6,3,0,1,0,0,0,0,0.4877390252134407
1,4,3,17,0,0,11,1,1,2,27,1,1,0,1,10,400,2,4,1,1996,1,4,3,0,6,0,0,1,0,0,0,0,0.07522035473333342
3,3,4,2,0,4,3,3,1,1,47,0,2,1,2,7,400,1,6,0,1994,2,4,3,2,8,3,0,1,0,0,0,0,0.08286661658533792
6,3,0,0,1,5,6,4,1,1,44,0,0,0,1,15,400,2,5,0,1995,0,4,3,1,7,1,4,2,0,0,0,0,0.4251376979046718
3,2,6,18,1,0,3,2,1,1,26,0,1,0,2,3,400,4,4,0,1996,1,4,3,1,7,3,4,2,0,0,0,0,0.311935573146822
1,2,1,9,1,5,1,2,1,1,37,0,2,1,0,4,400,2,5,0,1994,2,4,3,0,7,0,0,1,0,0,0,0,0.0427856528948948
10,3,6,9,1,4,10,4,1,2,29,1,2,1,0,1,400,2,4,0,1995,2,4,3,2,6,0,0,1,0,0,0,0,0.012895647755409505
0,4,3,13,1,1,0,4,1,1,28,1,0,0,0,13,400,2,4,0,1995,0,4,3,1,6,3,0,1,0,0,0,0,0.09998310095002483
9,3,0,13,1,1,9,4,1,1,65,0,0,0,0,1,400,4,7,0,1996,0,4,3,0,8,3,0,1,0,0,0,0,0.46291711312271894
9,2,4,13,1,4,9,2,1,2,31,0,1,0,0,8,400,3,4,0,1995,1,4,3,2,6,0,0,1,0,0,0,1,0.5870456753204475
0,5,2,13,1,4,8,1,1,1,33,1,1,0,0,3,400,4,4,0,1995,1,4,3,0,7,2,0,1,0,0,0,0,0.0665177782062074
10,3,6,6,1,1,10,4,1,1,21,1,1,0,0,11,400,4,3,0,1995,1,4,3,1,5,1,0,1,0,0,0,0,0.07166881494662398
3,2,2,6,1,5,3,3,1,1,40,1,2,1,0,14,400,2,5,0,1995,2,4,3,3,7,3,0,1,0,0,0,0,0.014727044777128193
2,2,0,13,1,5,2,2,1,1,73,0,0,0,0,10,400,4,8,0,1994,0,4,3,2,8,3,0,1,0,0,0,1,0.5383339771573575
7,1,3,13,1,4,7,2,0,1,38,0,2,1,0,9,400,1,5,0,1996,2,4,3,0,7,3,0,1,0,0,0,0,0.08801757137606665
4,2,6,13,1,6,4,2,1,1,28,0,2,1,0,9,400,3,4,0,1994,2,4,3,2,6,3,0,1,0,0,0,0,0.053296030038640245
7,5,0,9,1,4,0,3,1,2,32,1,1,0,0,15,400,3,4,0,1994,1,4,3,0,5,0,0,1,0,0,0,0,0.0936359044527923
6,2,5,17,1,4,6,5,1,1,39,0,1,0,0,4,400,1,5,0,1994,1,3,3,1,7,0,0,1,1,0,0,0,0.4973807457067101
7,1,1,2,1,5,7,2,1,1,46,0,0,0,5,12,400,1,6,0,1994,0,4,3,2,8,0,0,1,0,0,0,1,0.6265651757035947
3,1,6,17,1,4,3,1,1,1,42,0,1,0,4,4,400,2,5,0,1996,1,4,3,1,7,0,0,1,0,0,0,1,0.5608533859810801
3,2,5,0,1,4,3,2,1,1,35,0,0,0,1,16,400,3,4,0,1996,0,4,3,2,7,0,0,1,1,1,0,0,0.37102070959200495
9,3,2,13,1,1,9,3,0,1,50,1,0,0,1,14,400,3,6,0,1994,0,4,3,2,7,3,0,1,0,0,0,0,0.0747300156311351
6,2,0,13,1,0,6,2,1,1,29,0,1,0,1,5,400,2,4,0,1994,1,4,3,1,7,0,0,1,0,0,0,1,0.6078697784293997
5,5,2,9,1,6,2,2,1,2,28,0,1,0,0,4,400,2,4,0,1995,1,4,3,2,6,0,0,1,0,0,0,1,0.532329263556293
9,2,6,5,1,5,9,3,1,1,36,0,1,0,1,1,400,1,5,0,1995,1,4,3,1,7,2,0,1,0,0,0,0,0.4694372913939083
10,5,5,13,1,0,9,1,1,1,27,0,0,0,0,13,400,4,4,0,1995,0,4,3,1,7,1,0,1,0,0,0,1,0.6060373420696182
4,4,2,6,1,5,4,4,1,1,39,1,1,0,0,14,700,1,5,1,1995,1,4,3,1,7,3,0,1,0,0,0,0,0.13294066939396726
2,3,1,13,1,4,2,4,1,2,18,1,1,0,0,8,400,3,2,0,1994,1,4,3,2,4,1,0,1,0,0,0,0,0.07481616540888195
3,1,4,6,1,0,3,1,1,1,65,0,1,0,0,5,400,2,7,0,1996,1,4,3,3,8,3,0,1,0,0,0,0,0.44471600213860163
8,3,5,17,1,5,8,3,0,1,43,0,2,1,0,13,400,3,5,0,1996,2,4,3,3,7,3,0,1,0,0,0,0,0.06345553007668418
4,3,1,13,1,6,4,3,1,2,26,0,2,1,0,2,400,1,4,0,1995,2,4,3,2,7,0,0,1,0,0,0,0,0.13230310831843453
8,2,0,0,1,6,6,1,1,1,30,0,0,0,1,8,400,3,4,0,1996,0,4,3,1,6,0,0,1,0,0,0,1,0.6075832773382482
4,5,1,9,0,4,3,3,0,1,31,0,1,0,5,5,400,4,4,0,1994,1,4,3,1,7,3,0,1,0,0,0,0,0.4222964413280909
4,3,1,17,1,6,4,3,1,1,44,0,1,0,1,8,400,2,5,0,1996,1,4,3,0,7,0,0,1,0,0,0,1,0.5723891679741624
8,5,3,6,1,1,8,5,1,1,48,0,1,0,1,8,400,4,6,0,1994,1,4,3,1,8,1,0,1,0,0,0,1,0.531996245883047
0,5,2,0,0,6,8,1,1,1,47,1,1,0,0,3,700,2,6,0,1995,1,4,3,0,7,0,0,1,0,0,0,0,0.07870278115844638
3,4,0,6,1,0,7,1,0,1,34,0,0,0,4,4,400,4,4,0,1995,0,4,3,2,6,3,0,1,1,0,1,0,0.46320028274371905
2,4,3,13,1,6,2,4,1,1,51,0,2,1,1,3,400,1,6,0,1995,2,4,3,3,8,2,0,1,0,0,0,0,0.07530948159573579
0,4,3,17,1,4,8,2,0,1,46,0,2,1,0,14,400,2,6,0,1996,2,4,3,3,7,0,0,1,0,0,0,0,0.038163513362874824
2,5,0,17,1,1,4,1,1,1,51,0,0,0,0,9,400,3,6,0,1995,0,4,3,0,6,3,0,1,0,0,0,1,0.5562212329542381
0,1,5,9,1,5,10,1,1,2,33,0,1,0,0,3,400,2,4,0,1995,1,4,3,2,6,3,0,1,0,0,0,0,0.4939527731703817
11,2,1,6,1,5,11,2,1,1,43,0,1,0,1,1,400,3,5,0,1995,1,4,3,2,7,0,0,1,0,0,0,1,0.5936592495018398
6,2,6,17,0,6,6,2,0,2,35,0,1,0,4,12,400,3,4,0,1995,1,4,3,1,6,0,0,1,0,0,0,1,0.5097337891146868
7,1,1,17,1,5,7,2,1,1,49,0,2,1,5,16,700,3,6,0,1994,2,4,3,3,8,0,0,1,0,0,0,0,0.06881614068067593
10,1,4,2,1,1,10,2,1,1,27,0,2,1,2,2,400,3,4,0,1996,2,4,3,2,6,3,0,1,0,0,0,0,0.03740214745770009
2,4,3,5,1,6,4,2,1,1,45,0,0,0,0,1,400,3,5,0,1994,0,4,3,0,7,1,0,1,0,0,0,1,0.6629231149911043
6,1,5,13,1,1,6,2,0,2,24,1,0,0,0,14,400,4,3,0,1994,0,4,3,0,3,3,0,1,0,0,0,0,0.09004069607098715
8,3,5,9,1,6,8,3,1,1,26,0,1,0,0,4,400,1,4,0,1995,1,4,3,0,7,0,4,2,0,0,0,1,0.5027791804641273
5,3,2,17,1,5,5,3,1,1,50,1,0,0,0,11,400,3,6,0,1995,0,4,3,0,8,1,0,1,0,0,0,0,0.0707222437387088
1,4,6,17,1,1,11,4,1,1,45,0,1,0,0,14,400,4,5,0,1995,1,4,3,1,7,2,0,1,1,0,0,0,0.38632798874674606
2,4,5,13,1,6,2,4,1,2,29,1,2,1,0,8,400,3,4,0,1996,2,4,3,2,6,0,0,1,0,0,0,0,0.04300110203983426
5,2,6,9,1,1,5,2,1,1,30,0,0,0,0,11,400,3,4,0,1994,0,3,3,2,6,0,0,1,0,0,0,1,0.7222196603165911
3,3,6,13,1,6,7,1,1,1,52,0,1,0,0,8,400,4,6,0,1996,1,4,3,0,8,3,0,1,0,0,0,0,0.4369625099424816
7,1,0,9,1,0,7,1,1,1,67,0,0,0,0,8,400,1,8,0,1994,0,4,3,1,8,0,0,1,0,0,0,1,0.628850808735209
9,5,1,9,1,1,2,2,0,1,36,0,0,0,0,10,400,4,5,0,1994,0,4,3,0,7,0,0,1,0,0,0,1,0.5278228034861306
3,2,1,13,1,5,3,4,1,1,42,0,2,1,1,3,400,2,5,0,1994,2,4,3,1,7,3,0,1,0,0,0,0,0.07806570924620812
1,4,0,9,1,6,1,5,1,1,30,0,6,2,5,10,400,4,4,0,1994,0,4,3,2,6,3,0,1,0,0,0,0,0.42937571868258617
1,1,0,13,1,5,1,4,1,2,31,1,1,0,0,2,400,2,4,0,1994,1,4,3,1,7,2,0,1,0,0,0,0,0.06153688402821036
8,5,3,6,1,6,8,5,0,2,26,0,1,0,0,12,400,1,4,0,1994,1,4,3,2,6,3,0,1,0,0,0,0,0.46515228079622806
7,5,1,17,1,5,0,1,1,1,28,0,0,0,4,6,400,2,4,0,1994,0,4,3,1,7,1,0,1,0,0,0,1,0.7316677963510139
0,2,1,9,1,1,0,2,1,1,36,0,2,1,0,10,400,2,5,0,1994,2,4,3,0,6,0,0,1,0,0,0,0,0.04192019530095555
0,2,1,13,0,5,0,2,1,1,48,0,2,1,0,3,400,1,6,0,1995,2,4,3,2,8,0,0,1,0,0,0,0,0.07512452384544735
6,2,0,13,1,5,6,2,1,1,39,1,2,1,1,9,400,2,5,0,1995,2,4,3,1,7,3,0,1,0,0,0,0,0.05584355404534721
0,1,1,6,1,5,0,2,1,2,16,0,2,1,5,3,400,4,0,0,1996,2,4,3,2,0,0,0,1,0,0,0,0,0.08455652244549908
7,4,5,6,1,5,0,1,1,2,59,0,1,0,0,15,700,1,7,0,1994,1,4,3,2,7,0,0,1,0,0,0,0,0.35061685289264766
1,1,1,2,1,5,1,1,1,1,32,1,1,0,1,9,400,2,4,0,1994,1,4,3,1,6,3,0,1,0,0,0,0,0.09511773666885714
7,5,5,9,1,5,0,1,1,2,28,0,4,1,5,4,400,4,4,0,1995,1,4,3,0,5,1,0,1,1,0,0,0,0.4739051965641984
0,1,2,6,1,1,0,1,1,1,62,0,0,0,0,2,400,1,7,0,1994,0,4,3,2,8,3,0,1,0,0,0,1,0.5150888295615274
6,5,3,2,1,6,11,5,1,1,72,0,6,2,5,13,400,3,8,0,1994,0,4,3,2,8,1,0,1,0,0,0,0,0.34032505462351703
11,4,2,9,1,5,11,4,0,1,45,0,1,0,4,8,400,3,5,0,1996,1,4,3,3,8,2,0,3,0,0,0,0,0.43092940662341056
1,3,3,13,1,6,11,1,1,1,54,1,1,0,1,11,400,1,6,0,1996,1,4,3,3,8,3,0,1,0,0,0,0,0.05195203644597978
3,3,1,17,1,5,7,1,0,1,39,0,0,0,4,16,400,2,5,0,1995,0,4,3,2,5,3,0,1,0,0,0,1,0.599912949868784
8,2,0,13,1,4,8,3,0,1,55,1,0,0,0,10,400,1,6,0,1995,0,4,3,3,7,0,0,1,0,0,0,0,0.09589935845763076
9,4,0,18,1,5,9,5,1,1,47,0,0,0,1,10,400,4,6,0,1995,0,4,3,0,7,0,0,1,0,0,0,0,0.40226267011546535
2,2,5,9,1,5,2,2,1,1,27,0,1,0,0,9,400,2,4,1,1994,1,4,3,1,6,3,0,1,0,0,0,0,0.39003726772966174
3,4,2,6,1,1,3,5,1,2,16,0,2,1,5,4,400,3,0,0,1995,2,4,3,1,0,0,0,1,0,0,0,0,0.02680487927989579
7,4,3,2,1,0,0,5,1,1,40,0,0,0,1,3,400,3,5,0,1994,0,4,3,2,7,1,0,1,0,1,1,1,0.591844734195067
0,1,1,13,1,5,0,1,1,1,51,0,1,0,0,1,400,4,6,0,1995,1,4,3,0,8,1,0,1,0,0,0,0,0.4633528330192361
1,1,4,13,1,0,1,1,1,1,21,0,0,0,0,9,400,2,3,0,1994,0,2,2,0,5,0,0,1,0,0,0,1,0.6183218057100115
4,1,1,17,1,6,4,3,0,1,33,0,2,1,0,7,400,3,4,0,1995,2,4,3,2,7,0,0,1,0,0,0,0,0.08338327293479299
7,3,4,3,1,1,7,3,1,2,29,0,2,1,0,3,400,1,4,0,1994,2,4,3,3,6,1,0,1,0,0,0,0,0.030385703540090528
8,3,5,17,1,0,5,1,0,1,37,0,0,0,0,13,700,4,5,0,1996,0,4,3,0,8,0,0,1,0,0,0,0,0.42522878176636325
10,2,0,2,1,1,10,3,1,1,35,1,1,0,1,4,400,3,4,0,1996,1,4,3,1,5,2,0,1,0,0,0,0,0.09079468673952647
9,3,0,2,1,0,9,3,1,1,50,1,1,0,5,12,400,2,6,0,1995,1,4,3,2,8,0,0,1,0,0,0,0,0.08234347230793829
8,4,4,17,1,0,5,5,1,1,34,0,0,0,0,3,400,3,4,0,1996,0,4,3,0,5,0,0,1,0,0,0,1,0.6326778102790755
5,3,2,13,1,5,5,3,1,2,35,1,1,0,1,1,400,4,4,0,1996,1,4,3,0,6,1,0,1,0,0,0,0,0.06874572900518644
5,5,4,2,1,5,4,2,1,1,61,0,0,0,1,2,400,1,7,0,1995,0,4,3,1,8,0,0,1,0,0,0,1,0.5561973347176213
4,5,2,0,1,1,3,2,0,1,54,0,1,0,1,10,400,4,6,0,1995,1,4,3,1,5,0,3,1,0,0,0,0,0.41480763072558097
3,2,4,6,1,4,3,2,1,1,41,0,1,0,0,12,400,3,5,0,1994,1,4,3,0,5,1,0,3,0,0,0,1,0.5426590877065982
3,4,6,6,1,6,3,4,1,2,16,0,1,0,5,14,400,3,0,0,1995,1,4,3,1,0,0,0,1,0,0,0,0,0.3987315229301801
6,2,2,2,1,6,6,3,1,2,35,0,1,0,0,8,400,3,4,0,1994,1,4,3,1,6,0,0,1,0,0,0,1,0.6032717954419288
2,5,0,13,1,4,4,3,1,1,30,0,1,0,1,13,400,2,4,0,1996,1,4,3,3,7,2,0,1,0,0,0,0,0.49946089659002074
4,5,2,6,1,4,3,1,1,1,44,1,2,1,0,7,700,4,5,0,1996,2,4,3,2,7,3,0,1,0,0,0,0,0.02953137064971745
4,3,2,9,1,1,4,3,1,1,73,0,2,1,1,11,400,1,8,0,1996,2,4,3,2,6,0,0,1,0,0,0,0,0.05015995629712297
3,3,5,13,1,0,3,3,1,1,45,0,2,1,0,3,400,2,5,0,1995,2,4,3,2,7,3,0,1,0,0,0,0,0.042950237057226406
8,3,2,6,1,0,5,2,1,1,48,0,0,0,4,1,400,1,6,0,1995,0,4,3,3,8,1,0,1,0,0,0,1,0.5241491075966607
4,1,6,11,0,4,4,1,1,1,38,1,1,0,0,7,400,3,5,0,1995,1,4,3,0,7,2,0,1,0,0,0,0,0.07580833471117718
1,1,1,13,0,1,1,1,1,2,48,0,0,0,4,1,400,4,6,0,1994,0,4,3,2,7,0,0,1,0,0,1,1,0.6112063136118233
3,5,1,13,1,1,3,5,1,2,23,0,2,1,0,1,400,2,3,0,1995,2,4,3,3,5,3,0,1,0,0,0,0,0.03430320581271409
11,4,5,2,1,5,10,1,1,1,43,0,2,1,1,9,400,2,5,0,1996,2,4,3,0,7,0,0,1,0,0,0,0,0.11093366766128966
2,4,0,0,1,0,2,5,0,2,37,0,1,0,5,14,400,2,5,0,1995,1,4,3,3,8,1,0,1,1,0,0,0,0.33319438159434983
4,4,6,6,1,0,3,1,1,2,16,0,2,1,5,8,400,3,0,0,1994,2,4,3,1,0,0,0,1,0,0,0,0,0.0202112099218899
7,3,2,13,1,4,9,4,1,1,46,0,2,1,0,10,400,4,6,0,1994,2,4,3,2,8,2,0,1,0,0,0,0,0.07154919576159725
0,3,5,6,1,5,0,3,1,1,35,1,2,1,0,10,700,2,4,0,1995,2,4,3,3,7,0,0,1,0,0,0,0,0.05016771086764846
0,2,1,16,1,5,0,2,1,2,43,0,1,0,2,12,400,2,5,0,1994,1,4,3,1,7,0,0,1,0,0,0,1,0.6032443521526454
9,2,3,18,1,1,2,1,1,1,35,1,1,0,1,16,400,3,4,0,1996,1,0,3,2,7,0,0,1,1,0,0,0,0.0881592074275016
3,3,6,6,1,1,3,3,1,2,29,0,2,1,0,16,400,4,4,0,1995,2,4,3,2,7,0,4,3,0,0,0,0,0.019454598314305127
3,1,6,17,1,1,3,2,1,1,44,0,0,0,5,6,400,1,5,0,1996,0,4,3,2,7,1,0,1,0,0,0,1,0.5885758848590192
0,4,1,17,1,1,0,4,1,1,51,0,2,1,1,14,400,2,6,0,1995,2,4,3,2,8,1,0,1,0,0,0,0,0.1000668675349891
5,1,5,17,1,0,5,2,1,2,36,0,2,1,0,2,400,3,5,0,1995,2,4,3,2,6,0,0,1,0,0,0,0,0.04586623353938005
7,4,6,0,1,5,7,5,1,1,36,0,0,0,5,1,400,3,5,0,1995,0,4,3,3,8,3,0,1,0,0,0,0,0.39533074537420687
10,2,5,13,1,1,10,5,1,2,34,1,1,0,0,7,400,4,4,0,1996,1,4,3,0,6,3,0,1,0,0,0,0,0.058391259778414285
8,4,2,13,1,5,8,4,1,1,55,1,1,0,0,7,400,4,6,0,1994,1,4,3,1,7,1,0,1,0,0,0,0,0.08934803600738858
2,4,3,18,1,4,2,5,1,2,35,0,2,1,1,6,400,4,4,0,1995,2,4,3,0,5,0,0,1,0,0,0,0,0.09330975285528248
11,4,5,6,1,6,11,4,1,1,30,0,1,0,0,10,400,2,4,0,1996,1,4,3,1,6,0,0,1,0,0,0,1,0.552072100808801
5,1,5,6,1,6,5,2,1,2,29,1,1,0,1,1,400,4,4,0,1995,1,4,3,2,7,3,0,1,0,0,0,0,0.08453560282889909
11,3,0,9,1,1,10,3,0,1,61,0,1,0,0,6,400,4,7,0,1996,1,4,3,1,7,3,0,1,0,0,0,0,0.4542917326587714
5,3,5,13,1,4,5,4,1,1,53,1,0,0,1,11,400,2,6,0,1994,0,4,3,2,7,2,0,1,0,0,0,0,0.10314188374891416
3,1,2,13,1,6,3,2,1,2,25,1,1,0,0,1,400,2,3,0,1995,1,4,3,1,4,0,0,1,0,0,0,0,0.07195504576014836
8,5,1,6,1,1,8,5,1,1,34,0,2,1,0,11,400,2,4,0,1994,2,4,3,2,6,0,0,3,0,0,0,0,0.03856905227656297
2,2,5,5,1,4,2,3,0,2,31,0,2,1,1,3,400,1,4,0,1995,2,4,3,0,7,3,0,1,0,0,0,0,0.02032158259847343
0,1,3,9,1,5,0,1,1,1,28,0,1,0,0,4,400,3,4,0,1996,1,4,3,2,6,1,0,1,0,0,0,0,0.49651761594142974
3,3,3,6,1,1,3,3,1,2,34,1,1,0,1,2,400,3,4,0,1995,1,4,3,2,6,3,0,1,0,0,0,0,0.12471281382622337
8,2,3,6,1,1,8,2,1,2,16,0,1,0,5,12,400,2,0,0,1995,1,4,3,1,0,0,0,1,1,0,0,0,0.41623893658311795
7,5,0,6,1,1,0,1,1,1,60,1,2,1,0,7,400,1,7,0,1994,2,4,3,3,7,0,0,1,0,0,0,0,0.01160649838158166
6,1,4,13,1,4,6,1,1,2,34,0,2,1,1,15,400,2,4,0,1994,2,4,3,3,7,0,0,1,0,0,0,0,0.031025370105710562
5,5,4,5,1,5,1,1,1,1,71,0,2,1,2,9,400,1,8,0,1995,2,4,3,1,8,3,0,1,0,0,0,0,0.032951602604696824
0,2,5,9,0,6,0,3,1,1,45,0,2,1,0,14,700,4,5,0,1996,2,4,3,2,7,0,0,1,0,0,0,0,0.05013507352157382
8,2,1,13,1,4,8,2,1,2,31,0,0,0,0,6,400,3,4,0,1994,0,4,3,2,6,0,0,1,0,0,0,1,0.7547770758605619
9,2,3,2,1,1,9,2,1,1,55,1,1,0,1,10,400,2,6,0,1994,1,4,3,1,8,1,0,1,0,0,0,0,0.059527391817463055
3,3,2,0,1,4,3,4,1,1,61,0,0,0,1,8,400,4,7,0,1995,0,4,3,3,8,0,0,1,0,0,1,1,0.5826302966661815
3,1,6,9,1,0,3,2,1,1,38,0,1,0,1,15,400,3,5,0,1995,1,4,3,2,8,1,4,2,0,0,0,0,0.4937389747348982
8,1,0,6,1,1,6,3,0,2,36,0,1,0,0,6,400,1,5,0,1995,1,4,3,2,6,1,0,1,0,0,0,1,0.5373824771853271
4,5,2,13,1,1,4,5,0,2,47,0,2,1,4,6,700,4,6,0,1996,2,4,3,2,8,0,0,1,0,0,0,0,0.032304021653667275
3,2,0,13,1,5,0,4,1,2,26,1,0,0,1,10,400,2,4,0,1994,0,4,3,1,6,2,0,1,0,0,0,0,0.10978177558725256
0,4,2,17,1,1,0,4,0,1,43,0,0,0,0,3,400,3,5,0,1996,0,4,3,2,7,2,0,1,0,0,0,1,0.5425072379474117
6,5,6,9,1,0,5,1,1,2,25,0,0,0,0,13,400,1,3,0,1995,0,4,3,2,5,0,0,1,0,0,0,1,0.5848183948341439
0,2,0,17,0,6,0,3,1,2,27,0,2,1,1,6,400,1,4,0,1994,2,4,3,2,6,3,0,1,0,0,0,0,0.04934499000646222
10,4,2,9,1,5,5,4,1,1,30,1,3,1,0,16,400,1,4,0,1995,0,4,3,2,5,2,0,1,0,0,0,0,0.046375960326984905
1,3,4,0,0,0,1,3,1,1,32,0,1,0,5,1,400,4,4,0,1994,1,4,3,0,6,1,0,1,0,0,1,1,0.5581200836575839
10,2,5,18,1,5,10,2,1,1,55,0,1,0,5,9,400,2,6,0,1995,1,4,3,2,8,3,0,1,0,0,0,0,0.3255519157917661
2,3,4,9,1,6,2,4,1,2,27,1,1,0,0,15,400,3,4,0,1995,1,4,3,1,6,1,0,1,0,0,0,0,0.0926165436442551
11,4,1,6,1,4,10,1,1,2,30,0,0,0,4,3,400,1,4,0,1995,0,4,3,0,6,0,0,1,0,0,1,1,0.7105621506815852
10,1,5,13,1,5,10,1,1,2,35,0,2,1,0,12,400,2,4,0,1996,2,4,3,2,6,3,0,1,0,0,0,0,0.030310735781688428
10,3,1,13,0,6,10,3,1,1,29,1,1,0,0,11,400,2,4,0,1995,1,4,3,2,5,0,0,1,0,0,0,0,0.11613366088072556
9,1,4,13,0,0,9,1,0,1,36,0,1,0,0,2,400,3,5,0,1994,1,4,3,2,8,2,0,1,0,0,0,0,0.2991907389107579
6,1,0,18,1,1,6,1,1,2,27,0,2,1,5,7,400,4,4,0,1995,2,4,3,2,5,0,0,1,0,0,0,0,0.06412229726494507
4,4,2,17,0,6,3,2,1,1,30,0,1,0,0,6,400,4,4,0,1994,1,4,3,0,7,1,0,1,0,0,0,1,0.5714632065928247
8,3,2,2,1,1,6,4,1,1,51,1,1,0,0,12,400,4,6,0,1996,1,4,3,2,8,0,0,3,0,0,0,0,0.0989678055657837
6,3,2,2,1,1,6,3,0,1,47,0,2,1,0,1,400,2,6,0,1995,2,4,3,3,8,0,0,1,0,0,0,0,0.04787461825462333
8,1,1,2,1,5,8,3,1,2,27,0,2,1,5,10,400,3,4,0,1996,2,4,3,3,6,2,0,1,0,0,0,0,0.045502822308301646
5,1,0,13,1,0,11,4,0,1,58,0,2,1,0,15,400,2,7,0,1994,2,4,3,0,8,1,0,1,0,0,0,0,0.028748882479998995
10,5,2,13,1,4,9,1,1,1,33,0,1,0,1,11,400,1,4,0,1994,1,4,3,2,6,3,0,1,0,0,0,0,0.41929297836697293
1,2,4,17,1,6,1,3,1,2,27,0,0,0,4,9,400,2,4,0,1994,0,4,3,0,6,2,0,1,0,0,0,1,0.7284833585529387
10,2,4,2,1,1,10,4,1,1,26,0,2,1,5,2,400,4,4,0,1994,2,4,3,2,7,0,0,1,0,0,0,0,0.051573542606379134
7,4,2,17,1,5,0,1,1,2,21,0,0,0,4,6,400,4,3,0,1994,0,4,3,0,4,0,0,1,0,0,0,1,0.6817091243027188
9,4,0,17,1,1,9,4,1,1,27,0,2,1,0,10,400,3,4,1,1996,2,4,3,0,6,3,0,1,1,0,0,0,0.07245068693790074
11,3,1,17,1,5,11,3,0,1,27,0,1,0,1,7,400,1,4,0,1994,1,4,3,3,7,2,0,1,0,0,0,0,0.3525916128607537
7,2,3,17,1,6,7,4,0,2,30,0,2,1,0,16,400,3,4,0,1994,2,4,3,2,6,1,0,1,0,0,0,0,0.09388315541295564
3,3,4,13,1,4,3,3,1,2,24,0,1,0,0,8,400,4,3,0,1996,1,4,3,2,5,0,0,1,0,0,0,1,0.5356100910978906
7,1,6,17,1,6,7,1,1,1,27,1,0,0,1,14,400,1,4,0,1996,0,4,3,1,6,0,0,1,0,0,0,0,0.07390996754396326
5,4,1,13,1,6,1,1,1,1,31,1,0,0,0,9,400,4,4,0,1996,0,4,3,0,7,2,0,1,0,0,0,0,0.09310186109926771
10,2,5,17,1,5,10,2,0,1,33,0,1,0,1,8,400,1,4,0,1995,1,4,3,1,6,0,0,1,0,0,0,1,0.5126989786295261
8,2,3,13,1,4,8,2,1,1,29,0,2,1,0,11,400,3,4,0,1994,2,4,3,2,5,0,0,1,0,0,0,0,0.058489763508142084
6,2,4,13,1,5,6,2,1,2,31,0,1,0,0,4,400,4,4,0,1994,1,4,3,1,6,1,0,1,1,0,0,0,0.4991418249486292
4,3,4,9,1,0,4,4,1,2,37,1,2,1,0,6,400,2,5,0,1994,2,4,3,1,7,0,0,1,0,0,0,0,0.02348198918381549
9,3,6,17,1,0,9,4,1,1,55,1,0,0,0,15,400,3,6,0,1995,0,4,3,0,7,1,0,1,0,0,0,0,0.07942482965299248
8,1,6,9,1,1,8,2,1,1,26,0,1,0,1,10,400,4,4,0,1994,1,4,3,3,7,0,0,1,0,0,0,1,0.5570994688977825
11,3,5,13,1,6,11,3,0,2,30,1,2,1,0,1,400,4,4,0,1995,2,4,3,1,6,0,0,1,1,1,0,0,0.06434372940488205
5,5,0,6,1,6,1,1,0,1,54,0,1,0,0,4,400,4,6,0,1994,1,4,3,2,5,3,0,1,0,0,1,0,0.4265407630123898
3,2,6,6,1,4,3,2,1,2,16,0,2,1,5,6,400,2,0,0,1995,2,4,3,2,0,0,0,1,0,0,0,0,0.03804471322317239
8,3,2,5,0,1,8,4,1,1,38,1,0,0,3,14,400,4,5,0,1994,0,4,3,0,8,0,0,1,0,0,0,0,0.1253360045705058
4,2,5,5,1,4,4,3,1,1,51,0,0,0,1,15,400,3,6,0,1995,0,4,3,3,6,2,0,1,0,0,0,1,0.5401063852496609
7,5,0,17,1,0,0,2,1,1,28,0,2,1,1,2,400,2,4,0,1996,2,4,3,2,6,3,0,1,0,0,0,0,0.04580044230494918
10,3,2,17,1,5,9,3,1,1,38,0,0,0,0,9,400,1,5,0,1994,0,4,3,1,7,2,0,1,0,0,0,0,0.4598302942901175
0,2,5,6,1,5,0,2,1,1,47,0,2,1,0,1,400,2,6,0,1996,2,4,3,2,8,1,0,1,0,0,0,0,0.036696532457221924
6,1,2,2,1,0,6,2,1,1,42,0,1,0,3,5,400,3,5,0,1995,1,4,3,2,7,3,0,1,0,0,0,1,0.5300630824003327
1,2,6,0,1,0,11,1,1,1,65,0,0,0,1,9,400,3,7,0,1995,0,4,3,0,8,0,0,1,0,0,0,0,0.49601970572858994
4,4,6,3,1,1,4,5,1,1,26,0,1,0,1,16,400,3,4,0,1995,1,4,3,2,6,3,0,1,0,0,0,1,0.51217712542677
10,3,2,13,1,1,10,3,0,2,33,0,2,1,0,2,400,4,4,0,1994,2,4,3,2,5,0,0,1,0,0,0,0,0.026976937912862452
7,5,5,0,1,6,0,1,1,1,38,0,2,1,1,11,400,1,5,0,1994,2,4,3,2,7,2,0,1,0,0,0,0,0.08501588072453341
1,4,0,18,1,4,1,5,1,1,42,0,0,0,0,6,400,2,5,0,1995,0,4,3,0,6,0,0,1,0,0,0,0,0.47982488799264644
8,1,2,13,1,5,8,2,1,1,35,1,2,1,0,8,400,4,4,0,1995,2,4,3,2,6,0,0,1,0,0,0,0,0.023641355026453675
10,3,1,13,1,1,10,5,1,1,36,0,1,0,0,13,400,2,5,0,1995,1,4,3,3,7,3,0,1,0,0,0,0,0.45925437305127736
10,1,2,9,1,0,9,1,1,2,30,1,4,1,5,5,400,4,4,0,1994,1,4,3,0,7,0,0,1,0,0,0,0,0.04407193828483433
10,4,3,6,1,5,10,4,1,1,38,0,4,1,5,9,400,3,5,0,1996,1,4,3,1,7,2,0,1,0,0,0,1,0.5140016604211138
3,2,6,6,1,6,3,2,1,2,16,0,2,1,5,9,400,1,0,0,1996,2,4,3,3,0,0,0,1,0,0,0,0,0.028964581810385536
9,4,6,2,1,6,2,3,1,1,39,0,0,0,1,5,400,1,5,0,1994,0,4,3,2,7,0,0,1,0,0,0,1,0.5468214237187761
8,3,5,9,1,5,8,3,1,1,28,0,1,0,0,12,400,3,4,0,1995,1,4,3,3,7,3,0,1,0,0,0,1,0.5636929657471863
1,2,6,13,1,0,1,2,1,2,39,1,0,0,4,15,400,4,5,0,1996,0,4,3,0,3,0,4,2,0,0,0,0,0.11060758369889408
4,2,1,6,1,5,4,2,1,1,52,0,2,1,0,5,400,3,6,0,1995,2,4,3,2,8,1,0,1,0,0,0,0,0.0681995884682056
11,2,0,13,0,6,11,2,1,2,23,0,1,0,1,3,400,2,3,0,1996,1,4,3,2,5,3,0,1,0,0,0,1,0.5347998051970629
2,1,3,17,1,4,2,5,1,2,29,1,1,0,0,9,400,4,4,0,1995,1,4,3,2,6,0,0,1,0,0,0,0,0.0914404428132619
0,2,0,13,1,1,5,1,1,1,36,0,2,1,0,4,400,3,5,0,1995,2,4,3,3,7,0,0,1,0,0,0,0,0.047128160386370424
11,5,4,13,1,1,10,1,1,2,40,0,1,0,0,14,400,1,5,0,1994,1,4,3,2,8,1,0,1,0,0,0,0,0.3939918444618941
1,3,6,6,1,5,1,4,1,2,39,0,2,1,1,12,400,3,5,0,1994,2,4,3,1,7,0,0,1,0,0,0,0,0.07218068276845878
0,2,1,6,1,1,0,2,1,1,28,1,2,1,0,3,400,2,4,0,1996,2,4,3,0,7,3,0,1,0,0,0,0,0.022808920940846966
5,3,6,17,1,1,5,4,1,2,24,0,1,0,0,1,400,1,3,0,1994,1,4,3,2,5,1,0,1,0,0,0,0,0.484358636777304
8,4,1,9,1,5,8,5,1,1,48,1,2,1,1,12,400,1,6,1,1995,2,4,3,2,8,3,0,1,0,0,0,0,0.04239829670247976
3,1,3,5,1,1,3,1,1,1,52,0,2,1,3,3,400,4,6,0,1994,2,4,3,2,8,0,0,1,0,0,0,0,0.03966244445388904
8,4,4,17,1,6,5,4,1,2,31,0,2,1,5,14,400,2,4,0,1995,2,4,3,3,5,1,0,1,0,0,0,0,0.04181499717147383
11,2,1,6,1,1,11,2,1,1,29,0,1,0,0,6,400,1,4,0,1995,1,4,3,0,7,0,0,1,0,0,0,1,0.571280179594079
0,1,2,13,1,1,0,1,1,1,61,0,1,0,0,12,400,4,7,0,1995,1,4,3,2,8,0,0,1,0,0,0,0,0.44578528237065035
10,3,5,6,1,0,10,3,1,2,17,1,4,1,5,14,400,4,1,0,1994,1,4,3,0,3,0,0,1,0,0,0,0,0.051377938414972374
8,1,0,2,1,6,8,3,1,1,51,1,0,0,1,7,400,3,6,0,1994,0,4,3,1,8,2,0,1,0,0,0,0,0.07029307657384078
11,1,2,17,1,0,11,3,0,1,48,0,0,0,4,14,400,4,6,0,1996,0,4,3,0,8,0,0,1,0,0,1,0,0.45462407269674854
9,3,0,17,1,1,9,4,1,1,58,0,2,1,0,13,400,4,7,0,1994,2,4,3,2,8,0,0,1,0,0,0,0,0.06961146268321701
4,1,5,13,0,1,4,2,1,1,38,0,1,0,4,16,400,3,5,0,1995,1,4,3,0,7,0,0,1,0,0,0,1,0.5815725876368577
7,4,1,17,1,5,7,4,1,1,31,1,0,0,1,14,400,3,4,0,1994,0,4,3,2,7,2,0,1,0,0,0,0,0.12892211437252357
10,3,1,17,1,1,10,3,1,2,38,0,1,0,0,6,400,4,5,0,1995,1,4,3,2,7,1,0,1,0,0,0,1,0.5438619559107111
7,4,2,6,1,4,0,2,1,2,30,0,1,0,1,5,400,2,4,0,1994,1,4,3,3,6,3,0,1,0,0,0,1,0.5007323628557165
11,4,5,6,1,6,11,5,0,1,62,0,0,0,0,3,400,3,7,0,1995,0,4,3,3,8,1,0,1,0,0,1,0,0.42486522127239085
10,4,0,6,1,1,10,4,1,1,32,0,4,1,5,1,400,3,4,0,1995,1,4,3,0,7,3,0,1,0,0,0,1,0.5243696311171925
6,3,2,17,1,6,6,4,1,1,45,0,2,1,0,16,400,2,5,0,1995,2,4,3,2,8,0,0,1,0,0,0,0,0.08877217468262773
8,4,5,6,1,5,8,4,0,2,26,0,2,1,0,1,400,4,4,0,1996,2,4,3,2,6,0,0,1,0,0,0,0,0.07623609015877497
6,2,2,9,1,1,6,2,1,1,57,0,1,0,5,13,400,1,7,0,1996,1,4,3,3,8,3,0,1,0,0,0,0,0.4196301503574646
5,3,5,13,1,1,11,1,1,1,45,0,2,1,1,12,400,3,5,0,1995,2,4,3,3,8,3,0,1,0,0,0,0,0.041576714183011176
8,4,6,13,1,4,8,4,1,1,36,0,2,1,1,8,400,3,5,0,1995,2,4,3,2,8,3,0,1,0,0,0,0,0.07802160895420901
2,2,3,9,1,1,2,3,1,1,41,0,0,0,0,4,400,1,5,0,1996,0,4,3,1,7,0,0,1,0,0,0,1,0.6170756379254345
4,1,1,2,1,6,4,1,1,1,51,1,0,0,5,2,400,3,6,0,1995,0,4,3,2,8,1,0,1,0,0,0,0,0.08853700677287545
10,5,5,6,1,1,9,1,1,1,44,0,1,0,0,16,400,4,5,0,1994,1,4,3,0,7,1,0,1,0,0,0,0,0.38447621553987005
3,1,2,6,1,4,3,2,1,2,16,0,2,1,5,4,400,2,0,0,1995,2,4,3,3,0,0,0,1,0,0,0,0,0.05453181880315351
7,4,5,17,1,1,10,5,1,1,46,0,0,0,0,12,400,3,6,0,1995,0,4,3,1,8,2,4,2,0,0,0,0,0.3603423627476377
7,5,5,2,1,4,0,1,1,2,30,1,1,0,0,3,400,3,4,0,1994,1,4,3,2,6,2,0,3,0,0,0,0,0.055993891692894614
4,2,6,9,1,5,3,1,1,1,31,0,1,0,0,4,400,2,4,0,1996,1,4,3,1,7,0,0,1,0,0,0,1,0.5775714824442658
11,4,5,6,1,5,11,4,1,2,41,0,2,1,1,6,500,1,5,0,1996,2,4,3,2,7,0,2,2,0,0,0,0,0.05060716779621497
3,1,6,13,1,0,3,1,1,1,63,0,0,0,5,10,400,4,7,0,1996,0,4,3,0,8,2,0,1,0,0,0,0,0.4352185849156303
8,4,5,13,0,5,8,4,1,1,44,0,2,1,1,9,400,4,5,0,1996,2,4,3,2,7,2,0,1,0,0,0,0,0.0922910155870297
2,2,0,13,1,1,2,2,1,1,41,0,0,0,0,2,400,1,5,0,1996,0,4,3,1,8,3,0,1,0,0,0,1,0.5567747859687396
3,4,3,13,1,5,7,1,1,2,52,1,0,0,0,15,400,1,6,0,1994,0,4,3,2,8,0,0,1,0,0,0,0,0.0870546803010318
4,2,6,17,1,1,4,3,1,1,47,0,0,0,4,1,400,4,6,0,1995,0,4,3,0,8,0,0,1,0,0,0,1,0.5303235665936219
8,5,1,9,1,5,8,5,1,2,26,0,2,1,0,10,400,2,4,0,1996,2,4,3,2,6,0,0,1,0,0,0,0,0.08397733271400958
1,2,3,13,1,0,1,3,1,1,26,0,0,0,0,11,400,2,4,0,1994,0,4,3,0,6,3,0,1,0,0,0,1,0.7421308315336759
4,1,6,2,1,5,4,2,1,1,67,1,1,0,0,8,400,2,8,0,1994,1,4,3,1,8,1,0,1,0,0,0,0,0.0879146148096929
0,1,6,3,1,5,0,2,1,2,37,1,0,0,1,9,400,1,5,0,1994,0,4,3,2,7,1,0,1,0,0,0,0,0.12055292541252133
0,3,3,2,1,1,0,3,1,1,57,0,2,1,2,6,400,4,7,0,1996,2,4,3,2,8,3,0,1,0,0,0,0,0.0347444645487652
1,2,3,0,1,6,1,3,1,1,32,0,6,2,5,8,400,1,4,0,1996,0,4,3,0,6,0,0,1,0,0,1,1,0.6335855754542874
8,3,2,2,0,1,8,3,1,1,27,0,1,0,0,6,400,3,4,0,1995,1,4,3,0,6,0,0,1,0,0,0,1,0.6180216034074195
3,4,0,17,0,5,7,1,1,1,36,0,1,0,1,15,700,4,5,0,1994,1,4,3,0,7,0,0,1,0,0,0,0,0.4631478382999487
9,4,4,17,1,4,9,4,1,1,41,0,1,0,0,2,400,2,5,0,1996,1,4,3,2,6,0,0,1,0,0,0,1,0.5432737408592649
4,5,1,9,1,6,3,1,1,1,26,0,2,1,1,14,400,2,4,0,1994,2,4,3,2,6,0,0,1,0,0,0,0,0.07112971719276807
8,1,4,6,1,1,8,2,1,1,52,1,1,0,0,16,400,1,6,0,1996,1,4,3,2,8,3,0,1,0,0,0,0,0.06941774935276426
0,4,0,9,0,4,8,2,1,2,28,0,0,0,0,6,400,4,4,0,1994,0,4,3,1,7,3,0,1,0,0,0,1,0.7000262715763753
1,1,0,17,0,5,1,2,1,1,36,0,2,1,0,4,400,2,5,0,1994,2,4,3,3,7,3,0,1,0,0,1,0,0.05664639640259396
10,1,3,6,1,1,10,1,1,2,30,0,1,0,0,16,400,1,4,0,1996,1,4,3,2,7,3,0,1,0,0,0,0,0.4574847583395837
7,1,2,17,1,5,7,2,1,1,75,0,0,0,4,10,400,3,8,0,1995,0,4,3,1,8,0,0,1,0,0,0,0,0.48534151309527085
9,2,0,9,1,1,9,2,1,2,22,1,1,0,1,14,400,4,3,0,1995,1,4,3,2,4,3,0,1,1,0,0,0,0.07423281244737968
3,3,6,13,1,1,3,3,1,1,30,0,2,1,1,11,400,3,4,0,1995,2,4,3,3,7,1,0,1,0,0,0,0,0.041144221826608936
3,3,4,0,1,0,3,3,1,2,43,0,1,0,0,16,400,1,5,0,1995,1,4,3,0,8,0,0,1,0,0,0,1,0.514723416943712
5,5,0,0,1,1,11,2,1,1,35,0,0,0,1,14,400,2,4,0,1996,0,4,3,2,7,3,4,2,0,0,0,0,0.383033413916445
5,5,0,13,1,6,1,1,1,1,30,1,1,0,0,5,400,1,4,0,1994,1,4,3,0,6,0,0,1,0,0,0,0,0.07615656313912159
0,5,2,17,1,4,8,1,1,1,47,0,2,1,5,13,400,3,6,0,1995,2,4,3,1,8,3,0,1,0,0,0,0,0.11296669722283094
8,4,5,9,1,1,8,5,1,1,35,1,2,1,1,1,400,1,4,0,1995,2,4,3,3,5,1,0,1,0,0,0,0,0.006920857358267859
1,3,5,13,1,5,1,3,1,1,43,0,1,0,5,9,400,4,5,0,1994,1,4,3,2,7,1,0,1,0,0,0,1,0.5471061862805372
11,1,4,13,1,4,11,2,1,2,36,1,1,0,0,10,400,2,5,0,1994,1,4,3,0,7,3,0,1,0,0,0,0,0.03291780806255618
1,4,0,13,0,1,1,5,1,1,45,0,0,0,0,3,400,1,5,0,1994,0,4,3,0,7,0,0,1,0,0,0,1,0.6797684674992202
5,5,1,13,1,1,1,3,1,1,72,1,0,0,0,12,400,3,8,0,1994,0,4,3,1,7,3,0,1,0,0,0,0,0.07341639874057564
4,4,1,6,1,5,3,1,1,2,33,0,1,0,0,6,400,4,4,0,1994,1,4,3,0,5,1,0,1,0,0,1,1,0.5741295370038738
9,5,1,2,1,1,9,5,1,2,43,0,2,1,1,16,400,2,5,0,1995,2,4,3,3,7,0,0,1,0,0,0,0,0.028907411452556483
9,3,5,6,1,4,9,3,1,2,22,0,0,0,0,15,400,2,3,0,1995,0,4,3,1,3,1,0,1,0,0,0,1,0.5493329530479838
7,2,3,9,1,6,7,3,0,1,34,0,1,0,0,6,400,4,4,0,1995,1,4,3,2,6,3,0,1,0,0,0,1,0.5687629065754022
3,3,3,17,1,1,3,3,0,2,32,0,0,0,4,6,400,4,4,0,1995,0,4,3,0,5,0,0,1,0,0,0,1,0.6327192055383924
9,4,3,2,1,1,9,4,0,2,33,0,1,0,0,3,400,1,4,0,1995,1,4,3,3,6,2,0,1,0,0,0,1,0.5009344154843827
2,2,1,17,1,6,2,3,1,2,29,1,0,0,4,10,400,4,4,0,1995,0,4,3,0,5,0,0,1,0,0,0,0,0.1029158722130147
8,3,2,17,1,5,8,3,1,1,51,1,1,0,0,15,400,1,6,0,1994,1,4,3,3,8,0,0,1,0,0,0,0,0.10061260780830106
3,2,2,13,1,1,3,2,0,1,26,0,2,1,0,16,400,4,4,0,1994,2,4,3,2,7,3,0,1,0,0,0,0,0.025068961391510252
8,1,2,17,1,6,8,2,0,1,24,0,1,0,0,4,400,4,3,0,1995,1,4,3,0,5,0,2,2,0,0,0,0,0.4319108792778819
3,4,1,13,0,5,3,4,1,1,40,0,1,0,0,7,400,2,5,0,1995,1,4,3,0,7,0,0,1,0,0,0,1,0.5715139195623374
6,3,2,18,1,1,1,1,1,2,30,0,1,0,3,11,400,4,4,1,1995,1,4,3,0,7,3,0,1,0,0,0,0,0.2840256214082932
3,2,2,13,1,5,3,3,1,1,53,0,0,0,4,10,500,4,6,0,1996,0,4,3,3,8,0,3,1,0,0,0,0,0.28958872585708073
3,1,5,13,1,5,3,1,1,2,46,0,0,0,1,2,400,2,6,0,1996,0,4,3,0,8,0,0,1,1,1,0,0,0.39643202427497537
6,2,2,2,1,4,6,3,1,1,61,1,0,0,5,1,400,3,7,0,1994,0,4,3,1,8,1,0,1,0,0,0,0,0.09339178936645291
10,1,2,6,1,1,10,2,1,1,46,1,1,0,0,6,400,2,6,0,1996,1,4,3,0,8,2,0,1,0,0,0,0,0.06003136192039488
1,4,3,6,1,5,1,5,1,1,50,0,2,1,0,15,700,2,6,0,1995,2,4,3,0,8,3,0,1,0,0,0,0,0.03793747065544768
9,4,6,17,0,4,4,3,1,1,51,0,1,0,0,10,400,2,6,0,1995,1,4,3,0,8,0,0,1,0,0,0,0,0.46798594080783096
3,2,1,2,0,4,3,3,1,2,24,0,1,0,0,8,400,3,3,0,1995,1,4,3,1,5,0,0,1,0,0,0,1,0.5358379997611191
1,1,5,9,1,6,1,1,1,2,25,1,1,0,1,13,400,3,3,0,1994,1,4,3,2,5,3,0,1,0,0,0,0,0.0940418823244178
1,4,0,9,1,0,11,1,1,2,26,1,2,1,1,11,400,3,4,0,1996,2,4,3,3,6,0,0,1,0,0,0,0,0.022636653633933097
9,4,5,17,1,6,9,4,1,1,48,1,2,1,2,3,400,3,6,0,1995,2,4,3,2,8,3,0,1,0,0,0,0,0.029498286675868065
7,4,3,6,1,5,5,2,1,2,16,0,4,1,5,10,400,2,0,0,1996,1,4,3,2,0,0,0,1,0,0,0,0,0.40686639951672043
7,5,1,6,1,0,8,1,1,2,16,0,0,0,5,16,400,4,0,0,1994,0,4,3,0,0,0,0,1,0,0,0,1,0.698025226166471
3,2,4,6,1,4,3,2,1,1,49,0,2,1,1,15,700,4,6,0,1995,2,4,3,2,7,0,0,1,0,0,0,0,0.020429860861160335
5,5,6,17,1,6,1,1,1,1,54,1,1,0,0,14,400,4,6,0,1994,1,4,3,0,8,0,4,2,0,0,0,0,0.08993084772526956
7,5,4,6,1,0,7,5,1,2,30,0,4,1,5,15,400,2,4,0,1996,1,4,3,1,7,1,2,2,0,0,0,0,0.4494384950937029
5,1,5,17,0,6,5,1,1,1,35,0,0,0,0,10,400,2,4,0,1995,0,4,3,2,6,3,0,1,0,0,0,1,0.6020574602139992
10,3,0,13,1,0,10,4,1,2,38,0,2,1,0,13,700,1,5,0,1994,2,4,3,2,7,0,4,2,0,0,0,0,0.02651057267087765
1,2,1,9,0,5,1,2,1,2,42,0,2,1,0,5,400,3,5,0,1996,2,4,3,2,7,0,0,1,0,0,0,0,0.04771339944192482
7,4,2,13,1,0,0,1,1,1,27,1,0,0,0,5,400,4,4,0,1994,0,4,3,1,6,2,0,1,0,0,0,0,0.10975904660332532
8,3,5,2,1,6,8,4,1,2,32,0,0,0,0,13,400,3,4,0,1996,0,4,3,0,6,0,0,1,0,0,1,1,0.6155472558971572
5,2,1,13,1,5,3,4,1,1,63,0,0,0,0,12,400,4,7,0,1996,0,4,3,2,8,0,0,1,0,0,0,0,0.49083766206480417
2,2,4,13,1,0,2,3,1,2,31,1,0,0,4,11,400,4,4,0,1995,0,4,3,0,5,3,0,1,0,0,0,0,0.07698187228323451
0,4,2,17,0,4,10,1,1,1,56,0,1,0,1,5,400,1,7,0,1996,1,4,3,2,8,1,0,1,0,0,0,0,0.44783089211081806
10,4,1,17,1,4,9,1,0,1,34,0,0,0,0,2,400,1,4,0,1995,0,4,3,0,7,1,0,1,1,0,0,0,0.4526581749521501
7,3,1,13,1,6,7,4,0,2,40,0,2,1,1,1,400,3,5,0,1994,2,2,2,0,3,0,0,1,0,0,0,0,0.12234101203762439
3,2,5,9,1,6,3,2,1,1,36,1,0,0,0,13,400,3,5,0,1996,0,4,3,1,7,0,0,1,0,0,0,0,0.11071850071946482
3,1,2,6,1,5,3,2,0,1,29,0,2,1,1,9,400,1,4,0,1995,2,4,3,3,7,0,0,1,0,0,0,0,0.04756553186720858
9,5,5,9,1,6,9,5,0,2,29,0,2,1,1,11,400,3,4,0,1996,2,4,3,1,5,0,0,1,0,0,0,0,0.1247729719624871
5,5,0,0,1,6,1,2,1,1,47,1,1,0,1,3,400,4,6,0,1994,1,4,3,2,8,3,4,2,0,0,0,0,0.10469528191922593
7,2,2,13,1,2,7,2,1,1,71,1,0,0,0,15,400,1,8,0,1996,0,4,3,1,8,1,0,1,0,0,0,0,0.07205238900225468
4,3,4,13,1,6,4,4,1,1,45,0,2,1,0,15,400,1,5,0,1995,2,4,3,2,7,2,0,1,0,0,0,0,0.04610755255939675
6,1,2,6,1,5,6,1,1,1,33,1,1,0,0,10,400,1,4,0,1995,1,4,3,0,6,2,0,1,0,0,0,0,0.08408380502124695
6,4,0,6,1,0,5,1,0,1,54,0,1,0,4,16,400,3,6,0,1994,1,4,3,0,8,1,0,1,0,0,0,0,0.48684147694519075
3,1,5,9,1,0,3,1,1,1,29,0,2,1,0,11,400,2,4,0,1995,2,4,3,1,6,2,0,1,0,0,0,0,0.020925395127403334
0,4,1,17,1,1,8,2,1,2,44,1,1,0,0,3,400,4,5,0,1996,1,4,3,1,6,1,0,1,0,0,0,0,0.06543913117858699
8,5,6,13,1,4,6,1,1,1,60,1,1,0,0,2,400,3,7,0,1995,1,4,3,0,6,0,0,1,0,0,0,0,0.06821256367747025
10,2,5,9,1,5,10,2,1,1,31,0,1,0,0,1,400,1,4,0,1995,1,4,3,0,7,0,0,1,0,0,0,1,0.5709718113208022
3,4,0,9,1,5,7,1,1,1,26,1,1,0,0,16,400,1,4,0,1995,1,4,3,2,6,3,0,1,0,0,0,0,0.11804288300569916
10,1,3,6,1,1,10,1,1,2,21,0,0,0,0,12,400,3,3,0,1996,0,4,3,1,5,1,0,1,0,0,0,1,0.5752945215077429
11,2,2,13,0,2,11,3,1,2,31,0,0,0,0,8,400,4,4,0,1995,0,4,3,1,7,3,0,1,0,0,1,1,0.5681913766786816
0,1,2,9,1,5,0,1,1,1,44,0,1,0,0,9,400,3,5,0,1994,1,4,3,2,7,2,0,1,0,0,0,1,0.5507422280688765
3,3,6,17,1,6,3,4,0,2,33,1,2,1,5,2,400,2,4,0,1995,2,4,3,3,7,3,0,1,0,0,0,0,0.024957238452557585
7,4,6,9,1,5,0,1,1,1,63,0,2,1,5,7,400,1,7,0,1995,2,4,3,2,7,3,0,1,0,0,0,0,0.08957630840287722
3,1,0,6,1,6,3,3,1,1,76,0,4,1,5,10,400,2,8,0,1995,1,4,3,0,8,0,0,1,0,0,1,1,0.5462071279316983
5,1,1,13,0,6,5,2,1,2,34,1,0,0,0,10,400,3,4,0,1996,0,4,3,0,6,0,0,1,0,0,0,0,0.09189401958817964
8,4,1,13,1,6,6,3,1,1,30,0,1,0,1,8,400,2,4,0,1994,1,4,3,0,6,0,0,1,0,0,0,1,0.5825481291586082
9,1,0,17,1,0,9,1,1,1,29,0,1,0,0,8,400,4,4,0,1994,1,4,3,3,7,0,0,1,0,0,0,0,0.34901637787107354
5,2,5,18,1,5,5,2,1,1,43,0,1,0,2,1,400,4,5,0,1995,1,4,3,0,6,2,0,1,0,0,0,0,0.44640525706876744
4,3,5,2,1,6,4,3,1,1,78,0,0,0,5,16,400,1,8,0,1996,0,4,3,1,8,0,0,1,0,0,0,0,0.3513034265210341
10,4,2,5,1,1,9,4,1,1,33,0,1,0,0,1,400,4,4,0,1995,1,4,3,0,7,0,0,1,1,0,0,0,0.45300511564634816
4,4,5,6,1,0,3,1,1,2,28,0,0,0,4,12,400,4,4,0,1994,0,4,3,2,6,1,0,1,0,0,0,1,0.6816332202732661
6,2,4,6,1,1,5,1,0,2,25,1,0,0,4,8,400,4,3,0,1995,0,4,3,0,3,0,0,1,0,0,0,0,0.06983129900045346
6,1,4,17,1,0,6,1,1,2,31,0,1,0,1,11,400,3,4,1,1996,1,4,3,3,6,3,0,1,0,0,0,0,0.40006179612827514
4,4,5,9,1,5,4,4,1,2,45,1,0,0,1,15,400,1,5,0,1994,0,4,3,2,7,0,0,1,0,0,0,0,0.12693106613930852
10,4,3,6,1,1,10,5,1,2,24,1,4,1,5,11,400,4,3,0,1996,1,4,3,0,0,0,0,1,0,0,0,0,0.08825946662362984
8,4,5,17,0,4,8,4,1,1,60,0,0,0,0,11,400,2,7,0,1994,0,4,3,0,8,0,0,1,0,0,0,1,0.5731076455189149
2,3,3,9,1,1,2,3,1,1,57,0,1,0,0,15,400,1,7,0,1994,1,4,3,0,8,3,0,1,0,0,0,0,0.45253283410837836
0,4,1,17,1,5,8,1,1,2,22,1,0,0,0,9,400,1,3,0,1994,0,4,3,0,5,0,0,1,0,0,0,0,0.11279438310453077
9,3,1,2,1,6,9,3,1,2,35,0,2,1,0,3,400,3,4,0,1995,2,4,3,2,7,3,0,1,0,0,0,0,0.035323352723210105
8,1,4,17,1,6,8,2,1,1,63,0,0,0,4,7,400,2,7,0,1996,0,4,3,3,6,0,4,2,0,0,0,0,0.36548982763975807
5,5,2,6,1,1,1,1,1,2,16,0,2,1,5,10,400,4,0,0,1995,2,4,3,2,0,0,0,1,0,0,0,0,0.042555657684530714
0,2,1,13,1,5,0,2,1,1,51,0,1,0,1,9,400,2,6,0,1996,1,4,3,0,7,0,4,2,0,0,0,0,0.4946925808633565
6,5,6,13,1,6,6,5,0,1,36,0,1,0,1,8,400,3,5,0,1995,1,4,3,2,6,2,0,1,0,0,0,0,0.48582472235048174
4,3,3,17,1,1,5,4,1,1,60,1,0,0,5,12,400,2,7,0,1994,0,4,3,2,5,0,0,1,0,0,0,0,0.11130305823330805
1,3,1,17,1,6,1,3,1,1,70,0,0,0,0,3,400,1,8,0,1995,0,4,3,0,8,2,0,1,0,0,0,0,0.4534115076629016
5,3,0,13,1,5,5,3,1,1,54,0,2,1,0,1,400,3,6,0,1994,2,4,3,3,8,0,4,2,0,0,0,0,0.04742863845358231
11,3,6,5,1,6,11,3,1,1,40,0,2,1,1,14,400,1,5,0,1995,2,4,3,1,6,2,0,1,1,0,0,0,0.04421357701169523
5,2,5,9,1,5,5,2,1,2,27,0,2,1,1,15,400,3,4,0,1995,2,4,3,1,6,3,0,1,0,0,0,0,0.03936377683161018
6,1,2,9,1,5,6,1,1,1,60,0,2,1,1,14,400,1,7,0,1994,2,4,3,0,7,3,0,1,0,0,0,0,0.03698789759684104
5,5,0,6,1,1,1,1,0,2,31,1,1,0,0,10,400,3,4,0,1995,1,4,3,1,6,2,0,1,0,0,0,0,0.07155196903503618
5,3,2,13,0,4,11,1,0,0,30,0,1,0,0,14,400,3,4,0,1994,1,4,3,0,6,3,0,1,0,0,0,0,0.3878160778554658
0,5,0,13,0,6,8,4,1,1,39,0,1,0,4,4,400,1,5,0,1995,1,4,3,0,6,1,0,1,0,0,0,1,0.5261149222681888
2,2,1,9,1,4,2,3,1,2,21,1,1,0,0,4,400,2,3,0,1994,1,4,3,2,5,0,0,1,0,0,0,0,0.06141990260506965
9,3,5,13,1,4,9,3,1,1,45,0,2,1,0,5,400,1,5,0,1996,2,4,3,2,7,0,0,1,0,0,0,0,0.04595680958784947
4,2,4,17,1,4,4,2,1,1,57,0,2,1,0,4,400,1,7,0,1994,2,4,3,2,8,2,0,1,0,0,0,0,0.050717302236553435
5,3,4,9,1,1,5,3,1,1,29,1,1,0,1,14,400,1,4,0,1994,1,4,3,1,7,0,4,2,0,0,0,0,0.13500946545175047
5,1,2,6,1,1,5,1,0,2,32,1,1,0,0,4,400,2,4,0,1996,1,4,3,0,7,1,0,1,0,0,0,0,0.06740754281455386
2,4,5,13,1,5,4,1,1,1,53,0,1,0,0,14,400,3,6,0,1995,1,4,3,0,8,3,0,1,0,0,0,0,0.4164505512961977
7,1,4,17,1,1,7,3,1,1,27,0,2,1,1,14,400,3,4,0,1994,2,4,3,0,7,0,0,1,0,0,0,0,0.025489408333479114
6,5,5,0,1,0,9,3,1,1,43,0,1,0,0,5,400,4,5,0,1994,1,4,3,2,7,2,0,1,0,0,0,0,0.49491050773419937
2,2,3,17,1,1,2,2,1,2,22,0,1,0,0,16,400,3,3,0,1995,1,4,3,3,5,1,0,1,0,0,0,0,0.43084465504547587
3,2,0,6,1,0,3,2,1,2,27,0,1,0,0,12,400,2,4,0,1996,1,4,3,1,6,2,0,1,0,0,0,1,0.5588227006130672
4,4,6,6,1,6,4,4,1,1,49,0,1,0,0,16,400,2,6,0,1996,1,4,3,2,8,0,0,1,0,0,0,0,0.4805729802377591
1,1,4,17,1,4,1,1,0,2,30,0,2,1,0,5,400,4,4,0,1996,2,4,3,2,5,0,0,1,0,0,0,0,0.0314277435829286
6,5,6,13,1,4,6,5,1,1,55,0,2,1,0,2,400,2,6,0,1996,2,4,3,2,6,3,0,1,0,0,0,0,0.036066480648619316
0,4,0,13,0,6,0,4,1,1,32,0,0,0,0,14,400,1,4,0,1995,0,4,3,0,7,1,0,1,0,0,0,1,0.6280930934989468
10,1,3,17,1,6,10,1,0,2,33,0,0,0,0,2,400,2,4,0,1995,0,4,3,1,6,0,0,1,0,0,0,1,0.6378366850561773
6,5,4,13,1,1,5,1,1,1,36,1,1,0,0,2,400,2,5,0,1994,1,4,3,2,6,1,0,1,0,0,0,0,0.08680695196935734
6,4,4,6,0,5,6,4,1,2,21,0,2,1,5,13,400,4,3,0,1996,2,4,3,2,2,3,0,1,0,0,0,0,0.045267479418350944
0,1,5,17,1,0,0,4,1,1,40,0,2,1,0,13,500,3,5,0,1995,2,4,3,2,7,0,3,1,0,0,0,0,0.061737235892212784
1,3,4,13,1,4,1,3,1,1,57,0,2,1,0,4,400,2,7,0,1996,2,4,3,3,8,2,0,1,0,0,0,0,0.037478910100589985
11,4,3,13,1,6,11,5,1,1,29,0,0,0,5,2,400,4,4,0,1995,0,4,3,0,6,3,0,1,0,0,1,0,0.4595122831537978
7,4,4,9,1,4,7,4,1,1,55,1,0,0,1,8,400,2,6,0,1994,0,4,3,0,8,3,0,1,0,0,0,0,0.07464516577964925
6,2,2,9,1,6,6,4,1,2,42,1,1,0,0,11,400,2,5,0,1994,1,4,3,2,7,3,0,1,0,0,0,0,0.09347930965963254
9,4,4,17,1,5,4,1,1,1,35,0,1,0,0,1,400,3,4,0,1994,1,4,3,0,7,1,0,1,0,0,0,0,0.4948118149569878
3,4,5,6,1,6,3,4,1,2,23,1,1,0,0,8,400,4,3,0,1994,1,4,3,2,5,3,0,1,0,0,0,0,0.07788600690431782
9,5,1,13,1,1,2,1,0,2,34,0,1,0,5,2,400,3,4,0,1996,1,4,3,2,5,1,0,1,0,0,0,0,0.44193899392668096
4,5,0,9,1,1,4,5,1,1,53,0,1,0,0,15,400,3,6,0,1994,1,4,3,0,7,3,0,1,0,0,0,0,0.42432376381829506
6,5,4,13,0,5,5,1,1,1,45,0,1,0,0,3,400,2,5,0,1996,1,4,3,2,7,0,0,1,0,0,0,1,0.5811299371659001
2,4,0,17,1,6,4,1,1,1,31,1,0,0,5,13,400,3,4,0,1996,0,4,3,2,6,0,0,1,0,0,0,0,0.11565859895773688
9,4,3,13,1,0,2,1,1,1,42,0,1,0,1,7,400,1,5,0,1996,1,4,3,2,8,3,0,1,0,0,0,0,0.4766986243922085
11,1,0,6,1,4,11,2,0,1,35,0,1,0,0,3,500,3,4,0,1994,1,4,3,2,7,3,3,1,0,0,0,0,0.3437690850274575
0,5,4,13,1,5,8,1,1,2,31,0,1,0,0,3,400,3,4,0,1995,1,4,3,0,7,1,0,1,0,0,0,1,0.553886695560301
9,2,5,6,1,4,9,2,1,1,57,1,0,0,1,11,400,4,7,0,1996,0,4,3,2,8,3,0,1,0,0,0,0,0.05983497443899525
1,5,1,9,1,6,1,5,1,1,59,0,2,1,0,1,400,2,7,0,1995,2,4,3,3,8,2,0,1,0,0,0,0,0.038099662862253796
0,3,5,5,1,6,0,3,1,1,42,0,6,2,5,7,400,1,5,0,1994,0,4,3,2,8,2,0,1,0,0,0,0,0.3956666067159699
11,1,1,13,1,1,11,1,1,1,49,1,3,1,4,15,400,1,6,0,1995,0,4,3,1,8,0,0,1,0,0,0,0,0.056992016130771164
11,1,3,13,0,6,11,4,1,2,24,1,1,0,0,5,400,4,3,0,1994,1,4,3,1,5,3,0,1,0,0,0,0,0.05595376707707093
0,3,3,6,1,6,6,4,1,2,30,0,2,1,0,13,400,4,4,0,1994,2,4,3,0,6,0,0,1,0,0,0,0,0.057128445239207765
0,3,0,13,1,1,0,3,1,1,39,1,0,0,0,9,400,3,5,0,1994,0,4,3,2,8,0,0,1,0,0,0,0,0.12406772287389307
4,1,3,9,1,4,3,1,1,1,73,0,2,1,0,13,400,2,8,0,1994,2,4,3,3,8,1,0,1,0,0,0,0,0.03367562600554862
11,4,1,6,1,1,11,4,1,2,16,0,0,0,5,7,400,3,0,0,1996,0,4,3,3,0,0,4,2,0,0,0,0,0.33998287044382347
11,5,4,6,1,5,10,1,0,2,23,0,0,0,0,14,400,1,3,0,1994,0,4,3,0,3,0,0,1,0,0,0,0,0.42653235419979446
0,1,6,9,1,1,0,2,0,1,55,0,0,0,0,12,400,3,6,0,1995,0,4,3,1,6,0,0,1,0,0,0,1,0.5030603473712469
1,3,1,9,1,6,11,1,1,1,30,1,1,0,0,2,400,3,4,0,1994,1,4,3,1,7,0,0,1,0,0,0,0,0.07458009333936973
3,4,5,3,1,4,7,1,1,1,42,1,1,0,1,11,400,1,5,0,1994,1,4,3,0,7,2,0,1,0,0,0,0,0.08502986364545578
4,1,6,2,1,2,4,2,0,1,48,1,0,0,1,14,400,1,6,0,1994,0,4,3,0,7,0,0,1,0,0,0,0,0.09257576303880358
1,4,6,12,1,4,1,4,1,1,54,1,0,0,1,10,400,2,6,0,1996,0,4,3,2,7,2,0,1,0,0,0,0,0.09210318833392696
4,4,4,13,1,0,4,5,1,1,33,1,0,0,4,5,400,1,4,0,1994,0,4,3,0,7,3,0,1,0,0,0,0,0.08797717220064374
3,3,0,17,1,0,3,3,1,1,58,0,2,1,1,7,400,4,7,0,1994,2,4,3,3,8,2,0,1,0,0,0,0,0.08596881678259867
3,4,1,17,1,6,7,1,1,1,54,1,0,0,0,11,400,1,6,0,1994,0,4,3,1,7,2,0,1,0,0,0,0,0.08004723572967126
0,3,0,6,1,1,0,3,1,2,35,1,0,0,0,9,400,3,4,0,1994,0,4,3,0,7,0,0,1,0,0,0,0,0.12541861175967292
6,1,0,13,0,1,6,1,1,1,52,1,0,0,0,9,400,4,6,0,1995,0,4,3,1,8,0,0,1,0,0,0,0,0.05941632252120771
1,3,4,6,1,0,1,3,1,2,46,0,1,0,0,7,400,3,6,0,1996,1,4,3,1,7,2,0,1,0,0,1,1,0.6145967174721015
5,5,0,5,1,1,1,3,1,1,71,0,1,0,2,6,700,3,8,0,1994,1,4,3,0,8,1,0,1,1,0,0,0,0.2701824430369006
7,4,4,6,1,1,0,1,1,1,48,0,1,0,1,2,400,2,6,0,1996,1,4,3,2,8,1,0,1,0,0,0,1,0.5409051456703129
7,2,4,17,1,0,7,2,1,1,63,1,1,0,0,2,400,1,7,0,1996,1,4,3,0,8,0,0,1,0,0,0,0,0.07279916432881474
3,4,1,18,1,4,7,1,1,1,59,1,0,0,5,16,400,3,7,0,1994,0,4,3,1,8,0,0,1,0,0,0,0,0.0675328862459763
9,3,5,17,1,5,9,3,0,2,34,0,2,1,0,2,400,3,4,0,1996,2,4,3,0,6,0,0,1,0,0,0,0,0.07321630699313839
7,2,0,13,0,0,7,2,1,1,47,1,0,0,4,11,400,4,6,0,1995,0,4,3,0,7,0,0,1,0,0,0,0,0.07552809217203352
0,2,2,13,0,5,0,2,1,1,39,1,1,0,0,4,400,3,5,0,1996,1,4,3,2,8,0,0,1,0,0,0,0,0.0662648022865181
9,1,6,9,1,4,9,1,0,1,29,1,2,1,0,13,400,3,4,0,1994,2,4,3,3,6,0,0,1,0,0,0,0,0.004960350208070516
5,3,2,17,1,0,5,4,1,1,63,0,0,0,5,1,400,2,7,0,1996,0,4,3,3,8,0,0,1,0,0,0,0,0.43351583246299763
3,2,0,13,1,0,7,4,1,1,75,0,0,0,0,16,400,1,8,0,1996,0,4,3,1,8,2,0,1,0,0,0,0,0.4571901664830606
4,1,1,13,1,0,4,4,1,1,41,0,1,0,4,14,400,1,5,0,1996,1,4,3,1,7,0,0,1,0,0,0,1,0.5754420670863941
3,4,0,13,1,5,7,1,1,1,44,0,2,1,1,2,400,4,5,1,1996,2,4,3,2,8,1,0,1,0,0,0,0,0.06176442588203837
10,2,6,5,1,0,10,2,0,2,33,0,2,1,2,4,400,2,4,0,1995,2,4,3,3,7,3,0,1,0,0,0,0,0.018697521117202895
1,1,6,9,1,0,1,2,1,1,37,0,6,2,5,12,400,3,5,0,1994,0,4,3,2,7,1,0,1,0,0,0,1,0.5122987507005353
8,1,4,17,1,5,8,2,1,1,31,0,1,0,0,16,400,4,4,0,1994,1,4,3,1,7,3,0,1,0,0,0,1,0.5348255715644324
6,2,4,9,1,0,6,2,0,1,34,1,2,1,0,6,400,1,4,0,1996,2,4,3,2,6,2,0,1,0,0,0,0,0.008851354004728534
9,3,4,2,0,0,9,3,1,1,46,1,0,0,0,10,400,3,6,0,1995,0,4,3,1,8,2,0,1,0,0,0,0,0.0681152801389124
9,4,1,6,1,0,2,1,1,1,26,1,4,1,5,15,400,2,4,0,1994,1,3,3,1,7,0,0,1,0,0,0,0,0.06811213430430507
9,2,6,17,1,1,9,3,1,2,28,0,2,1,0,11,400,2,4,0,1996,2,4,3,1,6,2,0,1,0,0,0,0,0.033203837469431556
10,1,1,17,1,5,10,4,1,1,36,0,0,0,0,6,400,1,5,0,1995,0,4,3,0,7,1,0,1,0,0,0,1,0.6586785087541555
10,2,1,9,1,5,10,2,1,1,46,0,2,1,1,6,400,4,6,0,1996,2,4,3,3,7,0,4,2,0,0,0,0,0.05665759516503924
7,3,5,13,1,6,6,3,0,1,34,0,2,1,0,14,400,3,4,0,1995,2,4,3,2,6,1,0,1,0,0,0,0,0.059953752341665195
8,2,6,6,0,4,8,4,0,1,37,1,2,1,0,12,400,3,5,0,1995,2,4,3,3,7,0,0,1,0,0,0,0,0.009020505232954792
10,4,0,5,1,6,10,4,1,1,36,0,2,1,1,15,400,1,5,1,1996,2,4,3,0,8,0,0,1,0,0,0,0,0.08687662928737208
5,2,6,13,1,6,5,2,1,1,30,0,2,1,0,16,500,1,4,0,1994,2,4,3,3,6,1,3,1,0,0,0,0,0.027983994227766106
8,2,1,3,1,1,8,2,1,1,39,0,1,0,1,3,400,4,5,0,1994,1,2,1,0,6,0,0,1,0,0,0,1,0.5640348954913328
3,3,6,2,1,1,3,3,1,1,54,0,6,2,5,16,400,4,6,0,1995,0,4,3,0,8,0,0,1,0,0,0,0,0.4546118989629818
2,3,4,13,0,3,4,1,1,1,54,1,2,1,0,7,400,4,6,0,1996,2,4,3,3,8,0,0,1,0,0,0,0,0.020883076954543212
9,4,4,2,1,6,4,3,1,1,37,0,2,1,1,4,400,3,5,0,1995,2,4,3,2,7,1,0,1,0,0,0,0,0.05425194785310025
2,3,4,9,1,4,2,3,0,2,33,0,2,1,0,1,400,4,4,0,1995,2,4,3,3,6,3,0,1,0,0,0,0,0.02367415873354906
5,1,0,13,0,1,5,1,0,3,56,0,1,0,0,5,400,1,7,0,1994,1,4,3,1,7,3,0,1,0,0,0,0,0.4104503387105285
11,1,5,5,0,6,11,2,1,2,31,1,0,0,2,12,400,4,4,0,1995,0,4,3,0,6,2,0,1,0,0,0,0,0.07557704161624555
5,3,5,13,1,1,11,4,0,1,46,0,2,1,1,12,400,3,6,0,1994,2,4,3,2,8,1,0,1,0,0,0,0,0.03828919048773463
6,2,4,0,0,1,6,4,0,1,52,0,1,0,0,9,400,2,6,0,1994,1,4,3,2,7,1,0,1,0,0,1,1,0.5674590470743052
0,2,3,6,1,1,0,2,1,1,36,0,2,1,0,2,400,3,5,0,1996,2,4,3,2,7,2,0,1,0,0,0,0,0.020252978881226902
0,3,4,2,1,6,8,1,1,1,41,0,6,2,5,11,400,1,5,0,1994,0,4,3,2,7,2,0,1,0,0,0,0,0.42732116592015584
5,3,2,6,0,1,5,3,1,1,45,0,1,0,0,14,500,3,5,0,1994,1,4,3,1,7,3,3,1,0,0,0,0,0.4761892037410895
10,2,3,10,1,1,10,2,1,1,56,0,0,0,5,14,400,3,7,0,1995,0,4,3,0,7,0,0,1,0,0,1,1,0.5817362492913144
3,4,6,5,1,4,3,4,1,1,45,0,1,0,3,7,400,3,5,0,1996,1,4,3,0,7,0,0,1,0,0,0,1,0.579440996191321
9,3,3,5,1,5,9,4,1,1,48,0,0,0,0,5,400,2,6,0,1994,0,4,3,2,8,0,0,1,0,0,0,0,0.47280527972733777
4,1,0,2,1,1,4,2,1,1,39,0,1,0,0,4,400,2,5,0,1995,1,4,3,0,7,1,0,1,0,0,0,1,0.5731013849423615
4,2,0,17,1,0,4,3,1,1,34,0,2,1,0,5,500,4,4,0,1995,2,4,3,2,6,3,3,1,0,0,0,0,0.034319607326033987
8,4,2,13,1,1,6,3,1,1,29,0,1,0,0,4,400,2,4,0,1995,1,4,3,1,5,2,0,1,0,0,0,1,0.5864805327205077
7,4,5,6,0,6,9,5,1,2,16,0,0,0,5,16,400,3,0,0,1995,0,4,3,0,0,0,0,1,0,0,0,0,0.43522639879942565
8,1,6,9,1,4,8,1,1,2,32,0,2,1,0,7,500,4,4,0,1996,2,4,3,3,6,3,3,1,0,0,0,0,0.021009932093082398
2,4,0,13,1,6,2,5,1,1,27,0,2,1,1,6,400,2,4,0,1996,2,4,3,3,7,0,0,1,0,0,0,0,0.10301042811042002
4,3,3,17,1,5,3,3,1,2,34,0,0,0,0,8,400,1,4,0,1995,0,4,3,1,6,1,0,1,0,0,0,1,0.7118626308181795
11,2,3,17,1,1,11,2,1,2,45,0,1,0,0,4,400,2,5,0,1995,1,2,2,1,5,0,0,1,0,0,0,1,0.5792418038744953
10,3,1,2,1,5,10,3,1,1,44,1,0,0,0,14,400,3,5,0,1995,0,4,3,1,6,3,0,1,0,0,0,0,0.09094893632795353
4,2,6,13,1,1,3,2,1,1,51,0,0,0,0,6,400,3,6,0,1994,0,4,3,2,6,2,0,1,0,0,0,1,0.628573968405024
9,2,6,11,1,5,2,2,1,1,51,0,1,0,0,9,400,4,6,0,1995,1,4,3,0,6,0,0,1,0,0,0,1,0.515053018447846
2,3,0,6,1,1,2,3,1,1,69,0,0,0,0,8,400,2,8,0,1995,0,4,3,0,7,2,0,1,0,0,0,1,0.5786659357532443
10,5,3,9,1,5,9,1,1,2,28,0,1,0,1,1,400,1,4,0,1995,1,4,3,1,6,3,0,1,0,0,0,0,0.4807542687632714
3,3,2,17,1,1,3,3,1,1,48,0,2,1,1,9,500,4,6,0,1995,2,4,3,3,8,3,3,1,0,0,0,0,0.11456041179592182
8,2,6,13,1,6,8,2,1,2,31,0,1,0,5,13,400,2,4,0,1996,1,4,3,2,6,2,0,1,0,0,0,0,0.49701567568676835
9,1,4,2,0,1,9,2,1,1,59,0,0,0,1,9,400,3,7,0,1994,0,4,3,0,8,2,0,1,0,0,0,0,0.4554321232987868
1,5,1,11,1,1,1,5,1,1,46,0,6,2,1,14,400,3,6,0,1994,0,4,3,3,8,0,0,1,0,0,1,0,0.23866169908254561
3,1,3,13,1,6,3,2,1,1,50,0,2,1,0,2,400,4,6,0,1994,2,4,3,0,7,0,4,2,0,0,0,0,0.05006514729506286
0,3,4,2,1,6,0,3,0,1,40,0,2,1,5,9,400,4,5,0,1996,2,4,3,2,7,0,0,1,0,0,0,0,0.0734755263606948
7,3,3,6,1,1,7,3,1,1,46,0,2,1,0,10,400,1,6,0,1994,2,4,3,3,8,0,4,2,0,0,0,0,0.023485293749011683
8,2,5,9,1,4,2,2,1,2,34,1,1,0,1,11,400,1,4,0,1996,1,4,3,3,6,3,0,1,0,0,0,0,0.09232643138461138
10,1,1,9,1,4,10,1,1,1,64,0,0,0,0,13,400,4,7,0,1994,0,4,3,0,8,3,0,1,0,0,0,0,0.39811442641744355
1,4,3,17,1,4,1,4,1,2,26,1,1,0,1,11,400,4,4,0,1995,1,4,3,0,7,2,0,1,0,1,0,0,0.08611514724684549
0,5,2,0,1,6,8,1,1,1,39,0,2,1,1,1,400,2,5,0,1994,2,4,3,2,7,1,0,1,0,0,0,0,0.10748723203967307
6,4,6,13,1,6,6,4,0,2,28,0,2,1,5,13,400,2,4,0,1996,2,4,3,2,5,1,0,1,0,0,0,0,0.11362298277638265
3,1,1,0,1,0,3,2,0,1,37,0,1,0,1,16,400,3,5,0,1994,1,4,3,0,7,2,0,1,0,0,0,0,0.4475057973189847
4,1,4,17,1,5,7,4,1,1,46,0,2,1,0,9,400,4,6,0,1994,2,4,3,2,8,0,0,1,0,0,0,0,0.08579032441362132
2,4,4,17,1,4,2,4,1,1,55,0,1,0,0,14,400,2,6,0,1994,1,4,3,2,8,1,0,1,0,0,0,0,0.48330545975897654
7,2,4,6,1,4,7,2,1,1,50,0,1,0,0,4,400,3,6,0,1994,1,4,3,2,8,1,0,1,0,0,0,1,0.5621160675800796
9,2,1,13,1,6,9,3,1,1,48,1,1,0,0,1,400,3,6,0,1995,1,4,3,2,8,0,4,2,0,0,0,0,0.08920796197811837
0,1,2,13,1,1,0,1,0,1,35,0,1,0,4,14,400,3,4,0,1996,1,4,3,3,6,3,0,1,0,0,0,0,0.39965035993982917
6,2,4,17,1,5,6,2,0,1,45,0,2,1,0,7,400,3,5,0,1995,2,4,3,3,7,3,0,1,0,0,0,0,0.07514611558521314
11,4,3,17,1,6,11,5,1,1,46,0,2,1,0,4,400,2,6,0,1994,2,4,3,2,8,2,0,1,0,0,0,0,0.07936243778948905
1,2,4,13,1,1,11,1,1,1,42,1,0,0,0,16,400,1,5,0,1994,0,4,3,1,7,3,0,1,0,0,0,0,0.08474943098257467
0,1,3,17,1,5,0,1,1,1,65,0,1,0,4,10,400,3,7,0,1995,1,4,3,1,8,2,0,1,0,0,0,0,0.45859263708607
0,4,0,6,1,5,8,1,0,2,31,1,2,1,0,2,400,2,4,0,1996,2,2,3,2,5,0,0,1,0,0,0,0,0.03465012688920717
0,4,1,0,1,0,8,1,1,1,37,0,2,1,1,1,500,3,5,0,1994,2,4,3,2,6,0,3,3,0,0,0,0,0.040116275181363854
5,4,4,2,1,1,1,1,0,2,33,0,1,0,0,8,400,2,4,0,1996,1,4,3,2,7,1,0,1,0,0,0,1,0.549326823066461
4,5,1,17,1,0,3,1,1,2,30,0,0,0,0,8,400,2,4,0,1995,0,4,3,2,6,0,0,1,0,0,0,1,0.7183750096626258
10,3,5,6,1,4,10,4,1,1,29,1,0,0,0,10,400,3,4,0,1996,0,4,3,2,6,0,0,1,0,0,0,0,0.08751100775459822
4,1,5,13,1,4,4,1,1,2,31,1,0,0,0,12,400,4,4,0,1994,0,4,3,2,7,1,0,1,0,0,0,0,0.12427379086561785
8,4,1,9,1,0,8,4,0,2,39,0,1,0,0,10,400,1,5,0,1994,1,4,3,2,6,3,0,1,0,0,0,1,0.5095755418993442
2,4,2,13,1,3,4,1,1,2,27,0,1,0,4,7,400,2,4,0,1995,1,4,3,2,5,0,0,1,0,0,0,1,0.5768836499813426
0,3,0,13,1,6,0,4,1,1,33,1,0,0,0,8,400,3,4,0,1994,0,4,3,1,7,3,0,1,0,0,0,0,0.12338788683104966
6,1,1,6,1,0,6,3,1,2,32,0,1,0,5,13,400,1,4,0,1996,1,4,3,3,6,2,0,1,1,0,0,0,0.37194525960734914
2,2,2,0,1,4,2,3,1,1,41,0,1,0,0,4,400,3,5,0,1995,1,4,3,2,7,0,0,1,1,0,0,1,0.5096749550262035
4,5,2,13,1,5,3,3,1,2,38,0,2,1,1,7,400,1,5,0,1994,2,4,3,0,7,0,0,1,0,0,0,0,0.08537495357182076
2,5,6,6,1,4,4,2,1,1,55,0,2,1,5,15,400,1,6,0,1994,2,4,3,1,7,2,0,1,0,0,0,0,0.08445678012847964
10,2,1,17,0,6,10,3,1,2,22,0,1,0,1,11,400,4,3,0,1994,1,4,3,1,5,1,0,1,0,0,0,0,0.39279723594406635
5,1,3,9,0,1,5,1,1,1,55,1,1,0,1,8,400,2,6,0,1994,1,4,3,0,8,3,0,1,0,0,0,0,0.0664005863417686
7,4,3,17,1,5,0,1,1,2,41,0,2,1,0,4,400,1,5,0,1995,2,4,3,0,7,0,0,1,0,0,0,0,0.10196467133792401
10,2,2,17,1,1,10,4,1,2,19,0,0,0,0,5,400,1,2,0,1995,0,4,3,0,3,3,0,1,0,0,1,1,0.5135137420497206
0,1,3,6,1,2,0,2,0,2,27,1,2,1,0,4,400,3,4,0,1995,2,4,3,3,6,0,0,1,0,0,0,0,0.015008397006006768
4,1,1,2,0,5,4,1,1,1,62,0,2,1,0,9,400,3,7,0,1996,2,4,3,0,7,2,0,1,0,0,0,0,0.07855094805321369
4,5,5,9,1,4,3,3,1,1,55,0,2,1,1,13,400,1,6,0,1994,2,4,3,1,7,0,0,1,0,0,0,0,0.03336868088597737
7,3,5,17,1,6,7,3,1,1,36,0,1,0,0,4,400,3,5,0,1996,1,4,3,1,6,0,0,1,0,0,0,1,0.6053445830056231
7,3,1,2,1,6,7,4,1,2,47,0,0,0,5,5,400,1,6,0,1996,0,4,3,0,8,1,0,1,0,0,0,1,0.5990146741236612
7,5,1,13,1,1,0,1,1,2,39,0,1,0,5,10,400,4,5,0,1994,1,4,3,2,6,2,0,1,0,0,0,1,0.5163103364175012
2,2,4,5,0,0,2,2,1,1,67,0,1,0,3,7,400,4,8,0,1995,1,4,3,2,8,3,0,1,0,0,0,0,0.4581205910088502
10,4,5,17,1,6,10,4,0,2,24,0,1,0,0,3,400,4,3,0,1996,1,4,3,1,5,0,0,1,0,0,1,0,0.4882878055694665
4,2,6,17,1,1,4,4,0,1,32,1,1,0,1,14,400,1,4,0,1994,1,4,3,3,4,1,0,3,0,0,0,0,0.08107417081594923
10,2,2,17,1,4,10,2,1,1,36,0,2,1,1,12,400,3,5,0,1996,2,4,3,3,5,0,0,1,0,0,0,0,0.052907117830841385
1,3,0,2,1,6,1,4,1,1,47,1,1,0,0,12,400,1,6,0,1994,1,4,3,2,8,0,0,1,0,0,0,0,0.07984534654272282
6,3,0,2,1,1,6,3,1,1,33,0,2,1,0,4,400,3,4,0,1995,2,4,3,1,6,1,0,1,0,0,0,0,0.030475676057148956
6,3,3,6,1,1,6,3,1,1,41,0,1,0,0,3,400,3,5,0,1995,1,4,3,2,8,0,0,1,0,0,0,1,0.6284696750999772
7,4,4,13,1,0,7,4,1,1,29,0,1,0,1,3,400,4,4,0,1995,1,4,3,0,6,0,0,1,0,0,0,1,0.6257303856419856
7,1,6,13,1,6,7,1,1,1,56,0,1,0,0,11,400,4,7,0,1995,1,4,3,2,8,3,0,1,0,0,0,0,0.4886599518784155
9,3,0,13,1,6,9,4,1,1,35,0,6,2,2,12,400,3,4,0,1994,0,4,3,3,6,3,0,1,0,0,0,0,0.19956067915975764
4,4,5,17,1,6,4,4,0,1,53,0,1,0,0,15,400,3,6,0,1995,1,4,3,0,7,0,0,1,0,0,0,0,0.450033215300348
4,1,5,9,1,5,4,1,1,1,51,0,2,1,0,3,400,1,6,0,1996,2,4,3,3,8,2,0,1,0,0,0,0,0.0289860653474027
0,4,6,18,1,1,8,5,1,2,31,0,0,0,5,9,400,2,4,0,1994,0,4,3,2,5,2,0,1,0,0,0,0,0.44555559655673826
3,3,1,17,1,6,3,3,1,2,21,0,1,0,4,9,400,4,3,0,1994,1,4,3,2,5,0,0,1,0,0,0,1,0.5147291096785532
7,2,6,17,1,1,7,2,0,2,31,0,1,0,0,11,400,4,4,0,1994,1,4,3,1,6,1,0,1,0,0,0,1,0.5418266910889591
8,2,2,6,0,1,8,3,1,2,21,0,1,0,0,9,400,3,3,0,1994,1,4,3,1,5,0,0,1,0,0,0,1,0.5470533930781776
5,4,2,17,1,4,1,2,1,1,63,1,1,0,0,12,400,3,7,0,1995,1,4,3,3,7,3,0,1,0,0,0,0,0.06488009734239354
10,4,0,17,1,1,10,5,1,1,22,1,1,0,0,4,400,4,3,0,1994,1,4,3,0,6,0,0,1,0,0,0,0,0.05163434425413785
11,3,1,13,1,5,11,3,1,1,37,0,2,1,0,12,400,3,5,0,1995,2,4,3,2,7,3,0,1,0,0,0,0,0.055224807264895696
4,2,4,17,1,0,4,3,0,2,51,0,0,0,4,7,400,3,6,0,1995,0,4,3,1,7,0,0,1,0,0,0,1,0.5759437901786122
8,2,1,13,1,6,6,2,1,1,29,1,2,1,1,2,400,2,4,0,1996,2,4,3,3,6,1,0,1,0,0,0,0,0.04339517206942452
4,4,4,0,0,1,4,5,1,1,35,0,0,0,5,8,400,1,4,0,1995,0,4,3,0,6,3,0,1,0,0,0,1,0.5238267743468275
7,4,3,9,0,0,0,1,1,1,35,0,1,0,0,10,400,3,4,0,1996,1,4,3,3,6,0,0,1,0,0,0,1,0.5363194310964727
5,4,1,9,1,5,5,4,1,1,30,0,1,0,0,15,400,4,4,0,1996,1,4,3,2,6,0,0,1,0,0,1,1,0.5392697075088376
10,5,1,13,1,5,10,5,1,1,43,0,2,1,0,12,400,3,5,0,1995,2,4,3,3,7,1,0,1,0,0,0,0,0.04697702624047688
2,4,2,6,1,5,2,4,1,2,25,1,1,0,4,9,400,2,3,0,1996,1,4,3,0,6,0,0,1,0,0,0,0,0.07762468060902425
6,2,2,6,1,1,6,2,0,2,24,0,1,0,0,7,400,3,3,0,1994,1,4,3,1,5,2,0,1,0,0,0,0,0.4731766806577934
10,5,3,5,1,6,9,1,1,2,22,1,1,0,1,6,400,4,3,0,1995,1,4,3,2,5,3,0,1,0,0,0,0,0.08284459910009016
6,2,4,17,1,4,6,3,1,1,64,0,1,0,0,3,400,4,7,0,1995,1,4,3,2,8,3,0,1,0,0,0,0,0.4731847955112485
4,5,3,6,1,4,3,1,1,1,31,0,2,1,1,1,400,4,4,0,1994,2,4,3,2,7,0,0,1,0,0,0,0,0.041362899244523695
8,2,0,13,1,1,8,3,1,1,51,0,0,0,0,11,400,2,6,0,1994,0,4,3,0,7,2,0,1,0,0,0,1,0.647852637286562
10,3,2,2,1,0,10,4,1,1,54,1,1,0,1,15,400,1,6,0,1996,1,4,3,0,6,0,0,1,0,0,0,0,0.08434781439549885
3,4,2,17,1,6,7,1,1,1,28,1,0,0,4,2,400,3,4,0,1995,0,4,3,2,5,0,0,1,0,0,0,0,0.12264973725599145
5,2,0,18,1,5,5,2,1,1,59,1,2,1,5,14,400,3,7,0,1995,2,4,3,3,8,3,0,1,0,0,0,0,0.036849117078404124
1,2,4,13,1,6,1,3,0,2,44,1,1,0,0,14,400,2,5,0,1994,1,4,3,2,6,0,0,1,0,0,0,0,0.08955946235399707
2,3,1,13,1,1,2,3,1,1,30,0,2,1,0,5,400,4,4,0,1995,2,4,3,1,5,1,0,1,1,0,0,0,0.06619167771331592
2,4,4,17,0,4,2,5,1,2,45,0,0,0,4,11,400,2,5,0,1994,0,4,3,0,7,3,0,1,0,0,0,1,0.5865926822520505
1,2,0,5,1,4,1,3,1,1,49,0,6,2,5,6,400,1,6,0,1996,0,4,3,0,8,0,4,2,0,0,0,0,0.4965557943544716
7,1,4,9,1,0,7,1,1,2,32,1,1,0,0,11,400,1,4,0,1994,1,4,3,0,6,1,0,1,0,0,0,0,0.09231922710084513
9,4,2,13,1,5,9,5,0,1,53,1,2,1,0,12,700,3,6,1,1996,2,4,3,0,8,3,0,1,0,0,0,0,0.028375012549583755
0,4,5,13,1,4,0,5,1,1,46,0,2,1,0,6,400,2,6,0,1994,2,4,3,1,8,0,0,1,0,0,0,0,0.03791129275082571
3,2,1,6,1,0,3,3,1,2,16,0,0,0,5,8,400,4,0,0,1994,0,4,3,0,0,0,0,1,0,0,0,1,0.7164657472619581
10,3,3,9,0,5,10,3,1,1,38,1,1,0,0,7,400,4,5,0,1996,1,4,3,1,7,3,0,1,0,0,0,0,0.047316536057751026
11,3,4,0,1,5,11,3,1,1,31,0,6,2,5,12,500,1,4,0,1995,0,4,3,1,7,0,3,1,0,0,0,0,0.4982486883687146
2,3,3,18,1,6,0,1,1,1,50,0,1,0,5,1,400,1,6,0,1994,1,4,3,0,8,0,0,1,0,0,0,0,0.4378846947750409
0,3,5,13,0,5,8,1,1,1,46,0,0,0,1,1,400,2,6,0,1994,0,4,3,2,8,0,0,1,0,0,0,1,0.6249630845928225
7,1,2,17,1,1,7,1,1,2,32,1,1,0,0,15,400,2,4,0,1994,1,4,3,1,6,2,0,1,0,0,0,0,0.08715828302424482
8,4,0,17,1,0,8,4,1,2,29,0,2,1,1,1,400,1,4,0,1995,2,4,3,0,5,3,0,1,0,0,0,0,0.06816823000258712
5,2,0,17,1,1,5,2,1,1,75,0,0,0,0,5,400,1,8,0,1995,0,4,3,1,8,1,0,1,0,0,0,1,0.5150783822325211
11,1,0,6,1,5,11,3,1,1,29,0,2,1,1,7,400,1,4,0,1995,2,4,3,2,7,2,0,1,0,0,0,0,0.0512204620613865
11,5,4,17,1,5,10,2,1,1,54,0,2,1,1,16,400,4,6,0,1995,2,4,3,2,7,0,0,1,0,0,0,0,0.04509976573493776
10,3,1,6,1,5,10,3,1,1,35,0,1,0,1,15,400,3,4,0,1994,1,4,3,0,5,0,0,1,0,0,0,0,0.46068824036058453
0,2,0,13,1,1,0,2,1,1,53,1,2,1,1,6,400,2,6,0,1996,2,4,3,0,7,1,0,1,0,0,0,0,0.01869636358318387
7,1,0,13,1,2,7,1,1,1,47,1,0,0,1,2,400,4,6,0,1995,0,4,3,0,8,0,0,1,0,0,0,0,0.05893402694872339
1,2,4,17,0,4,1,2,1,1,59,0,1,0,0,8,400,2,7,0,1995,1,4,3,1,8,1,0,1,0,0,0,1,0.5014033846464362
0,3,2,9,1,6,0,3,1,1,64,1,2,1,0,5,400,4,7,0,1994,2,4,3,2,8,0,0,1,0,0,0,0,0.014478128648436445
0,1,5,11,1,5,0,1,1,1,48,0,2,1,0,4,400,2,6,0,1994,2,4,3,2,7,2,0,1,0,0,0,0,0.021402737745612316
9,3,1,5,1,6,9,3,1,1,51,1,0,0,1,7,400,1,6,0,1995,0,4,3,2,8,1,0,1,0,0,0,0,0.09124381924556094
7,3,0,13,1,0,7,4,0,1,38,1,2,1,1,8,400,4,5,0,1994,2,4,3,0,7,1,0,1,0,0,0,0,0.017832162750289714
0,1,5,17,1,6,0,1,1,1,49,0,2,1,1,7,400,4,6,0,1994,2,4,3,2,8,0,0,1,0,0,0,0,0.06447893683557089
11,2,6,6,1,1,11,3,0,0,46,0,2,1,0,9,400,4,6,0,1994,2,4,3,2,7,0,0,3,0,0,0,0,0.011542696758015985
9,5,1,0,1,6,9,5,1,1,31,0,0,0,1,10,400,2,4,0,1996,0,4,3,2,7,1,0,1,0,0,0,0,0.4321568991042816
11,2,5,13,1,0,11,3,1,1,76,1,1,0,0,12,400,1,8,0,1995,1,4,3,1,8,3,0,1,0,0,0,0,0.05429329608706447
3,4,2,17,1,1,3,4,1,1,34,1,1,0,0,6,400,1,4,0,1996,1,4,3,2,6,1,0,1,0,0,0,0,0.09055218234689008
7,5,4,17,1,1,0,1,0,1,35,0,2,1,0,12,400,4,4,0,1995,2,4,3,0,6,0,4,2,0,0,0,0,0.020438133043150564
5,2,5,9,1,6,5,2,1,1,71,1,1,0,5,8,400,1,8,0,1994,1,4,3,0,6,0,0,1,0,0,0,0,0.06971207469455486
9,2,5,17,1,6,9,2,1,1,38,0,1,0,1,3,400,1,5,0,1995,1,4,3,3,6,0,0,1,0,0,0,0,0.4971788831774488
9,2,5,17,1,6,9,2,0,1,30,1,1,0,0,2,400,2,4,0,1995,1,4,3,1,5,2,0,1,0,0,0,0,0.06838085317708513
2,4,0,6,0,5,2,4,1,2,37,0,2,1,0,5,400,1,5,0,1994,2,4,3,3,7,0,0,1,0,0,0,0,0.07570540636888592
9,4,5,9,1,5,9,4,0,1,27,0,2,1,1,10,400,4,4,0,1995,2,4,3,2,6,0,0,1,1,0,0,0,0.08789665537276797
11,3,0,17,1,4,11,5,1,1,32,0,1,0,0,10,400,1,4,0,1995,1,4,3,2,7,1,0,1,0,0,1,1,0.5180084782975019
11,4,5,9,1,5,11,4,1,1,32,0,1,0,1,8,400,1,4,0,1994,1,4,3,1,7,1,0,1,0,0,0,0,0.4244858359595204
8,2,5,13,1,4,8,2,1,2,26,0,2,1,0,12,400,3,4,0,1995,2,4,3,2,6,0,0,1,0,0,0,0,0.04511699485585519
10,3,0,16,1,5,10,3,1,1,39,1,0,0,0,5,400,4,5,0,1994,0,4,3,1,7,1,0,1,0,0,0,0,0.08999677175600661
7,4,0,13,1,0,7,4,1,1,26,0,1,0,0,7,400,1,4,0,1994,1,4,3,1,7,1,0,1,0,0,0,1,0.5931238190029927
7,4,1,9,1,5,8,1,1,2,26,1,0,0,0,11,400,1,4,0,1995,0,4,3,1,7,2,0,3,0,0,0,0,0.09771914045274363
4,1,3,9,1,5,4,1,0,1,39,0,2,1,0,16,400,3,5,0,1994,2,4,3,1,7,3,0,1,0,0,0,0,0.0341228491062045
11,5,4,9,1,6,10,3,1,2,19,0,1,0,0,10,400,1,2,0,1994,1,1,3,2,2,0,0,1,0,0,0,0,0.3461958585381022
3,1,3,9,1,1,3,1,1,1,44,0,0,0,5,8,400,1,5,0,1995,0,4,3,0,7,2,0,1,0,0,1,1,0.6433576166685008
6,2,5,9,1,6,6,3,1,1,53,0,2,1,1,16,400,4,6,0,1994,2,4,3,1,8,3,0,1,0,0,0,0,0.03941439287658005
7,1,6,2,1,0,7,1,1,1,36,0,7,2,5,10,400,4,5,0,1995,1,4,3,3,5,1,0,1,0,0,0,0,0.28431568386502926
8,1,3,17,1,4,8,1,1,2,31,0,2,1,0,12,400,4,4,0,1995,2,4,3,2,5,2,0,1,0,0,0,0,0.035726894263631
10,5,0,17,1,0,10,5,1,1,62,1,0,0,1,7,400,4,7,0,1995,0,4,3,2,8,3,0,1,0,0,0,0,0.047938468272012445
6,2,2,17,1,6,6,5,1,1,44,1,0,0,4,5,400,4,5,0,1994,0,4,3,0,7,0,0,1,0,0,0,0,0.11232876275498685
8,3,5,13,1,5,8,3,1,1,51,0,2,1,1,1,400,1,6,0,1996,2,4,3,1,8,2,0,1,0,0,0,0,0.050277431551070305
4,2,1,6,1,5,4,2,1,1,26,0,2,1,0,9,400,2,4,0,1994,2,4,3,3,6,3,0,1,0,0,0,0,0.03162423500772568
7,2,0,9,1,6,8,3,1,2,27,1,1,0,1,4,400,1,4,0,1994,1,4,3,1,6,0,0,1,0,0,0,0,0.07906579633697426
2,1,5,2,1,4,2,2,0,1,31,0,1,0,1,4,400,2,4,0,1996,1,4,3,0,6,0,0,1,0,0,0,0,0.4932617898408091
10,3,3,17,1,4,9,1,1,1,52,1,1,0,0,8,700,1,6,0,1994,1,4,3,0,8,0,4,2,0,0,0,0,0.0768828839212299
1,4,3,17,1,1,1,5,1,1,65,0,0,0,0,13,400,3,7,0,1996,0,4,3,2,8,2,0,1,0,0,0,0,0.4678894909760318
3,4,0,18,1,4,7,1,1,1,50,1,0,0,3,14,400,2,6,0,1996,0,4,3,2,8,2,0,1,0,0,0,0,0.0656924458510629
9,2,1,9,1,1,9,2,1,1,57,0,1,0,1,7,400,2,7,0,1996,1,4,3,0,8,2,0,1,0,0,0,0,0.4876337663056129
7,4,1,5,1,0,7,5,1,1,44,0,1,0,2,1,400,2,5,0,1995,1,4,3,2,7,0,0,1,0,0,0,1,0.567193967910453
1,1,5,13,1,0,1,2,1,1,29,0,0,0,0,1,400,2,4,0,1994,0,4,3,0,7,1,0,1,0,0,0,1,0.7580798281302877
3,1,1,0,1,1,3,1,1,1,28,0,2,1,0,3,400,2,4,0,1995,2,4,3,3,7,1,0,1,0,0,0,0,0.04984628310762449
10,1,3,13,1,4,10,3,1,1,62,1,0,0,0,3,400,1,7,0,1995,0,4,3,1,7,0,0,1,0,0,0,0,0.09224511069382364
3,3,1,6,0,4,3,3,0,1,55,0,0,0,4,3,400,1,6,0,1994,0,4,3,1,7,0,0,5,0,0,0,1,0.5571901046628468
2,2,1,9,1,0,2,4,1,1,30,0,1,0,1,8,400,2,4,0,1994,1,4,3,0,6,0,0,1,0,0,0,1,0.628327986874773
0,5,2,9,1,1,8,1,1,1,41,1,1,0,0,1,400,1,5,0,1995,1,4,3,0,7,1,4,2,0,0,0,0,0.0882531511808907
3,3,1,17,1,5,3,4,1,1,42,0,2,1,1,4,400,4,5,0,1995,2,4,3,3,8,0,0,1,0,0,0,0,0.11240738726464736
9,4,4,2,1,1,9,4,1,1,48,1,1,0,5,11,400,2,6,0,1994,1,4,3,3,7,3,0,1,0,0,0,0,0.05174832631834063
1,2,5,6,1,1,1,3,1,1,55,0,1,0,1,11,400,3,6,0,1994,1,4,3,1,8,1,0,1,0,0,0,1,0.586665625424508
11,1,2,17,1,6,11,1,1,1,52,0,2,1,1,2,400,1,6,0,1996,2,4,3,0,8,0,0,1,0,0,0,0,0.19777158761436722
4,1,1,6,1,1,4,2,0,1,38,0,2,1,0,10,400,1,5,0,1994,2,4,3,0,5,1,0,1,0,0,0,0,0.03036390934695021
3,1,5,2,1,4,3,2,0,2,34,0,1,0,5,3,400,3,4,0,1994,1,4,3,0,6,3,0,1,0,0,0,0,0.46497198187659583
9,3,6,13,1,1,9,3,1,1,43,0,2,1,0,4,400,3,5,0,1996,2,4,3,0,7,0,0,1,0,0,0,0,0.04692476931702218
11,5,4,9,1,5,10,1,1,2,28,0,1,0,0,15,400,2,4,0,1994,1,4,3,3,7,1,0,1,0,0,0,0,0.3788879801689486
1,5,1,18,0,0,11,1,1,1,45,0,1,0,5,7,400,3,5,0,1995,1,4,3,0,7,3,0,1,0,0,0,0,0.3330640801529713
5,2,2,11,1,5,5,2,1,2,41,0,2,1,0,13,400,1,5,0,1995,2,4,3,0,6,0,0,1,0,0,0,0,0.05429130014050785
9,5,5,13,1,5,9,5,1,1,56,1,1,0,1,1,400,1,7,0,1996,1,2,1,2,8,0,0,1,0,0,0,0,0.06431775166809174
3,3,3,17,1,5,3,4,1,2,24,0,2,1,0,10,400,2,3,0,1995,2,4,3,2,5,0,0,1,0,0,0,0,0.16987060130556064
1,2,2,13,1,6,11,2,1,1,46,0,1,0,1,5,400,1,6,0,1994,1,4,3,0,8,2,0,1,0,0,0,0,0.4754344087717817
11,4,4,6,0,4,11,4,1,1,42,1,2,1,0,8,400,1,5,0,1996,2,4,3,3,7,0,0,1,0,0,0,0,0.008701598998398325
10,3,3,2,1,5,10,3,0,1,30,1,1,0,5,6,400,2,4,0,1995,1,4,3,2,5,1,0,1,0,0,0,0,0.09775096975890545
10,2,0,9,1,0,10,2,1,2,27,0,2,1,0,16,400,4,4,0,1994,2,4,3,3,6,2,0,1,0,0,0,0,0.013793421138500189
7,3,6,13,1,4,7,3,0,2,33,1,2,1,0,10,400,1,4,0,1995,2,4,3,2,6,2,0,1,0,0,0,0,0.011886568430525143
3,2,5,9,1,4,3,3,1,1,29,0,1,0,1,1,400,3,4,0,1996,1,4,3,0,7,0,0,5,0,0,0,1,0.5574318419692842
5,4,5,2,1,0,5,5,0,2,33,1,1,0,0,8,400,1,4,0,1996,1,4,3,2,6,3,0,1,0,0,0,0,0.05101231480831275
8,5,6,6,1,4,6,2,0,1,38,1,0,0,0,5,400,4,5,0,1994,0,4,3,0,8,1,0,1,0,0,0,0,0.08021986144536383
5,5,3,6,1,4,1,1,1,2,25,1,1,0,0,8,400,1,3,0,1995,1,4,3,2,4,0,0,1,0,0,0,0,0.07586660995582002
4,3,6,13,1,4,4,3,0,1,27,0,2,1,0,15,400,4,4,0,1994,2,4,3,0,6,0,0,1,0,0,0,0,0.02961259907003325
7,5,1,9,0,0,0,1,1,2,34,0,1,0,0,1,400,3,4,0,1994,1,4,3,1,7,1,0,1,0,0,0,1,0.5227994846840831
0,5,0,0,1,6,8,1,1,1,37,0,2,1,1,10,400,3,5,0,1994,2,4,3,2,8,3,0,1,0,0,0,0,0.0880921311353902
7,4,1,18,1,1,8,2,1,1,48,0,2,1,2,10,400,3,6,0,1995,2,4,3,1,8,0,0,1,0,0,0,0,0.09358887554198313
2,4,5,17,1,5,4,1,1,1,31,0,1,0,0,13,400,2,4,0,1995,1,4,3,1,7,1,0,1,0,0,0,1,0.5620983121394861
9,4,5,9,1,6,9,4,1,1,65,0,1,0,1,6,400,2,7,0,1995,1,4,3,1,8,0,0,1,1,0,0,0,0.3796026437668412
0,4,0,13,1,2,0,4,1,1,40,0,2,1,0,3,400,1,5,0,1994,2,4,3,0,7,0,0,1,0,0,0,0,0.04626293338956871
11,5,0,13,1,0,10,1,1,2,30,0,0,0,0,3,400,4,4,0,1994,0,4,3,0,6,0,0,1,0,0,0,1,0.5624504856524479
3,1,5,9,1,4,3,1,1,2,34,0,2,1,1,5,400,4,4,0,1994,2,4,3,2,7,0,0,1,0,0,0,0,0.042684880166647066
7,3,6,2,1,1,0,1,1,1,40,0,1,0,2,3,400,3,5,0,1996,1,4,3,2,6,1,4,2,0,0,0,1,0.5230808918636034
0,4,4,13,1,1,8,1,1,1,51,1,0,0,0,8,400,2,6,0,1995,0,4,3,2,7,3,0,1,0,0,0,0,0.08408340168187867
0,2,5,2,1,2,8,4,1,1,29,0,2,1,0,10,400,2,4,0,1996,2,4,3,2,7,2,0,1,0,0,0,0,0.0382915307031798
8,4,5,6,1,4,8,4,1,1,49,0,1,0,0,5,700,1,6,0,1995,1,4,3,1,7,0,4,2,0,0,0,0,0.38548089725390144
7,4,6,13,1,4,7,4,1,2,32,0,2,1,0,5,400,3,4,0,1996,2,4,3,1,6,2,0,1,0,0,0,0,0.0472507597206503
10,2,5,6,1,0,10,2,1,1,32,0,1,0,0,8,400,3,4,0,1995,1,4,3,0,7,0,0,1,0,0,0,1,0.6047141334676609
2,4,0,2,1,0,2,4,1,1,41,0,6,2,5,4,700,1,5,0,1994,0,4,3,2,7,0,0,1,0,0,0,0,0.3925847466296444
2,5,6,9,1,6,2,5,1,2,33,0,2,1,1,13,400,2,4,0,1996,2,4,3,3,6,3,2,2,0,0,0,0,0.05148470186174389
0,3,5,9,1,4,0,5,1,2,62,1,2,1,0,15,400,4,7,0,1996,2,4,3,1,8,2,0,1,0,0,0,0,0.006175928723418492
9,5,6,13,1,4,2,1,1,2,45,1,2,1,0,2,400,3,5,0,1995,2,4,3,3,6,3,0,1,0,0,0,0,0.0187270869655363
3,2,1,18,1,5,3,4,1,1,36,0,1,0,1,2,400,4,5,0,1994,1,4,3,0,7,0,0,1,0,0,0,0,0.4557046964026316
3,1,4,17,1,1,3,1,1,1,51,0,0,0,4,16,400,3,6,0,1995,0,4,3,0,6,0,0,1,0,0,1,1,0.589132976496186
7,1,2,0,1,1,7,1,1,1,26,0,1,0,1,12,400,3,4,0,1996,1,4,3,2,7,0,0,1,0,0,0,1,0.5448899563717893
10,1,3,6,1,1,10,4,1,2,34,0,2,1,0,14,400,4,4,0,1996,2,4,3,2,6,0,0,1,0,0,0,0,0.03441361863112339
6,3,0,9,1,1,6,4,1,1,61,1,2,1,0,9,400,3,7,0,1996,2,4,3,3,8,1,0,1,0,0,0,0,0.012966194566942067
11,3,2,2,1,5,11,4,1,1,42,1,2,1,1,1,400,4,5,0,1995,2,4,3,1,7,3,0,1,0,0,0,0,0.03542987031406474
10,1,6,13,1,1,10,3,1,1,43,1,1,0,1,1,400,3,5,0,1996,1,4,3,1,7,0,0,1,0,0,0,0,0.07066484957463365
9,3,1,6,1,0,9,4,1,1,26,0,2,1,0,6,400,2,4,0,1996,2,4,3,2,6,2,0,1,0,0,0,0,0.04754462309312519
0,1,0,9,1,4,0,2,1,2,37,0,1,0,0,8,400,3,5,0,1995,1,4,3,0,7,1,0,1,0,0,0,1,0.5643176405785513
8,5,2,6,1,1,8,5,1,1,38,1,1,0,5,10,400,1,5,0,1994,1,4,3,0,7,3,0,1,0,0,0,0,0.0805301911926218
4,1,4,6,1,0,4,2,0,1,31,1,4,1,5,4,400,2,4,0,1995,1,4,3,0,6,0,0,1,0,0,0,0,0.1185464810718354
11,1,1,6,0,5,11,1,1,1,41,0,2,1,1,6,400,4,5,0,1994,2,4,3,0,7,0,0,1,0,0,0,0,0.05208901713236489
4,3,6,13,1,4,4,3,1,1,42,1,0,0,4,1,400,1,5,0,1995,0,4,3,2,7,2,0,1,0,0,0,0,0.08378595233814952
5,1,1,6,0,5,5,1,1,2,37,0,0,0,4,5,700,1,5,0,1995,0,4,3,0,7,1,0,1,0,0,0,1,0.5216690543560097
5,4,3,0,1,0,5,5,1,1,51,0,0,0,0,14,400,2,6,0,1994,0,4,3,0,8,0,0,3,0,0,1,0,0.4395106541589591
8,4,2,6,1,4,8,4,1,2,33,0,1,0,0,3,400,1,4,0,1994,1,4,3,2,6,1,0,1,0,0,0,1,0.6203182048631004
5,3,2,13,1,1,5,3,1,1,30,0,1,0,1,13,400,3,4,0,1996,1,4,3,2,7,2,0,1,0,0,0,1,0.5825026237715638
4,4,6,0,1,6,3,1,1,1,47,0,1,0,0,13,400,2,6,0,1996,1,4,3,0,7,3,0,1,0,0,0,0,0.4177696254127197
2,1,0,17,1,0,2,3,1,2,21,0,1,0,1,8,400,3,3,0,1995,1,4,3,2,5,2,0,1,0,0,0,0,0.49687170727765456
2,4,6,17,1,0,2,4,0,1,28,0,0,0,4,15,400,4,4,0,1996,0,4,3,0,6,0,0,1,0,0,0,1,0.5365122547345409
11,2,6,17,0,1,10,2,1,1,36,0,1,0,1,7,400,3,5,0,1996,1,4,3,2,7,1,0,1,0,0,1,1,0.5462041854946225
2,1,0,13,1,1,2,1,0,2,32,0,1,0,0,12,400,3,4,0,1995,1,4,3,3,6,3,0,1,0,0,0,0,0.48780672433657346
5,4,3,6,1,1,5,4,0,2,29,0,2,1,0,11,400,1,4,0,1995,2,4,3,2,5,0,0,1,0,0,0,0,0.038146697726727914
6,3,5,2,1,6,5,1,1,1,41,0,2,1,2,6,400,4,5,0,1994,2,4,3,2,7,2,0,1,0,0,0,0,0.07510073152653254
11,4,3,17,0,1,10,2,1,1,66,1,0,0,0,4,400,4,8,0,1995,0,4,3,1,8,3,0,1,0,0,0,0,0.047778230515032515
5,4,5,17,1,6,9,4,1,1,65,0,0,0,4,2,400,4,7,0,1994,0,4,3,0,8,0,0,1,0,0,0,1,0.5303609518071052
1,4,1,13,1,5,1,4,1,1,58,1,1,0,0,10,400,3,7,0,1996,1,4,3,2,8,3,0,1,0,0,0,0,0.08086233930419626
8,1,5,17,1,5,8,2,1,1,58,0,1,0,5,16,400,2,7,0,1994,1,4,3,1,8,3,0,1,0,0,0,0,0.4435555376479845
5,1,0,17,1,1,5,3,1,1,49,0,2,1,1,5,400,1,6,0,1994,2,4,3,2,7,3,4,2,0,0,0,0,0.07699440862136842
8,5,5,17,1,0,6,4,1,1,74,0,2,1,0,7,400,3,8,0,1995,2,4,3,2,7,0,0,1,0,0,0,0,0.0684699463621759
11,4,3,17,1,5,10,2,1,1,29,0,1,0,1,4,700,3,4,0,1994,1,4,3,0,7,0,0,1,0,0,0,0,0.4021970588376336
11,3,1,17,1,4,11,4,0,1,44,0,0,0,0,14,400,4,5,0,1995,0,4,3,1,6,0,0,1,0,0,0,1,0.5652346288629679
6,3,0,0,1,0,6,3,1,1,37,0,1,0,1,2,400,1,5,0,1994,1,4,3,0,7,1,0,1,0,0,0,1,0.590561892564407
1,1,2,13,0,1,1,2,0,2,34,1,0,0,5,16,400,3,4,0,1994,0,4,3,1,6,0,0,1,1,1,0,0,0.09513393721299773
1,3,1,6,1,5,1,3,1,2,23,0,1,0,0,3,400,3,3,0,1994,1,4,3,0,5,0,0,1,0,0,0,0,0.4956419433896769
11,3,6,13,1,4,11,3,0,1,79,0,2,1,0,14,400,1,8,0,1996,2,4,3,2,7,2,4,2,0,0,0,0,0.016280926869463204
8,4,0,6,1,5,8,5,1,1,36,0,4,1,5,3,400,3,5,0,1996,1,4,3,1,7,0,0,1,0,0,0,1,0.57998422705244
4,3,4,6,1,1,4,4,1,2,16,1,0,0,5,6,400,4,0,0,1994,0,4,3,1,0,0,0,1,0,0,0,0,0.1144096308810955
11,2,1,13,1,1,11,2,1,2,31,0,1,0,0,14,400,4,4,0,1994,1,4,3,0,7,0,4,2,0,0,0,0,0.3238007348671646
0,4,0,6,1,6,0,4,1,1,31,0,2,1,1,6,400,2,4,0,1994,2,4,3,2,6,1,0,1,0,0,0,0,0.06493578072449792
1,3,6,9,1,6,1,4,1,1,78,1,0,0,1,3,400,2,8,0,1994,0,4,3,2,6,0,0,1,0,0,0,0,0.0882903719021845
11,1,2,17,1,5,11,1,1,1,31,0,1,0,0,6,400,3,4,0,1994,1,4,3,3,7,0,0,1,0,0,1,0,0.446270479119662
5,2,5,17,1,5,5,2,1,2,29,0,2,1,4,16,400,1,4,0,1996,2,4,3,1,6,1,0,1,0,0,0,0,0.0590257739754605
4,2,0,13,1,1,4,4,1,1,41,0,1,0,0,15,400,4,5,0,1994,1,4,3,1,8,3,0,1,0,0,0,0,0.4735497808898332
10,4,0,0,1,5,4,4,1,1,37,0,2,1,0,12,400,2,5,0,1995,2,4,3,2,8,0,0,1,0,0,0,0,0.06724172053330238
4,4,0,5,1,5,4,4,1,1,36,1,2,1,2,4,400,4,5,0,1995,2,4,3,1,7,1,0,1,0,0,0,0,0.023235725024103822
10,1,3,6,0,0,10,1,1,1,56,1,0,0,0,11,400,2,7,0,1996,0,4,3,1,8,1,4,2,0,0,0,0,0.06473330069229227
4,2,3,13,1,0,4,3,1,1,60,0,1,0,1,7,400,2,7,0,1996,1,4,3,2,8,0,0,1,0,0,0,1,0.563799407817597
6,1,1,9,1,1,6,2,0,1,35,1,0,0,0,14,400,3,4,0,1994,0,4,3,0,6,0,0,1,0,0,0,0,0.10746937354107793
6,2,5,6,1,5,6,3,1,1,37,0,2,1,1,3,400,4,5,0,1994,2,4,3,2,7,3,0,1,0,0,0,0,0.05334529272460408
9,4,0,13,1,5,2,4,1,1,27,0,0,0,0,8,400,1,4,0,1994,0,4,3,0,6,1,0,1,0,0,0,1,0.6178854058775972
4,4,0,3,1,5,3,1,1,2,33,0,0,0,1,16,400,2,4,0,1994,0,4,3,2,6,0,0,1,0,0,1,1,0.6901009309853596
5,5,2,17,1,5,11,3,1,1,54,1,0,0,5,12,400,2,6,0,1996,0,4,3,1,8,1,0,1,0,0,0,0,0.06800678851945907
4,5,0,6,1,6,3,1,1,1,54,0,2,1,1,8,400,3,6,0,1995,2,4,3,2,8,1,0,1,0,0,0,0,0.05804643415279251
5,1,1,13,1,4,5,1,1,1,54,0,0,0,4,3,400,4,6,0,1996,0,4,3,2,8,2,0,1,0,0,1,1,0.5179599430661646
11,4,0,17,1,1,11,4,0,2,31,1,1,0,0,1,400,4,4,0,1994,1,4,3,1,6,1,0,1,0,0,0,0,0.05144856161016038
6,2,4,0,1,1,6,2,1,1,53,1,2,1,1,15,400,4,6,0,1994,2,4,3,3,8,3,4,2,0,0,0,0,0.036431945293290816
4,5,3,0,1,5,3,1,1,1,30,0,2,1,1,6,400,2,4,0,1994,2,4,3,3,6,2,0,1,0,0,0,0,0.04781813181268243
6,2,2,13,1,0,6,3,1,1,46,0,6,2,2,12,400,2,6,0,1996,0,4,3,2,7,0,0,1,0,0,0,0,0.3504063120732308
11,4,6,13,1,0,11,4,1,1,46,0,0,0,0,13,400,2,6,0,1995,0,4,3,2,8,1,0,1,0,0,0,1,0.501514749422146
0,5,2,18,1,1,8,1,0,2,34,0,1,0,2,6,400,3,4,0,1995,1,4,3,1,7,0,0,1,0,0,0,0,0.46640509334786
10,4,3,6,1,0,10,5,1,1,41,1,4,1,5,13,400,3,5,0,1995,1,4,3,0,7,0,0,1,0,0,0,0,0.09003526793434938
0,1,1,17,1,1,0,1,1,1,39,0,2,1,0,6,400,1,5,0,1995,2,4,3,2,7,3,0,1,0,0,0,0,0.04301921504960778
5,2,5,17,1,6,5,2,1,1,46,0,2,1,0,11,400,4,6,0,1995,2,4,3,1,7,0,0,1,0,0,0,0,0.07741177021255093
4,4,6,13,0,5,3,2,1,1,39,0,0,0,0,1,400,2,5,0,1995,0,4,3,0,7,3,0,1,0,0,0,1,0.6090104792649599
3,3,4,9,1,0,3,3,1,1,26,0,2,1,1,9,400,1,4,0,1996,2,4,3,3,7,0,0,1,0,0,0,0,0.04314374875549021
6,3,2,13,1,5,5,1,1,2,28,0,2,1,0,1,400,3,4,0,1994,2,4,3,2,6,1,0,1,0,0,0,0,0.058723489165923085
11,3,3,11,1,1,11,3,1,1,44,0,0,0,5,16,400,1,5,0,1996,0,4,3,0,7,1,0,1,0,0,0,1,0.5661267027138279
10,3,4,9,1,5,10,4,1,1,29,0,1,0,1,10,400,4,4,0,1995,1,4,3,0,6,3,0,1,0,0,0,1,0.5301380519387549
7,1,3,15,1,0,7,2,1,1,43,0,1,0,0,9,700,2,5,0,1995,1,4,3,1,7,1,0,1,0,0,0,1,0.5747920584701166
0,3,3,13,1,4,8,3,0,1,63,1,0,0,0,16,400,4,7,0,1994,0,4,3,0,5,0,0,1,0,0,0,0,0.08944035977948403
5,1,3,13,0,1,5,1,1,1,45,1,1,0,1,6,400,4,5,0,1995,1,4,3,1,7,1,0,1,0,0,0,0,0.07729143767410943
8,4,1,6,1,5,6,2,1,2,19,1,4,1,5,11,400,1,2,0,1994,1,4,3,0,5,0,0,1,0,0,0,0,0.11482386845864395
11,3,4,5,0,4,11,3,1,1,36,1,2,1,2,6,400,3,5,0,1994,2,4,3,1,7,1,0,1,0,0,0,0,0.014698954563376991
10,1,5,6,1,6,10,1,1,1,26,0,1,0,0,16,400,3,4,0,1996,1,4,3,0,7,3,0,1,0,0,1,0,0.4516349903734366
7,4,0,13,1,4,0,2,1,1,32,1,0,0,4,11,400,2,4,0,1994,0,4,3,1,5,0,0,1,0,0,0,0,0.12242925631606179
1,4,0,6,1,1,1,5,1,1,41,0,0,0,1,7,400,4,5,0,1994,0,4,3,1,7,1,4,2,0,0,0,1,0.6229212445475762
0,3,1,17,1,1,0,4,1,1,38,0,2,1,1,14,400,2,5,0,1995,2,4,3,2,7,3,0,1,0,0,0,0,0.07210006579150915
5,1,2,6,1,1,5,1,1,1,26,0,0,0,0,6,400,1,4,0,1995,0,4,3,0,7,1,0,1,0,0,0,1,0.6868183661713
1,1,2,13,1,4,1,3,1,1,76,0,1,0,0,1,700,2,8,0,1994,1,4,3,1,8,3,0,1,0,0,0,0,0.23981813781324704
0,3,4,6,1,1,0,4,0,1,55,0,2,1,0,13,400,1,6,0,1996,2,4,3,2,6,2,0,1,0,0,1,0,0.009289938755621539
4,1,6,6,1,6,4,1,1,1,45,0,2,1,0,6,400,3,5,0,1994,2,4,3,3,7,0,0,1,0,0,0,0,0.03708401630141714
3,3,6,17,1,4,7,1,1,1,37,0,1,0,0,15,400,2,5,0,1994,1,4,3,1,7,1,0,1,0,0,0,1,0.5463847339399922
3,1,2,17,1,1,3,3,1,1,47,0,2,1,1,4,400,4,6,0,1995,2,4,3,3,8,1,0,1,0,0,0,0,0.06232364174271577
10,4,1,6,1,4,10,4,1,1,23,0,1,0,4,1,400,2,3,0,1995,1,2,2,0,5,0,0,1,0,0,0,1,0.5654576862909851
9,4,3,2,1,1,9,4,1,1,39,0,2,1,2,3,400,4,5,0,1995,2,4,3,1,7,3,0,1,0,0,0,0,0.03476139964702641
10,2,4,0,1,1,10,3,1,1,64,0,1,0,1,14,400,4,7,0,1994,1,4,3,2,8,0,0,1,0,0,0,0,0.3870018304749718
6,1,0,17,1,0,6,1,1,1,28,0,2,1,0,1,500,3,4,0,1996,2,4,3,2,7,3,3,1,0,0,0,0,0.035603955141478835
4,1,1,17,1,0,4,2,1,1,49,0,0,0,0,10,400,4,6,0,1994,0,4,3,1,8,2,0,1,0,0,0,1,0.5797898562882213
8,5,3,17,1,1,8,5,1,1,45,0,1,0,0,6,400,3,5,0,1995,1,4,3,3,7,0,0,1,0,0,0,1,0.5081138126343827
4,1,3,5,1,1,4,1,1,2,35,0,2,1,5,9,400,1,4,0,1995,2,4,3,1,6,0,0,1,0,0,0,0,0.048226023729081975
0,3,4,13,1,6,0,4,0,2,62,0,2,1,0,11,400,1,7,0,1994,2,4,3,1,7,0,0,1,0,0,0,0,0.034796223239164
6,3,5,13,1,5,6,3,0,2,40,1,2,1,0,7,400,3,5,1,1995,2,4,3,2,8,3,0,1,0,0,0,0,0.014828650712806727
10,2,2,13,1,5,10,3,0,1,36,0,2,1,0,5,400,4,5,0,1994,2,4,3,2,7,0,0,1,0,0,0,0,0.04154930214351134
3,1,0,6,1,1,3,1,1,2,32,0,2,1,0,8,400,3,4,0,1995,2,4,3,3,7,1,0,1,0,0,0,0,0.022342928407010666
6,1,4,9,1,6,6,5,0,1,29,0,2,1,1,4,400,4,4,0,1996,2,4,3,1,7,0,0,1,0,0,0,0,0.055362002370797685
3,2,0,6,1,5,3,3,0,1,47,1,4,1,5,12,400,3,6,0,1994,1,4,3,0,8,0,0,1,0,0,0,0,0.1235938173252083
6,4,1,13,1,0,5,1,1,1,54,1,0,0,0,16,400,1,6,0,1994,0,4,3,0,7,3,0,1,0,0,0,0,0.0734093090520611
1,4,2,13,1,1,1,5,1,2,26,0,1,0,0,11,400,3,4,0,1995,1,4,3,2,7,0,0,1,0,0,0,0,0.4890963534105225
3,4,2,9,1,6,7,1,1,2,31,1,1,0,1,14,700,3,4,0,1996,1,4,3,0,7,3,0,1,0,0,0,0,0.15384522462716477
11,1,5,6,1,5,11,2,1,1,40,0,0,0,0,16,400,4,5,0,1995,0,4,3,0,7,1,0,1,0,0,0,1,0.5821975721512559
5,2,3,9,1,0,5,5,1,1,74,0,2,1,0,15,400,4,8,0,1994,2,4,3,1,8,0,0,1,0,0,0,0,0.019939559311299086
0,2,3,6,1,5,0,2,1,2,28,1,1,0,0,9,400,3,4,0,1994,1,4,3,1,6,3,0,1,0,0,0,0,0.07769320181837391
11,4,6,13,1,5,11,5,0,2,30,0,1,0,0,16,400,1,4,0,1994,1,4,3,2,5,3,0,1,0,0,0,0,0.35478499025104027
11,4,3,9,1,6,10,1,1,1,32,1,0,0,0,2,400,3,4,0,1995,0,4,3,2,6,2,0,1,0,0,0,0,0.09586464141193721
11,1,1,0,1,0,11,2,1,2,41,0,0,0,5,7,400,4,5,0,1994,0,4,3,1,7,2,0,1,0,0,0,0,0.4521027902573633
7,5,6,17,1,4,7,5,0,2,18,0,0,0,4,7,400,4,2,0,1994,0,4,3,2,4,3,0,1,0,0,0,0,0.4522192633194282
7,3,6,9,1,1,8,4,0,2,30,0,2,1,0,12,400,2,4,0,1995,2,4,3,0,5,0,0,1,0,0,0,0,0.032335835380733674
8,3,0,9,1,6,8,4,1,1,36,0,1,0,0,14,400,4,5,0,1996,1,4,3,0,7,1,0,1,0,0,0,1,0.5664086492022902
6,2,5,13,1,1,6,2,1,1,65,0,0,0,5,12,400,2,7,0,1995,0,4,3,1,8,3,0,1,0,0,0,1,0.5207319084985502
4,5,0,17,1,5,3,1,1,2,30,0,0,0,0,10,400,4,4,0,1996,0,4,3,2,6,0,0,1,0,0,0,1,0.6460453875126033
0,1,3,13,1,5,0,4,1,1,27,0,1,0,0,10,500,2,4,0,1994,1,4,3,1,6,0,3,1,0,0,0,1,0.5120380293245249
6,4,5,13,1,6,6,4,1,2,45,0,1,0,1,3,700,3,5,0,1996,1,4,3,0,8,0,0,1,0,0,0,0,0.43706205892369887
6,4,3,6,1,6,5,3,0,1,43,0,0,0,0,2,400,2,5,0,1994,0,4,3,2,7,1,0,1,0,0,0,1,0.6390558433496126
5,3,1,9,1,5,11,2,0,1,40,1,2,1,0,7,400,3,5,0,1994,2,0,3,0,7,0,0,1,0,0,0,0,0.03163475292161294
5,2,5,17,1,6,5,4,1,1,55,1,0,0,0,12,400,1,6,0,1994,0,4,3,0,7,0,0,1,0,0,0,0,0.10838764831725217
0,3,3,17,1,0,0,4,0,2,26,1,0,0,4,6,400,4,4,0,1996,0,4,3,2,6,3,0,1,0,0,0,0,0.06648753973312198
8,2,6,13,1,6,8,2,1,1,39,0,2,1,1,14,400,2,5,0,1994,2,4,3,2,7,3,0,1,0,0,0,0,0.04304582251523373
11,2,1,6,1,1,11,2,1,2,33,1,1,0,0,2,400,1,4,0,1995,1,4,3,2,6,3,0,1,0,0,0,0,0.0916806514846959
8,4,6,9,1,6,8,4,1,1,64,1,0,0,1,16,400,1,7,0,1995,0,4,3,0,8,3,0,1,0,0,0,0,0.05467005781959018
5,2,4,13,1,0,1,1,1,1,31,0,1,0,2,13,400,3,4,0,1996,1,4,3,0,7,0,0,1,0,0,0,1,0.592691683026924
4,1,2,9,1,1,0,2,1,1,64,0,0,0,0,9,400,1,7,0,1995,0,4,3,0,8,1,0,1,0,0,0,1,0.5764377025179475
0,3,6,13,1,4,8,2,1,1,32,0,0,0,0,2,400,4,4,0,1994,0,4,3,1,6,3,0,1,0,0,1,1,0.7087774993749133
7,4,5,13,1,0,0,1,1,2,31,0,1,0,1,4,400,3,4,0,1996,1,4,3,2,7,0,0,1,0,0,0,1,0.5163662306895929
11,4,4,2,1,5,9,3,1,2,45,0,2,1,1,11,400,3,5,1,1996,2,4,3,2,7,2,0,1,0,0,0,0,0.03762610403407847
11,1,2,18,0,1,11,1,1,2,26,1,2,1,2,14,400,1,4,0,1995,2,4,3,2,7,3,0,1,0,0,0,0,0.015840481414880613
6,1,4,6,1,0,6,1,1,1,60,0,2,1,0,5,400,2,7,0,1995,2,4,3,1,8,0,0,1,0,0,0,0,0.031881235260634015
7,1,4,6,1,0,7,1,0,1,37,0,2,1,0,5,400,3,5,0,1995,2,4,3,3,8,0,0,1,0,0,0,0,0.026336466327428268
6,5,4,13,1,1,11,2,0,2,27,0,1,0,1,16,400,2,4,0,1996,1,4,3,1,7,1,0,1,0,0,0,1,0.5176394643283821
11,4,5,13,1,5,11,4,1,1,52,1,0,0,0,12,400,4,6,0,1996,0,4,3,2,8,1,0,1,0,0,0,0,0.07716605231736126
2,2,6,9,1,6,2,2,1,1,41,0,1,0,1,1,400,3,5,1,1996,1,4,3,2,7,2,0,1,0,0,0,0,0.44715993899516193
7,2,0,13,1,1,7,3,1,1,55,1,2,1,1,15,400,3,6,0,1995,2,4,3,1,8,0,0,1,0,0,0,0,0.015920750315478828
1,4,2,9,1,5,1,5,1,1,41,0,2,1,0,16,400,3,5,0,1994,2,4,3,1,7,0,0,1,0,0,0,0,0.05181222466982104
4,5,3,6,1,4,3,1,1,1,64,0,1,0,0,6,400,4,7,0,1995,1,4,3,2,8,0,0,1,0,0,0,1,0.5145409434810374
6,3,2,9,1,5,6,3,1,1,27,0,0,0,0,5,400,1,4,0,1996,0,4,3,1,6,0,0,1,0,0,1,1,0.6872886810267518
9,3,6,9,1,4,9,3,1,1,26,0,1,0,0,1,400,3,4,0,1994,1,4,3,3,7,1,0,1,0,0,0,0,0.41422126330667025
11,3,1,2,1,6,11,4,1,1,42,0,1,0,0,8,400,3,5,0,1994,1,4,3,3,8,1,2,1,0,0,0,0,0.4106719130253925
6,5,6,6,1,6,6,5,1,1,68,0,2,1,0,16,400,2,8,0,1996,2,4,3,2,8,2,0,1,0,0,0,0,0.032045563719288996
3,4,2,13,1,1,3,4,1,2,29,0,2,1,1,10,400,2,4,0,1994,2,4,3,2,7,1,0,1,0,0,0,0,0.061567062856733745
9,4,0,17,1,5,9,5,1,1,35,0,1,0,0,5,400,4,4,0,1996,1,4,3,2,6,0,0,1,0,0,1,0,0.49201655804574396
5,5,1,6,1,6,1,1,1,1,41,0,1,0,0,7,400,3,5,0,1994,1,4,3,1,5,2,0,1,0,0,0,1,0.5433196539052467
4,2,3,13,1,0,0,2,0,2,30,0,2,1,0,7,400,2,4,0,1995,2,4,3,0,6,1,0,1,0,0,0,0,0.02905290730824093
4,4,6,13,1,4,4,4,1,2,26,0,2,1,0,11,400,3,4,0,1995,2,4,3,0,6,0,4,2,0,0,0,0,0.04851233796787631
6,1,3,2,1,1,6,1,1,2,27,1,2,1,0,5,400,3,4,0,1995,2,4,3,2,7,1,0,1,0,0,0,0,0.01259028763198065
3,4,5,13,1,6,3,4,0,2,28,0,2,1,0,3,400,3,4,0,1995,2,4,3,2,5,0,0,1,0,0,0,0,0.12546246852756263
2,3,0,13,1,5,2,4,0,3,59,1,0,0,1,3,400,2,7,0,1995,0,4,3,1,8,3,0,1,0,0,0,0,0.05140379682390028
5,1,6,2,1,5,5,2,1,1,26,1,0,0,4,3,400,1,4,0,1995,0,4,3,1,7,0,0,1,0,0,0,0,0.0811956271438861
7,3,0,6,1,0,0,1,0,2,32,1,0,0,0,7,400,4,4,0,1996,0,4,3,0,5,0,0,1,0,0,0,0,0.05527760359878088
0,3,4,2,1,1,0,4,1,1,63,0,0,0,1,14,400,3,7,0,1996,0,4,3,2,8,0,0,1,0,0,0,0,0.4953750112962264
2,2,2,9,1,4,2,4,1,1,45,0,2,1,0,8,400,2,5,0,1995,2,4,3,1,7,1,0,1,0,0,0,0,0.07475005628890682
0,2,5,17,1,5,0,2,1,1,60,0,2,1,1,1,400,2,7,0,1996,2,4,3,3,8,2,0,1,0,0,0,0,0.04743425253541942
11,3,6,9,1,0,11,4,1,1,30,0,1,0,5,13,400,2,4,0,1996,1,4,3,0,6,1,0,1,0,0,1,1,0.5349957195589803
10,4,1,6,1,4,10,4,1,1,30,1,1,0,0,4,400,1,4,0,1994,1,4,3,1,6,0,0,1,0,0,0,0,0.07221270296971294
2,1,3,6,1,5,2,1,0,1,43,1,0,0,0,16,400,4,5,0,1994,0,4,3,0,7,3,0,1,0,0,0,0,0.08898173867078508
7,1,0,17,1,6,7,3,1,1,26,0,1,0,0,16,400,1,4,0,1995,1,4,3,2,4,0,0,1,0,0,0,1,0.5176912933076757
4,1,1,6,1,1,4,1,1,1,38,1,0,0,0,2,400,3,5,0,1994,0,4,3,0,7,3,0,1,0,0,0,0,0.09692503793234833
5,1,6,0,1,5,5,2,1,1,43,1,1,0,1,13,400,4,5,0,1996,1,4,3,0,8,2,0,1,0,0,0,0,0.08333060658593805
4,3,4,9,1,0,4,3,0,1,26,0,0,0,0,7,400,4,4,0,1995,0,4,3,0,7,0,0,1,0,0,0,1,0.6493941731640754
3,1,0,13,1,0,3,1,0,1,49,0,2,1,0,14,400,2,6,1,1994,2,4,3,3,7,3,0,1,0,0,0,0,0.017168514536302883
9,5,1,13,1,6,4,2,1,1,57,1,0,0,0,14,400,4,7,0,1995,0,4,3,0,8,0,0,1,0,0,0,0,0.072571031872668
5,4,2,15,0,1,5,4,1,1,38,0,1,0,1,9,400,3,5,0,1994,1,4,3,2,7,3,0,1,0,0,0,1,0.5423641731302876
0,5,3,6,1,4,8,1,0,1,32,0,2,1,0,15,400,3,4,0,1995,2,4,3,3,6,2,0,1,0,0,0,0,0.022484494825949677
7,1,3,6,1,6,7,3,1,2,19,0,4,1,5,8,400,1,2,0,1994,1,4,3,0,3,0,0,1,0,0,1,1,0.6596066094676213
4,2,0,2,1,6,4,3,1,2,27,1,2,1,1,9,400,1,4,0,1994,2,4,3,3,6,3,0,1,0,0,0,0,0.018051109439865504
9,3,4,13,1,0,9,3,1,1,30,0,1,0,1,14,400,1,4,0,1996,1,4,3,2,7,3,0,1,0,0,0,0,0.47574899455552355
0,4,0,13,1,5,0,4,1,1,46,0,6,2,2,4,400,1,6,0,1995,0,4,3,2,7,0,0,1,0,0,0,0,0.3866909480628615
9,1,4,6,1,4,9,1,1,1,51,0,2,1,5,6,400,2,6,0,1995,2,4,3,1,8,2,0,1,0,0,0,0,0.06437785650340856
9,4,0,2,1,1,9,4,1,2,58,1,1,0,1,3,400,4,7,0,1996,1,4,3,0,7,1,4,2,0,0,0,0,0.0884156100170908
0,5,0,2,0,4,8,2,1,1,38,0,2,1,1,11,400,2,5,0,1995,2,4,3,0,8,0,0,1,0,0,0,0,0.07974987611910374
11,3,3,2,1,4,10,1,1,2,39,0,6,2,5,13,400,4,5,0,1995,0,4,3,2,7,2,0,1,0,0,0,0,0.3887423226141957
3,4,0,5,1,0,3,4,1,1,58,0,2,1,3,12,400,3,7,0,1995,2,4,3,2,8,3,0,1,0,0,0,0,0.03727579333471191
4,1,4,15,0,1,4,4,1,1,45,0,2,1,1,14,400,3,5,0,1995,2,4,3,2,7,2,0,1,0,0,0,0,0.03499926296984529
0,4,4,6,1,5,0,4,1,1,36,0,1,0,1,7,400,1,5,0,1994,1,4,3,2,8,0,0,1,0,0,0,1,0.6089613485431249
1,3,3,17,0,4,1,3,1,1,35,0,1,0,0,13,400,3,4,0,1994,1,4,3,1,6,0,0,1,0,0,1,1,0.5523399439009101
4,4,5,13,1,5,4,4,1,1,46,0,1,0,0,9,400,3,6,0,1996,1,4,3,0,8,0,0,1,0,0,0,1,0.5275294243747084
10,5,3,5,1,1,9,1,1,2,37,1,1,0,1,11,400,4,5,0,1996,1,4,3,1,8,3,0,1,0,0,0,0,0.06700641480079408
1,1,3,17,1,1,1,2,1,1,32,0,2,1,0,12,400,1,4,0,1995,2,4,3,2,5,0,0,1,0,0,0,0,0.04699204885525388
9,4,5,13,0,4,9,4,1,1,35,0,2,1,1,16,400,1,4,0,1996,2,4,3,1,7,2,0,1,0,0,0,0,0.024824595408537577
2,2,0,2,1,0,2,3,1,1,34,0,1,0,0,6,400,4,4,0,1996,1,4,3,2,7,3,0,1,0,0,0,1,0.5257572300533108
1,1,0,13,1,5,1,2,0,2,31,0,2,1,1,16,400,3,4,0,1994,2,4,3,3,6,3,0,1,0,0,0,0,0.020855772865845883
3,1,6,9,0,4,3,1,1,1,65,0,0,0,5,9,400,2,7,0,1995,0,4,3,1,8,0,0,1,0,0,0,1,0.5325637356016558
11,3,3,2,1,6,11,3,0,1,33,0,2,1,0,13,400,3,4,0,1996,2,4,3,0,5,0,0,1,0,0,0,0,0.11392810828857075
11,3,1,9,0,4,10,1,1,1,48,0,1,0,0,16,400,4,6,0,1996,1,4,3,0,8,1,0,1,0,0,0,0,0.43534166753024395
8,1,1,6,1,5,8,1,1,1,39,0,1,0,0,5,400,4,5,0,1996,1,4,3,1,7,3,0,1,0,0,1,1,0.5267696868391148
10,5,5,2,1,4,9,1,1,1,37,0,1,0,0,14,400,2,5,0,1996,1,4,3,0,7,1,0,1,0,0,0,1,0.5116659131167887
3,5,5,6,1,1,7,2,0,1,32,0,1,0,0,5,400,1,4,0,1994,1,4,3,2,5,0,0,1,0,0,0,0,0.4860727805212015
9,2,0,6,1,1,9,3,1,2,16,1,0,0,4,10,400,1,0,0,1994,0,4,3,0,8,2,0,1,1,0,0,0,0.03772305498379781
9,2,6,9,1,4,9,2,1,1,30,1,1,0,1,14,400,1,4,0,1995,1,4,3,1,7,1,0,1,0,0,0,0,0.08452222916016291
2,4,1,13,1,1,4,1,1,2,35,0,1,0,0,4,400,3,4,0,1996,1,4,3,1,7,3,2,1,0,0,0,0,0.4708351597462921
5,3,5,6,1,6,5,4,0,2,31,0,1,0,0,16,400,4,4,0,1995,1,4,3,0,6,0,0,1,0,0,0,0,0.4898163997255236
2,5,2,2,1,6,4,1,1,2,31,0,0,0,5,12,400,4,4,0,1995,0,4,3,3,6,0,0,1,1,0,0,0,0.4450213230191241
4,5,0,13,0,5,3,1,0,1,52,1,0,0,0,9,400,4,6,0,1995,0,4,3,0,7,0,0,1,0,0,0,0,0.08301046002168362
8,4,2,2,1,1,8,4,1,1,52,0,2,1,2,3,400,1,6,0,1994,2,4,3,2,8,3,0,1,0,0,0,0,0.08799073780949308
2,4,3,9,1,4,2,5,1,2,29,0,2,1,0,13,400,1,4,0,1996,2,4,3,2,6,3,0,1,0,0,0,0,0.027307825253799108
11,3,4,9,1,0,11,3,1,1,26,1,1,0,0,8,400,4,4,0,1995,1,4,3,0,6,1,0,1,0,0,0,0,0.09378475310088408
2,3,5,5,1,1,4,5,1,1,46,0,0,0,1,3,400,4,6,0,1995,0,0,3,0,7,0,0,1,0,0,0,0,0.48368248988775603
2,5,0,17,1,5,4,1,1,1,58,0,0,0,5,16,400,3,7,0,1995,0,4,3,2,8,0,0,1,0,0,0,0,0.4945244367268245
4,1,1,17,1,1,4,2,1,1,77,0,0,0,5,7,400,3,8,0,1995,0,4,3,0,8,1,0,1,0,0,0,0,0.4520208701423653
5,1,1,13,1,1,5,2,1,1,49,0,2,1,1,2,400,4,6,0,1995,2,4,3,2,8,3,0,1,0,0,0,0,0.055434634232394406
2,3,1,9,1,5,3,1,0,2,30,0,2,1,0,7,400,2,4,0,1995,2,4,3,3,6,0,0,1,0,0,0,0,0.044872723802863675
5,3,1,13,1,5,5,3,1,1,61,0,0,0,0,10,400,1,7,0,1995,0,4,3,1,8,3,0,1,0,0,0,1,0.5632525959519308
6,4,1,17,1,1,6,4,1,2,29,0,2,1,0,14,400,4,4,0,1996,2,4,3,0,3,0,0,1,0,0,0,0,0.035242480623758426
7,2,6,17,1,0,7,2,0,1,38,1,0,0,5,15,400,4,5,0,1996,0,4,3,1,6,0,0,1,0,0,0,0,0.09802319064810075
6,2,2,17,1,6,6,3,1,2,30,0,2,1,0,12,400,2,4,0,1996,2,4,3,1,6,1,0,1,0,0,0,0,0.10438858301355798
2,4,4,5,1,4,2,5,1,1,38,0,0,0,2,6,400,3,5,0,1996,0,4,3,2,8,2,0,1,0,0,0,1,0.5636420227699361
9,4,6,0,1,6,2,3,1,1,55,0,1,0,0,5,400,2,6,0,1995,1,4,3,2,6,1,0,1,0,0,0,0,0.4990343003980425
1,3,1,13,1,5,11,2,1,2,31,0,0,0,0,1,400,4,4,0,1994,0,4,3,3,7,0,0,1,0,0,0,1,0.635742849058854
5,3,6,6,1,6,1,1,0,2,35,0,2,1,1,2,400,4,4,0,1995,2,4,3,3,6,2,0,1,0,0,0,0,0.045786126501034224
11,4,5,17,1,6,10,1,1,2,21,1,1,0,0,8,400,3,3,0,1995,1,4,3,2,5,0,0,1,0,0,0,0,0.06473719905704729
0,3,1,17,1,4,0,3,1,1,58,1,0,0,4,1,400,1,7,0,1996,0,4,3,0,8,1,0,1,0,0,0,0,0.0580012971829317
9,2,1,17,1,1,9,2,1,2,40,1,0,0,0,12,400,4,5,0,1995,0,4,3,0,7,3,0,1,0,0,0,0,0.09554290555228928
7,1,6,2,0,5,7,3,1,1,44,1,2,1,5,12,400,3,5,0,1995,2,4,3,2,7,0,0,1,0,0,0,0,0.027051702351721035
7,5,4,17,1,2,0,1,0,2,30,0,1,0,0,12,400,1,4,0,1995,1,4,3,2,5,2,0,1,0,0,0,0,0.4686942963865118
0,4,2,17,0,5,0,4,0,2,34,0,0,0,0,7,400,1,4,0,1994,0,4,3,1,6,2,4,2,0,0,1,1,0.5007934543813977
1,2,6,0,1,6,1,2,1,1,38,0,1,0,1,9,400,2,5,0,1996,1,4,3,0,8,0,0,1,0,0,0,1,0.5785742664981907
11,1,5,2,1,5,11,1,1,1,48,0,1,0,1,5,400,1,6,0,1996,1,4,3,1,8,0,0,1,0,0,0,0,0.49462099199356074
11,4,0,9,1,6,11,4,1,1,63,0,1,0,0,15,400,4,7,0,1994,1,4,3,1,8,2,0,1,0,0,0,0,0.286041283053047
1,3,0,6,1,0,11,1,1,1,46,0,2,1,1,14,400,2,6,0,1996,2,4,3,3,7,3,0,1,0,0,0,0,0.042078131129405685
0,1,5,13,1,6,0,1,1,2,46,1,0,0,0,8,400,4,6,0,1994,0,4,3,0,7,0,0,1,0,0,0,0,0.09427097246271408
0,4,3,13,1,5,0,4,1,2,35,0,2,1,0,11,400,4,4,0,1995,2,4,3,0,6,1,0,1,0,0,0,0,0.07418919426418866
4,2,1,13,1,5,4,2,1,1,32,0,1,0,4,5,400,3,4,0,1995,1,4,3,3,6,3,0,1,0,0,1,0,0.49690430934000335
8,3,0,13,1,6,6,1,1,2,25,0,1,0,0,15,400,4,3,0,1994,1,4,3,1,5,1,0,1,0,0,0,1,0.5071654600369364
2,3,0,6,1,5,2,3,1,1,39,0,2,1,1,13,400,2,5,0,1995,2,4,3,0,7,1,0,1,0,0,0,0,0.05945483668253421
3,4,4,13,1,1,0,3,1,1,32,0,0,0,0,15,400,3,4,0,1994,0,4,3,0,7,0,0,1,0,0,1,1,0.7169564696254186
3,4,1,13,1,1,3,4,0,1,46,0,2,1,1,1,400,1,6,0,1995,2,4,3,2,8,1,0,1,0,0,0,0,0.039104235172970306
3,3,1,17,0,0,3,3,1,1,80,0,0,0,4,10,400,3,8,0,1994,0,4,3,1,7,0,0,1,0,0,0,0,0.4884148208423118
6,3,3,17,0,1,6,3,0,2,57,1,0,0,4,8,400,4,7,0,1994,0,4,3,0,7,0,0,1,0,0,0,0,0.08638817306362218
4,4,0,2,1,4,4,4,1,2,28,1,0,0,0,14,400,2,4,0,1994,0,4,3,2,6,0,0,1,0,0,0,0,0.13246240296726752
2,5,2,13,0,6,4,1,1,1,34,0,1,0,0,12,400,2,4,0,1995,1,4,3,2,5,1,0,1,0,0,1,1,0.5397483790382449
6,2,5,2,1,4,6,2,1,1,36,0,0,0,5,11,400,2,5,0,1995,0,4,3,0,7,0,0,1,0,0,0,1,0.6906394373363249
1,1,4,13,1,0,1,1,1,1,28,0,1,0,0,5,400,4,4,0,1994,1,4,3,0,6,1,0,1,1,0,0,0,0.4762503674326284
11,1,3,2,1,5,11,2,1,1,45,0,2,1,1,4,400,1,5,0,1996,2,4,3,2,8,3,0,1,0,0,0,0,0.08732091571107387
0,2,1,2,1,4,0,3,1,2,42,1,0,0,5,6,400,2,5,0,1996,0,4,3,1,7,1,0,1,0,0,0,0,0.10845701873115582
1,4,5,2,1,5,11,1,1,1,33,1,1,0,0,11,400,3,4,0,1995,1,4,3,0,7,1,0,1,0,0,0,0,0.06559081634398957
11,4,0,17,1,6,10,4,0,2,23,0,0,0,4,9,400,1,3,0,1996,0,4,3,0,3,3,0,1,0,0,0,0,0.4401606980015254
8,5,2,13,1,6,6,1,1,1,64,0,0,0,1,11,400,1,7,0,1995,0,4,3,0,6,0,0,1,0,0,0,1,0.598952361883145
0,3,2,6,1,5,0,4,1,1,45,1,1,0,0,13,400,2,5,0,1996,1,4,3,0,7,1,0,1,0,0,0,0,0.08181344140548219
2,2,6,2,1,0,2,5,1,1,62,0,6,2,5,9,400,2,7,0,1994,0,4,3,1,8,2,0,1,0,0,0,0,0.33554631452814687
5,1,2,6,1,5,4,1,1,2,16,0,0,0,5,6,400,3,0,0,1996,0,4,3,0,0,0,0,1,0,0,0,1,0.5253438757655386
3,4,1,13,1,4,3,4,0,2,46,0,2,1,0,7,400,4,6,0,1996,2,4,3,2,8,0,0,1,0,0,0,0,0.04156469602827037
10,4,4,9,1,4,10,4,0,1,45,1,2,1,1,3,400,1,5,0,1996,2,4,3,2,7,0,0,1,0,0,0,0,0.014455689987099098
0,2,1,6,1,4,0,4,1,1,27,0,1,0,5,11,400,2,4,0,1996,1,4,3,0,6,2,0,1,0,0,0,1,0.5425190015340727
4,1,5,17,1,5,4,1,1,1,57,1,0,0,0,5,400,3,7,0,1996,0,4,3,0,6,3,0,1,0,0,0,0,0.059246399948645195
3,3,1,13,0,5,3,4,1,1,38,0,0,0,1,12,400,4,5,0,1995,0,4,3,1,7,3,0,1,0,0,1,1,0.5998084312186208
6,1,3,13,0,4,6,5,1,2,60,0,0,0,0,7,400,2,7,0,1994,0,4,3,0,8,3,0,1,0,0,0,1,0.5604092849810958
10,3,5,6,1,5,10,4,1,1,38,0,2,1,0,7,400,3,5,0,1994,2,4,3,0,7,0,0,1,0,0,0,0,0.08482670440064656
0,4,6,17,1,5,8,1,1,1,37,0,2,1,1,14,400,4,5,0,1996,2,4,3,1,8,3,4,2,0,0,0,0,0.03726572197357641
3,2,5,13,1,5,7,1,1,2,39,0,2,1,1,7,400,2,5,0,1996,2,4,3,3,7,0,0,1,0,0,0,0,0.05253050586879463
8,5,5,2,1,6,6,1,1,1,41,0,2,1,1,6,400,1,5,0,1994,2,4,3,2,7,1,0,1,0,0,0,0,0.09287910553461337
9,2,1,17,1,1,9,2,1,2,32,0,2,1,0,3,400,3,4,0,1996,2,4,3,2,5,1,0,1,0,0,0,0,0.04275272426857426
3,1,1,17,0,1,3,1,1,1,41,1,0,0,4,7,400,1,5,0,1994,0,4,3,0,7,1,0,1,0,0,0,0,0.11535536924839657
4,4,5,9,1,0,4,4,1,1,38,0,1,0,1,1,400,1,5,0,1996,1,4,3,2,8,3,0,1,0,0,0,1,0.5241751142132314
9,3,0,6,1,5,9,4,1,1,40,1,1,0,0,6,400,3,5,0,1995,1,4,3,0,7,0,0,1,0,0,0,0,0.09267486479167786
11,4,0,13,1,5,11,4,1,2,24,0,1,0,0,1,400,3,3,0,1996,1,4,3,0,5,0,0,1,0,0,1,1,0.5522487692909384
10,2,0,17,1,0,10,2,1,1,28,0,0,0,0,7,400,2,4,0,1996,0,4,3,0,5,0,0,1,0,0,0,1,0.6657471920408551
5,2,1,17,1,5,5,2,1,1,58,0,2,1,5,16,400,3,7,0,1994,2,4,3,3,8,3,4,2,0,0,0,0,0.0620740746913811
7,3,6,2,1,6,7,3,1,1,47,1,8,2,5,9,400,4,6,0,1995,2,4,3,2,8,1,0,1,0,0,0,0,0.05547415719713318
2,4,3,13,1,6,4,2,1,1,35,0,1,0,0,15,500,1,4,0,1994,1,4,3,2,6,3,3,1,0,0,0,1,0.5348398591169904
10,3,3,6,1,1,10,4,1,1,55,0,1,0,0,11,400,3,6,0,1994,1,4,3,1,7,0,0,1,0,0,0,0,0.45909861795108137
4,2,5,9,1,6,4,2,0,1,38,1,2,1,0,12,400,2,5,0,1994,2,4,3,2,7,0,0,1,0,0,0,0,0.01638344066351966
1,5,1,13,1,5,1,5,0,2,31,0,2,1,0,16,700,2,4,0,1995,2,4,3,2,7,3,0,1,0,0,0,0,0.013985441312934794
4,1,4,17,1,1,4,3,1,1,46,0,2,1,0,1,500,1,6,0,1996,2,4,3,2,7,3,3,1,0,0,0,0,0.036870304084829955
4,4,0,17,1,0,4,4,1,1,28,1,2,1,0,15,400,1,4,0,1995,2,4,3,2,7,0,4,2,0,0,0,0,0.020575769995700134
6,5,4,2,1,1,5,2,1,1,60,0,0,0,0,9,400,3,7,0,1994,0,4,3,0,8,0,0,1,1,0,0,0,0.45150731221641566
7,2,2,13,1,1,7,4,0,1,26,1,1,0,4,1,400,1,4,0,1995,1,4,3,0,5,0,0,1,0,0,0,0,0.10040792828623488
4,4,0,13,1,0,4,4,1,2,23,0,2,1,0,9,400,2,3,0,1996,2,4,3,2,5,3,0,1,0,0,0,0,0.03565372784990303
0,3,0,13,1,5,0,3,0,1,65,0,0,0,4,1,400,3,7,0,1995,0,4,3,1,7,3,0,1,1,0,0,0,0.33887300574084395
7,1,4,5,1,5,7,2,1,1,36,0,0,0,0,2,400,3,5,0,1995,0,4,3,1,7,1,0,1,0,0,0,1,0.6828329378919562
0,1,5,9,1,5,0,1,0,2,28,1,1,0,0,13,400,2,4,0,1995,1,4,3,2,6,3,0,1,0,0,0,0,0.06719206632779674
8,2,3,2,1,4,8,3,0,2,27,0,1,0,0,15,400,4,4,0,1996,1,4,3,0,6,0,0,1,0,0,1,1,0.51748316428708
0,1,5,17,1,5,0,1,1,1,56,0,2,1,1,8,400,2,7,0,1994,2,4,3,2,8,0,0,1,0,0,0,0,0.043145291206133446
5,5,3,18,1,6,11,1,0,2,27,0,2,1,1,11,400,3,4,0,1994,2,4,3,3,6,1,0,1,0,0,0,0,0.09063755426337487
10,3,4,17,1,4,10,3,1,2,30,0,2,1,0,13,400,2,4,0,1995,2,4,3,2,6,0,0,1,0,0,0,0,0.023439682999316026
10,5,3,13,1,4,9,1,1,1,27,1,2,1,0,11,400,4,4,0,1994,2,4,3,3,6,2,0,1,0,0,0,0,0.009415036084983362
10,5,2,13,1,1,10,5,1,1,46,1,0,0,1,13,400,3,6,0,1996,0,4,3,0,8,3,0,1,0,0,0,0,0.04698366640896877
9,3,2,17,1,6,9,4,1,1,61,1,0,0,0,6,400,3,7,0,1995,0,4,3,1,8,3,0,1,0,0,0,0,0.06339741738076736
2,4,5,6,1,6,2,4,1,1,28,0,2,1,0,8,400,2,4,0,1996,2,4,3,2,5,1,0,1,0,0,0,0,0.054965983475302405
10,2,2,18,1,1,10,3,1,1,46,1,0,0,1,9,400,1,6,0,1996,0,4,3,0,8,3,0,1,0,0,0,0,0.033895784627587675
4,4,0,13,1,1,4,5,1,1,36,0,0,0,0,10,400,1,5,0,1994,0,4,3,1,7,0,0,1,0,0,0,1,0.6922761179833777
2,3,2,5,1,0,2,4,1,1,54,0,2,1,1,14,400,4,6,0,1996,2,4,3,2,8,0,0,1,0,0,0,0,0.029179087527601545
9,2,4,13,1,5,9,5,0,1,47,0,1,0,1,10,400,2,6,0,1994,1,4,3,2,8,3,0,1,0,0,0,0,0.36384623780562747
0,4,2,2,1,6,0,4,1,1,36,0,1,0,1,3,400,1,5,0,1994,1,4,3,3,7,3,4,2,0,0,0,0,0.472522487912476
3,4,5,13,1,6,3,4,1,1,38,0,2,1,1,15,400,4,5,0,1996,2,4,3,0,8,3,0,1,0,0,0,0,0.0688675677212695
10,5,5,13,1,1,9,1,1,2,23,0,1,0,4,1,400,2,3,0,1995,1,0,1,0,5,0,0,1,0,0,0,0,0.4887459113599368
1,3,6,17,1,1,1,4,0,2,28,0,2,1,0,13,400,2,4,0,1995,2,4,3,2,7,2,0,1,0,0,0,0,0.0443339205127649
4,3,3,17,1,5,4,4,1,1,50,0,1,0,0,11,400,4,6,0,1995,1,4,3,2,8,0,0,1,0,0,0,1,0.5577199975144095
2,4,5,9,1,5,2,4,0,1,43,0,2,1,0,6,400,1,5,0,1996,2,4,3,1,8,0,0,1,0,0,0,0,0.040545309024473834
7,2,3,17,1,1,7,2,1,2,47,0,1,0,1,8,400,1,6,0,1996,1,4,3,1,8,0,0,1,0,0,0,1,0.5992598543876481
8,4,5,11,1,4,6,2,1,1,55,0,1,0,0,10,400,1,6,0,1996,1,4,3,1,8,2,0,1,0,0,0,1,0.517188206317407
9,3,4,17,1,1,9,4,1,2,45,0,2,1,1,13,400,4,5,0,1994,2,4,3,3,7,2,0,1,0,0,0,0,0.03252923570050044
10,1,0,17,1,1,10,3,1,1,52,0,1,0,0,9,400,3,6,0,1995,1,4,3,2,7,1,0,1,0,0,0,1,0.5412222633715765
8,1,2,6,1,5,8,2,1,1,30,0,2,1,0,9,400,4,4,0,1994,2,4,3,1,7,2,0,1,0,0,0,0,0.03844941401187488
11,1,6,17,1,1,11,3,1,1,54,0,1,0,2,2,400,3,6,0,1995,1,4,3,1,6,2,0,1,0,0,0,0,0.4596955666029451
9,2,5,2,1,0,9,3,1,1,46,0,1,0,0,11,700,1,6,0,1996,1,4,3,0,8,0,0,1,0,0,1,0,0.43950182788373043
10,1,4,13,1,4,10,1,1,1,37,0,1,0,0,8,400,1,5,0,1994,1,4,3,2,6,0,0,1,0,0,0,0,0.42571091484661333
7,2,0,9,1,5,7,4,1,2,28,0,2,1,0,6,400,2,4,0,1994,2,4,3,3,6,1,0,1,0,0,0,0,0.055965540439267755
